file_id,bls_period,bls_duration,bls_t0,bls_power,bls_depth_ppm,bls_depth_err_ppm,label,activity_class,planet_present,planet_period_days,transit_depth_ppm,planet_radius_earth,star_mass_msun,star_radius_rsun,rotation_period_days,above_threshold,period_match,recovered
1003,3.3445789257746297,0.1,1.4209187494678264,822055.5867108891,91.82232490457268,0.072713919698109,2,mild,1,3.3447,88.5624643903712,1.26852,1.129244454176928,1.2309197169994996,23.34,True,True,True
1359,16.70415947435826,0.15,9.445918749467827,3016322.8862039875,325.32428551216344,0.1330396562549454,3,strong,1,16.6958,426.3047595881882,2.85395,1.1198731309057504,1.2622446115185475,18.23,True,True,True
713,0.6150441534414096,0.25,0.1459187494678261,26956.29475807944,4.500274757449343,0.025293037052308,1,strong,0,,,,0.9582178044779328,0.9049090692431206,16.15,True,False,True
316,0.8019793510166763,0.05,0.7959187494678263,9858.402120518913,6.968755788800146,0.0512610021487247,0,mild,0,,,,1.0941019919100112,1.0032833263319128,34.36,False,False,False
1301,12.66785466952688,0.15,5.3959187494678265,339948.8451471609,94.58341419463964,0.1153865119569403,3,strong,1,12.6726,122.00184883407616,1.43825,1.0812164224121417,1.1890727666689471,15.37,True,True,True
345,0.508832610880018,0.25,0.1459187494678261,17362.68794000513,3.2992754023348634,0.0248487802339215,0,mild,0,,,,1.065988022096431,1.1716799321641116,20.3,True,False,True
442,0.533260570465623,0.25,0.4459187494678262,23541.17161834848,3.44938308205664,0.0248941095060684,1,strong,0,,,,1.016788574922794,0.9284620153149762,12.34,True,False,True
787,23.060189099853947,0.15,8.745918749467826,1723828.9382077472,283.157359341405,0.1530070776973354,2,mild,1,23.062,245.7929367994159,1.46938,0.903161280259804,0.8558677871759652,26.74,True,True,True
332,0.5268080479284866,0.25,0.3959187494678262,14521.499474235516,3.074251895138782,0.0248782688075406,0,mild,0,,,,1.0683308529142723,1.1266816925875762,34.81,False,False,False
1131,14.956276361315798,0.15,7.495918749467827,112201.22570860464,59.21391984486329,0.1256218943859993,3,strong,1,14.9604,81.91664435705867,1.03917,1.000388759198233,1.0484742760947012,8.23,True,True,True
519,0.5232060063261202,0.15,0.2459187494678262,13909.065153459638,3.869377604991579,0.0274694318835331,1,strong,0,,,,0.9219039268021187,0.973557061833379,21.09,False,False,False
189,0.6602604594245417,0.1,0.2209187494678262,11959.354419353407,4.925274144068127,0.0345863488749831,0,mild,0,,,,1.1936723016662756,1.4042675752221547,30.36,False,False,False
1092,11.181390564082683,0.15,2.7959187494678264,645518.6963915396,121.8175285493614,0.1079382877348235,2,mild,1,11.1822,150.29230573510242,1.86912,1.194843717075173,1.39227834020187,20.71,True,True,True
1388,23.70975135545263,0.25,9.645918749467826,7487627.696528856,476.33791470522567,0.123723175277265,3,strong,1,23.7131,768.6064730262117,3.61394,0.9781318664291856,1.1903815171925896,21.13,True,True,True
958,35.31537682763167,0.25,14.545918749467829,2072247.6052154168,293.8429005732638,0.1448751392411729,2,mild,1,35.2966,581.856153368963,2.81699,0.9816461126558772,1.0664358727861625,29.36,True,True,True
432,0.5085081331806853,0.25,0.2459187494678262,53725.268299892974,5.807395565282198,0.024848651191252,1,strong,0,,,,1.0812164224121417,1.2007405391058144,21.95,True,False,True
1037,15.84800202861188,0.25,8.395918749467826,26668177.76007473,723.1220134085086,0.0998033593156288,2,mild,1,15.8425,801.7859947583567,3.50834,1.0542738680075054,1.1314352315176643,21.67,True,True,True
286,0.5011079866914645,0.25,0.2959187494678262,9945.089999503603,2.4799866837254454,0.0248452423516157,0,mild,0,,,,1.108158976816778,1.1019611746888422,29.6,False,False,False
817,22.71446959945483,0.25,4.545918749467827,1715370.1127302558,218.28689790746185,0.1185113657849943,2,mild,1,22.6989,295.163453455928,1.83568,0.995703097562644,0.9757149080258852,31.71,True,True,True
1179,0.5440996591646122,0.25,0.3459187494678262,24845.822016779057,4.086252688317455,0.0249280892414606,3,strong,1,45.1357,96.55247645364967,1.48335,1.1714154088972284,1.3785394000076667,12.63,True,False,False
1366,11.340404941557164,0.15,0.2459187494678262,4786061.785184948,329.80923498512914,0.1073316445442934,3,strong,1,11.3401,310.50672204930123,1.95811,0.9418179887533716,1.0147494813671305,18.91,True,True,True
988,42.08377756579316,0.25,7.1459187494678265,1186634.718539724,237.71078050555116,0.1548058511525273,2,mild,1,42.079,441.3728264611979,2.5839,1.0847306686388336,1.12313034665574,22.68,True,True,True
421,0.6716164959883009,0.25,0.6459187494678262,23537.897799921982,4.781231095298512,0.0257007059543269,1,strong,0,,,,1.0730165145498611,1.1581241339967083,13.68,True,False,True
1050,43.53485807163174,0.25,42.19591874946783,36375.42982146906,44.95394545870069,0.1671315676162189,2,mild,1,43.5534,90.95254988556982,1.08493,0.9219039268021187,1.0388468676517166,28.27,True,True,True
1369,34.122344055689524,0.25,28.845918749467828,12322426.41535427,716.5433929449733,0.1448751392411729,3,strong,1,34.1286,1080.6594409680008,3.7543,0.983988943473672,1.0428979250597366,21.34,True,True,True
1293,6.158896617421225,0.15,4.1459187494678265,25020469.803109247,562.7742066178001,0.0805437254904977,3,strong,1,6.1583,568.9563729286233,2.7727700000000004,0.9371323271177828,1.0615284038467212,8.58,True,True,True
678,0.5047641225931203,0.25,0.1459187494678261,42668.34807000175,5.14498193333516,0.0248463370516853,1,strong,0,,,,1.0800450070032448,1.1376947088489036,14.9,True,False,True
839,32.30353412443736,0.25,20.445918749467825,129677.54706957594,73.50667403643698,0.1448751392411729,2,mild,1,32.2963,148.6394241812778,1.77419,1.1573584239904615,1.3288941080439474,28.24,True,True,True
913,19.59975956826824,0.15,17.695918749467825,110288.76607193162,68.50648861081936,0.1463968722805013,2,mild,1,19.5939,79.60699010849383,1.0934,1.016788574922794,1.1190789419652072,27.56,True,True,True
1322,7.194142813291381,0.15,4.245918749467827,673722.9119370821,100.65372128280416,0.0876147918034216,3,strong,1,7.195,126.32589947995976,1.57685,1.129244454176928,1.281154300535453,10.23,True,True,True
216,0.509637048178955,0.25,0.1959187494678261,9027.815303253194,2.3828284159602573,0.0248494609968774,0,mild,0,,,,1.133930115812517,1.0608222116129074,20.74,False,False,False
509,0.5091575029404826,0.25,0.1959187494678261,83102.99961639548,7.227253035139832,0.0248491815813122,1,strong,0,,,,1.1690725780794338,1.104511097191802,21.52,True,False,True
992,16.450247310294905,0.15,11.295918749467829,661771.8745030217,151.06197340975334,0.1318980441134679,2,mild,1,16.4431,162.45668757615917,1.23035,0.9019898648510196,0.8814894778039915,22.89,True,True,True
356,47.94316946877198,0.1,22.620918749467823,10326.4864879711,38.40849327198925,0.2675504187020754,0,mild,0,,,,0.9781318664291856,0.9347227558266832,33.66,False,False,False
1338,4.703792323782226,0.15,0.1459187494678261,364286.79771381343,59.18409981004298,0.0704778765514577,3,strong,1,4.7032,70.65175166618023,1.12574,1.0636451912786833,1.2230209229582891,16.87,True,True,True
937,7.319257119434739,0.15,1.5959187494678264,4830501.56608925,267.5125906649726,0.0869770764071256,2,mild,1,7.318,250.9844450327508,2.31803,1.1714154088972284,1.3361428898458128,23.53,True,True,True
921,10.90769599965094,0.1,6.220918749467827,4004193.374846732,365.339722032646,0.129701310350135,2,mild,1,10.9085,293.29654333727314,1.66419,0.903161280259804,0.8873739834322333,27.17,True,True,True
1045,5.73897506140908,0.15,1.5459187494678264,17458985.6632635,453.2105816643205,0.0777227865337105,2,mild,1,5.7379,405.0202200175535,2.99871,1.1854723938039953,1.3606717596785471,32.54,True,True,True
1265,18.635465715812096,0.25,18.245918749467823,32893.6190212263,27.985378419226212,0.109823083284368,3,strong,1,37.2692,109.15180664663956,1.59049,1.1690725780794338,1.3901854366527164,8.21,True,False,False
1477,6.51090613130765,0.15,5.545918749467827,8543132.342439288,340.92974803383186,0.0834303550032252,3,strong,1,6.512,372.9050233481655,2.04974,1.0613023604607903,0.9692971044349776,15.79,True,True,True
685,0.556387898382378,0.25,0.1459187494678261,37007.73631929413,5.066487049893156,0.0249734989879783,1,strong,0,,,,1.0449025447363278,1.2511795687761116,15.22,True,False,True
571,0.5105816467692039,0.25,0.1459187494678261,57047.12911795218,5.985131310272663,0.0248505136257376,1,strong,0,,,,1.1058161459989837,1.1662762178261077,14.23,True,False,True
211,0.549905596392499,0.15,0.2459187494678262,9296.179099275509,3.241927679814604,0.0278847679248148,0,mild,0,,,,1.0613023604607903,0.9692971044349776,21.64,False,False,False
1072,15.667728625894394,0.15,12.295918749467829,414386.2734223768,118.52000809737824,0.1307856701777375,2,mild,1,15.6622,137.46844139734606,1.13058,0.903161280259804,0.880556140763373,28.58,True,True,True
352,0.6631213543688332,0.15,0.1459187494678261,11696.725646656903,3.996026293554731,0.0296984115950911,0,mild,0,,,,1.129244454176928,1.3164695906611792,28.27,False,False,False
1419,11.123924651438742,0.15,7.545918749467827,3331313.070281064,275.1575197740488,0.1073316445442934,3,strong,1,11.1216,282.83599747386194,1.89992,0.9511893120245496,1.0316330073371842,13.22,True,True,True
530,0.5488895776666218,0.25,0.4459187494678262,16191.28406102948,2.2931817900138185,0.0249446301440548,1,strong,0,,,,1.030845559829561,0.9412082390886132,14.13,True,False,True
407,10.499513506324416,0.15,7.695918749467827,26222.79317401172,26.26925017162188,0.1153865119569403,1,strong,0,,,,0.9582178044779328,0.9780774049896748,19.03,True,False,True
1413,14.709430039618718,0.15,6.595918749467827,1946406.412180352,263.65605382908774,0.1342118068900777,3,strong,1,14.7053,253.78941657704496,1.6419700000000002,1.030845559829561,0.9412082390886132,13.08,True,True,True
1180,3.633318153631501,0.1,2.8209187494678263,497261.0638370943,75.17109755244837,0.0764228213522802,3,strong,1,3.6338,73.29545653906335,1.0989,1.0613023604607903,1.172133024301499,16.33,True,True,True
288,0.6993305318772475,0.15,0.1959187494678262,9252.65092741564,3.65003445399592,0.0302715620417212,0,mild,0,,,,0.9043326956686604,0.9077183063844484,28.41,False,False,False
1384,15.045388434725911,0.25,12.645918749467826,698226.4180303866,113.7106804676437,0.0970370849565969,3,strong,1,15.0452,194.91888845892265,2.19439,1.194843717075173,1.435304704547194,10.19,True,True,True
1185,21.58201438848921,0.25,5.1459187494678265,45353028.79008668,1078.377565653508,0.1139153809089968,3,strong,1,21.5847,1238.8293385892484,3.44729,0.9043326956686604,0.8943949419346711,12.76,True,True,True
1048,32.5114877752731,0.15,16.495918749467826,101257.9586819349,82.1616125620454,0.1829982843991256,2,mild,1,32.4995,123.29719224623295,1.24377,1.0847306686388336,1.022870703185121,28.81,True,True,True
1005,4.62341064961085,0.15,2.6959187494678263,28347557.63002951,523.3444809117301,0.0706422765292541,2,mild,1,4.6239,537.4656611465153,2.78916,1.140958608265676,1.0986397875163436,25.92,True,True,True
462,0.593365634598009,0.25,0.2959187494678262,179131.6578064701,11.45565291639914,0.025158836081326,1,strong,0,,,,1.0495882063719166,1.0111474364766129,15.85,True,False,True
178,0.5077242667455584,0.25,0.1959187494678261,12261.95964539353,2.771810258412823,0.0248479266954289,0,mild,0,,,,0.9441608195711662,1.0567044278153517,32.98,False,False,False
693,0.530980562631599,0.25,0.1459187494678261,19384.33066960605,3.5617041309794697,0.0248866848720719,1,strong,0,,,,1.194843717075173,1.3856892648777432,18.94,True,False,True
1060,4.477222119408509,0.15,3.7959187494678255,11310200.94889652,323.6110054682209,0.0692045665447833,2,mild,1,4.4768,348.65376790265395,2.04215,1.0027315900160276,0.9987291207890532,22.35,True,True,True
121,0.5308875355131358,0.25,0.3959187494678262,10733.955550551187,2.6530471871813006,0.0248880300940711,0,mild,0,,,,0.9207325113932217,0.9853398624399704,26.71,False,False,False
939,8.08045165843331,0.15,1.8459187494678264,21510414.48829133,589.0179701554013,0.0906744053421982,2,mild,1,8.0827,635.5419268356494,2.31803,0.9043326956686604,0.8396614315936923,26.86,True,True,True
148,0.8154024879302817,0.1,0.2209187494678262,10233.26394564383,5.077054607770793,0.0378855698531392,0,mild,0,,,,0.983988943473672,1.006796501977003,30.65,False,False,False
828,46.6155949902104,0.25,6.3959187494678265,12671275.107296038,839.0230796486551,0.1671315676162189,2,mild,1,46.6158,1332.9202899631762,3.5464,0.9043326956686604,0.8870393474183039,24.58,True,True,True
1007,8.136866659433654,0.15,2.045918749467826,7202469.387795039,349.39340625648487,0.092907263154642,2,mild,1,8.1365,295.2679233129034,2.51922,1.1690725780794338,1.3387984985603738,31.15,True,True,True
1481,4.941588477149333,0.1,0.9209187494678264,15536405.59448828,485.1804661824029,0.0879391124952054,3,strong,1,4.9424,418.23085769136793,2.29867,1.0542738680075054,1.02642175308866,17.81,True,True,True
1409,5.020181803577166,0.1,4.570918749467826,45967772.39750554,847.4942145590281,0.0892744685253213,3,strong,1,5.0197,733.3552227521607,2.96714,1.0941019919100112,1.0005483949609275,13.7,True,True,True
164,0.5937144130561359,0.25,0.4959187494678262,12106.56378960922,2.0072173530829795,0.0251626079901098,0,mild,0,,,,1.1433014390836949,1.2981457927134306,23.39,False,False,False
128,0.5205455777137986,0.25,0.3459187494678262,9523.267923201409,2.4743321244406182,0.0248649157410248,0,mild,0,,,,0.9277610038466048,0.93624844027476,34.83,False,False,False
1104,49.34857706859681,0.25,46.34591874946783,32603.18695742187,46.62130196767844,0.1829982843991256,2,mild,1,49.3247,232.3587080656527,2.36918,1.194843717075173,1.4193053413035517,31.14,True,True,True
555,0.5021043896433165,0.25,0.1459187494678261,38411.26465722104,4.88914474005343,0.0248453997428272,1,strong,0,,,,0.9019898648510196,0.9945321014319172,12.67,True,False,True
959,5.800494992072393,0.15,3.145918749467826,1784189.3121222577,145.30886557828472,0.0779462202881778,2,mild,1,5.7996,150.27602872693762,1.45596,1.030845559829561,1.0845806320822975,28.29,True,True,True
152,0.5047136781629693,0.25,0.1959187494678261,11591.660403650216,2.687418523421927,0.0248462648561971,0,mild,0,,,,0.9254181730288104,1.0103387800037036,27.21,False,False,False
1105,7.765685914129359,0.15,3.1959187494678263,720151.8747119003,106.49401112227774,0.0896181995912459,2,mild,1,7.7666,119.13811971612576,1.61447,1.1878152246217897,1.350709220379895,34.04,True,True,True
441,0.8717487048288352,0.25,0.6959187494678263,23166.844549267375,4.997772501050441,0.027482717736201,1,strong,0,,,,0.9324466654821938,0.9921688952361836,15.69,True,False,True
948,3.569966536398212,0.1,1.5709187494678265,1093430.4994289482,109.616238641656,0.0751883372589413,2,mild,1,3.5702,107.48372752179938,1.0369700000000002,0.9183896805754272,0.9133812424351104,28.7,True,True,True
1373,17.13876002650883,0.15,8.445918749467827,82477.40554349082,55.26950989318608,0.1366533436151313,3,strong,1,17.1334,79.1269952969809,1.19933,1.140958608265676,1.2312142005821924,18.27,True,True,True
902,0.5067054568253979,0.25,0.2459187494678262,14674.087850260816,3.0293630612326705,0.0248472874870322,2,mild,1,47.0935,66.91914412576635,1.06667,1.0905877456833195,1.190726852800738,25.42,False,False,False
951,10.209436556446452,0.15,0.3459187494678262,647580.965575817,118.01047571285592,0.1044473848444829,2,mild,1,10.2123,133.20715937848416,1.49138,1.0905877456833195,1.179999401656683,32.21,True,True,True
1246,11.417316841103707,0.15,4.445918749467826,40124290.42123015,914.2880930587256,0.1028265932075778,3,strong,1,11.4195,827.1947835993201,3.71272,1.0472453755541222,1.178814746164912,11.19,True,True,True
317,0.5333919847003855,0.25,0.3959187494678262,14810.169796985569,3.1230045769645547,0.0248941095060684,0,mild,0,,,,1.0847306686388336,1.011166861450188,32.13,False,False,False
159,4.440480772077326,0.05,0.8959187494678262,10941.400971039122,16.749589333686856,0.1139153809089968,0,mild,0,,,,1.108158976816778,1.1031289833543958,30.5,False,False,False
975,8.029066188475229,0.15,4.045918749467827,4697374.392347861,276.36944733506704,0.0910350932694978,2,mild,1,8.0292,257.17825108749906,2.35785,1.140958608265676,1.3426298846789466,28.4,True,True,True
1063,13.39587929017335,0.15,11.195918749467827,940886.9023692644,153.36939903133091,0.1125,2,mild,1,13.3931,197.2330804147896,2.08406,1.190158055439584,1.3551195014367636,29.22,True,True,True
1079,4.432685942597759,0.15,2.4459187494678263,18357710.15432032,411.3337881736373,0.069050436795597,2,mild,1,4.433,379.24717605833246,2.7806900000000003,1.133930115812517,1.3039131138057587,34.92,True,True,True
463,0.5085252006368303,0.25,0.1959187494678261,14211.715933231915,2.98686346847398,0.024848651191252,1,strong,0,,,,0.9254181730288104,1.1364386218514873,21.93,False,False,False
204,0.5317632794580088,0.25,0.3959187494678262,11093.631324665716,2.6989007422389792,0.0248898573762168,0,mild,0,,,,0.9371323271177828,0.8988711294622787,24.2,False,False,False
264,0.5039582197989609,0.25,0.3959187494678262,15478.489314272862,3.1035328559719835,0.0248459997502946,0,mild,0,,,,1.0472453755541222,0.959862358546666,32.22,False,False,False
910,19.93500970202812,0.25,18.845918749467824,525587.3998415626,116.08875912825285,0.1139153809089968,2,mild,1,19.948,232.24698408257092,2.13246,1.1479871007192837,1.2778006595721785,28.4,True,True,True
1023,46.47261122815714,0.15,4.695918749467827,17982.983879712712,40.43286678356506,0.2135635553092116,2,mild,1,46.491,64.371784800513,1.05303,1.0706736837320667,1.1985336302615697,30.83,True,True,True
157,0.7528444666847689,0.15,0.5459187494678263,13533.124411167895,4.584121326963631,0.0311287892744205,0,mild,0,,,,1.1936723016662756,1.4170809055867684,28.94,False,False,False
1054,4.285975534836141,0.15,3.745918749467826,1131731.2854450694,100.07657623107096,0.0677102387128861,2,mild,1,4.2858,103.09045616675644,1.37368,1.0027315900160276,1.2354739720224746,30.69,True,True,True
872,20.391114615478728,0.15,18.445918749467825,1557100.5455340026,257.4093970357298,0.1463968722805013,2,mild,1,20.3877,244.52292924965096,1.76847,1.096444822727806,1.0327498913742568,33.0,True,True,True
1188,38.94658946329811,0.25,29.795918749467827,247371.5447838904,108.53385356957268,0.1548058511525273,3,strong,1,38.9423,203.6335270438883,1.66683,1.1058161459989837,1.0666548749025688,16.91,True,True,True
633,0.5507451463048174,0.25,0.4459187494678262,17346.369813099507,3.435149425212399,0.0249523932745535,1,strong,0,,,,1.0636451912786833,1.1164679046496857,21.74,True,False,True
1002,19.804718961669987,0.15,3.245918749467826,294325.78839836887,107.43457441777386,0.1405823186717711,2,mild,1,19.8093,135.2710216729757,1.35146,1.129244454176928,1.0611042817166476,28.8,True,True,True
251,0.5686244553817739,0.25,0.3959187494678262,13089.06789636174,3.030727768121773,0.0250271709676976,0,mild,0,,,,1.0812164224121417,1.197888962766238,32.91,False,False,False
1386,5.902177976272453,0.1,1.4209187494678264,87335490.0601062,1260.1261845913846,0.0961659761151556,3,strong,1,5.9023,1080.6707961863235,3.15843,0.983988943473672,0.8773680280909079,15.13,True,True,True
105,0.5155154707912945,0.25,0.4459187494678262,11808.707951662063,2.1445473400882262,0.0248568061384746,0,mild,0,,,,1.1936723016662756,1.3863982481318544,30.94,False,False,False
64,0.6740366796026106,0.1,0.6709187494678263,8570.019210972396,2.878207668518197,0.0349538977983666,0,mild,0,,,,0.9675891277491108,0.8981935336050195,20.68,False,False,False
134,0.5242197602488379,0.25,0.4959187494678262,14245.747404185138,2.972644680903394,0.0248718685708717,0,mild,0,,,,1.1936723016662756,1.439271378413762,22.42,False,False,False
1445,6.522117236791185,0.15,6.1459187494678265,421734.4301410703,75.74881783420695,0.0834303550032252,3,strong,1,6.5232,96.23925173135756,1.02608,1.0542738680075054,0.9551297217590484,15.79,True,True,True
537,0.5127762460450813,0.15,0.1459187494678261,21380.27306148377,4.747751243238075,0.0273010222469536,1,strong,0,,,,1.096444822727806,1.0290457566398423,20.47,True,False,True
738,0.5050501649380468,0.25,0.3959187494678262,130655.59037534938,9.028118215463431,0.0248465678447626,1,strong,0,,,,1.194843717075173,1.3992943221597969,14.66,True,False,True
195,0.5916740792751356,0.25,0.2459187494678262,7932.907298459161,2.4072126976749377,0.0251488939466454,0,mild,0,,,,0.9090183573042492,0.9042826686720816,30.29,False,False,False
293,0.5037069026600977,0.25,0.3459187494678262,11281.890410419635,2.64879236662762,0.0248458814021851,0,mild,0,,,,1.194843717075173,1.366325865960993,29.39,False,False,False
399,0.5787241562113448,0.25,0.2459187494678262,52829.21204730965,6.141797736330516,0.0250764499943905,1,strong,0,,,,1.129244454176928,1.3102833526710698,12.13,True,False,True
130,0.5704227467835641,0.25,0.3459187494678262,10607.149598280534,2.7340606809476595,0.0250386746283048,0,mild,0,,,,1.0531024525987964,1.2027326769469389,25.58,False,False,False
1435,0.7553592003803108,0.25,0.2459187494678262,442039.4743483357,20.292217215098415,0.0263922937424746,3,strong,1,11.4758,75.0468833395002,1.0087000000000002,1.103473315181189,1.0632929792146952,12.86,True,False,False
708,0.5813444231708357,0.25,0.3459187494678262,92431.60071649682,8.14727986973326,0.0250938721977364,1,strong,0,,,,1.1843009783950975,1.3331012720708642,8.78,True,False,True
147,0.5004293827231339,0.25,0.2959187494678262,12696.62267950272,2.801269211666669,0.024845218684023,0,mild,0,,,,1.159701254808256,1.254279145851236,21.72,False,False,False
1153,10.654567410143486,0.15,0.0959187494678261,28103.285206511795,24.00355490050236,0.1044473848444829,3,strong,1,10.6564,43.68387709136898,1.02069,1.1936723016662756,1.4102318778856704,14.19,True,True,True
966,27.64680945183765,0.25,10.695918749467827,170878.80027867516,75.47158411805846,0.129701310350135,2,mild,1,27.6588,157.84485237819266,1.86802,1.1761010705328172,1.3577617379397946,28.24,True,True,True
1349,14.041451747282888,0.15,7.795918749467827,509116.2468578215,115.74884867653188,0.1153865119569403,3,strong,1,14.0377,170.10878942730653,2.0185,1.1936723016662756,1.413261840410218,10.8,True,True,True
860,15.998613407284944,0.25,0.8959187494678262,6782583.743608993,364.6804602799281,0.0998033593156288,2,mild,1,16.0076,437.60880173028113,2.68301,1.0905877456833195,1.1712147227451914,28.02,True,True,True
1247,13.588103671627998,0.15,1.3459187494678264,2091147.6692306416,242.7046932948392,0.1193337237508642,3,strong,1,13.5843,242.33460006304708,1.66661,0.9301038346643994,0.9776502735703546,8.29,True,True,True
587,0.5170460244901842,0.25,0.1459187494678261,33748.39918216762,4.585105074281654,0.0248587593054264,1,strong,0,,,,1.1714154088972284,1.16436757261421,9.39,True,False,True
1238,37.59367402691797,0.15,22.045918749467827,231381.55157401343,138.85890668049038,0.2045032061809544,3,strong,1,37.5902,177.81344219149008,1.30042,0.9968745129715414,0.8905506017652866,9.13,True,True,True
156,0.5336362116258302,0.25,0.4459187494678262,9641.46565696182,0.8779495616441231,0.0248945940039394,0,mild,0,,,,0.9558749736601384,0.9829882894125938,26.04,False,False,False
139,0.5253102936232209,0.25,0.2959187494678262,12817.042608183096,2.8830470316817878,0.0248740485383381,0,mild,0,,,,1.0847306686388336,1.3159838066965908,29.73,False,False,False
474,0.5344833422713804,0.25,0.1959187494678261,727650.7216485176,21.91569086382236,0.024897551601796,1,strong,0,,,,1.1936723016662756,1.386735652068645,20.57,True,False,True
1071,35.23325190265902,0.25,30.045918749467827,30255.13392947433,37.95682630711242,0.1548058511525273,2,mild,1,35.2746,102.87451041735768,1.4961099999999998,1.0706736837320667,1.34699781423134,27.86,True,True,True
531,0.5972719688930389,0.25,0.1459187494678261,23986.441445842625,4.264048904644195,0.0251831281459538,1,strong,0,,,,1.1936723016662756,1.3863982481318544,9.47,True,False,True
609,0.6232413620022836,0.15,0.0959187494678261,19176.229147925864,4.970535570443338,0.0290437524169123,1,strong,0,,,,0.9019898648510196,1.015910976124226,8.44,True,False,True
1466,5.780577383315156,0.15,5.695918749467827,3715320.3886002377,211.57243735466972,0.0786287135383815,3,strong,1,5.7811,226.16602526183723,1.86879,1.1198731309057504,1.1347601463084436,19.89,True,True,True
1354,16.558115402872378,0.25,3.145918749467826,446047.96577951714,93.52025740285583,0.0998033593156288,3,strong,1,16.5577,146.0609315513006,1.79366,1.1433014390836949,1.3552841084610352,13.88,True,True,True
1462,11.64548411891212,0.1,10.270918749467826,776225.1921833805,163.6043579412172,0.1318980441134679,3,strong,1,11.6485,158.67162475091746,1.3766500000000002,1.0636451912786833,0.998001423223508,13.14,True,True,True
1414,0.5438652851544483,0.25,0.3959187494678262,258021.76969293185,13.165997106453476,0.0249274593639169,3,strong,1,42.2884,103.44805686420558,1.39623,1.108158976816778,1.2535828800503592,21.97,True,False,False
732,0.5129324848919249,0.25,0.4459187494678262,21232.64974309627,3.1071488440999806,0.0248533560366096,1,strong,0,,,,0.9769604510202644,1.2011206212698458,21.52,True,False,True
335,0.5519690680942779,0.25,0.1959187494678261,9203.05581318056,2.5046726357735887,0.0249567531020419,0,mild,0,,,,1.0636451912786833,0.9974886688805212,26.88,False,False,False
1094,9.26089426175864,0.15,1.8459187494678264,160051.3474113469,56.02019023484282,0.0998033593156288,2,mild,1,9.2624,70.91463983338349,1.01805,0.9254181730288104,1.10397290210206,27.41,True,True,True
557,0.6854723907651908,0.25,0.4459187494678262,32142.41598040658,5.214714309556488,0.0258063203289159,1,strong,0,,,,1.1878152246217897,1.3072227282326787,19.21,True,False,True
1368,8.642804049576775,0.15,7.895918749467826,7359617.128198089,365.8021603444852,0.0961659761151556,3,strong,1,8.6438,322.07442856455805,2.35829,1.108158976816778,1.1999864521726846,17.37,True,True,True
1178,15.571115655721536,0.15,9.095918749467828,3202349.009686768,324.0293960398143,0.1286438110784691,3,strong,1,15.5667,310.9295172207266,1.6626500000000002,0.9371323271177828,0.8610475123042713,16.01,True,True,True
700,0.6276303820053207,0.25,0.4459187494678262,34182.73453556583,5.147644492971526,0.0253772960662688,1,strong,0,,,,1.1761010705328172,1.2602055301032309,17.87,True,False,True
1489,9.445647930074683,0.15,1.2959187494678264,300964.49797469325,75.71431241370334,0.0983904074028945,3,strong,1,9.4464,93.29947369823464,1.37214,1.096444822727806,1.2972273121695113,19.85,True,True,True
240,0.5317446165266773,0.25,0.1959187494678261,10562.388981786526,2.632622538765946,0.0248889389262902,0,mild,0,,,,1.140958608265676,1.1110805778139057,30.8,False,False,False
707,0.5117370811932059,0.25,0.4459187494678262,33766.64954473275,4.292960940441454,0.0248522189552235,1,strong,0,,,,1.136272946630538,1.388735080421414,9.38,True,False,True
1017,4.676208528441649,0.15,1.6459187494678262,5875497.943447142,237.6871316103285,0.0704778765514577,2,mild,1,4.6758,260.2569956614477,1.7365700000000002,0.9558749736601384,0.9829882894125938,31.64,True,True,True
654,0.5019047921793934,0.25,0.2459187494678262,117367.63429850063,8.527513394623181,0.0248453701577847,1,strong,0,,,,1.108158976816778,1.371855996241783,18.72,True,False,True
1217,28.00451821287877,0.15,0.2459187494678262,144656.7672031028,89.64645596362993,0.1671315676162189,3,strong,1,28.009,124.77518421678064,1.20054,1.0613023604607903,0.9814536187718216,14.77,True,True,True
89,46.90421839332062,0.1,44.77091874946783,14990.94586311146,48.02394573080817,0.2776287235277611,0,mild,0,,,,1.1198731309057504,1.254064184969093,30.39,False,False,False
5,0.5856363600159453,0.25,0.4959187494678262,9167.545104738514,1.5973303645115615,0.0251142636257168,0,mild,0,,,,0.9722747893846996,1.023010730345238,29.75,False,False,False
464,0.6190650320603831,0.25,0.3959187494678262,38591.752537963686,5.430757206402966,0.025317643926163,1,strong,0,,,,0.903161280259804,0.8720501675034124,12.58,True,False,True
375,0.5423661766285177,0.25,0.1459187494678261,32902.43757863143,4.69788259110837,0.0249212945833817,1,strong,0,,,,0.9886746051092608,1.2044025333495405,8.31,True,False,True
1162,21.98921026783751,0.15,14.045918749467829,1126142.3178688297,226.248286569989,0.1512701184544283,3,strong,1,21.9844,277.99685202831216,2.06283,1.194843717075173,1.1297978804835545,17.7,True,True,True
1127,6.724755546987433,0.15,4.095918749467827,60236519.57201121,917.8609944882472,0.0845624643089311,3,strong,1,6.7253,839.069442555009,3.871890000000001,1.0847306686388336,1.2206223391522184,16.7,True,True,True
991,21.736830664444604,0.15,2.245918749467826,347675.6813868595,122.9485013057976,0.1479680869077668,2,mild,1,21.7385,124.50976042368482,1.10671,0.9324466654821938,0.9057104765455144,22.24,True,True,True
341,0.5010251315902866,0.25,0.3459187494678262,14293.058264988444,2.973546453682977,0.0248452577355872,0,mild,0,,,,1.1936723016662756,1.3901488364083945,26.51,False,False,False
617,0.5562040699179237,0.25,0.4459187494678262,16563.430531091086,3.3739888933273408,0.0249750807106158,1,strong,0,,,,0.903161280259804,0.8515240997642207,9.41,True,False,True
1245,4.5470943098796495,0.1,2.370918749467826,1875553.1770926763,163.10607335238967,0.0851466509644063,3,strong,1,4.5467,157.02339476077964,1.32264,1.0097600824694108,0.9638661476404444,15.72,True,True,True
268,0.8220832063629168,0.15,0.2459187494678262,10569.995577565673,4.227270396906746,0.0321573419759605,0,mild,0,,,,0.9441608195711662,0.998007781033012,22.65,False,False,False
366,13.976686110438136,0.05,5.8959187494678265,8567.830092995242,27.29521393465743,0.208885450791923,0,mild,0,,,,0.995703097562644,0.9318897989674242,21.31,False,False,False
425,0.7445572293208468,0.25,0.5459187494678263,66519.67464911296,7.824564823640312,0.0263129901947958,1,strong,0,,,,1.1058161459989837,1.2191526415548586,13.34,True,False,True
1150,28.693997015724836,0.25,23.945918749467825,848612.1768694838,177.28530854189722,0.1366533436151313,3,strong,1,28.6961,268.07265812357946,1.85856,1.091759161092217,1.036591352655906,15.53,True,True,True
1399,21.862292119109732,0.15,13.095918749467828,392981.2882878238,135.19689144077097,0.1530070776973354,3,strong,1,21.8616,183.35803419181627,1.71028,1.0894163302746342,1.1533855362753775,13.35,True,True,True
534,0.5538253065986792,0.25,0.3959187494678262,14893.81799979476,3.1922993642180115,0.0249649765621918,1,strong,0,,,,1.129244454176928,1.1057689192933688,16.56,False,False,False
648,0.5157260426952879,0.25,0.3959187494678262,80959.75995059033,7.182141312949631,0.0248572801658121,1,strong,0,,,,1.0027315900160276,0.9871311346900882,8.19,True,False,True
1320,0.7246506342836879,0.25,0.5959187494678263,24915.75147528165,4.7250335641296735,0.0261425624271411,3,strong,1,47.534,113.89170676843122,1.35641,1.0472453755541222,1.1606524385355783,13.2,True,False,False
1287,4.018814035238136,0.1,3.9209187494678255,61303514.84316612,875.3821654223808,0.0800514075335422,3,strong,1,4.0185,753.9501434147317,3.07901,1.0074172516516164,1.0239931259881472,10.76,True,True,True
37,0.5373075837403871,0.25,0.1459187494678261,14331.120684260068,3.094827968784004,0.0249042577262362,0,mild,0,,,,1.0800450070032448,1.212495554469449,29.95,False,False,False
788,17.354707332029758,0.25,0.6459187494678262,3701060.9589335294,279.13629792567866,0.103358274273202,2,mild,1,17.3638,356.5674093799069,2.11541,0.9371323271177828,1.0230126078697177,23.89,True,True,True
1311,0.6118648631008713,0.25,0.4959187494678262,164673.29597110546,11.15659497638956,0.025273566306394,3,strong,1,23.4838,50.33392994023628,1.03246,1.1690725780794338,1.3289237738254556,19.78,True,False,False
851,8.94910177854411,0.15,5.995918749467827,5498829.032081471,322.10478290666305,0.0979328832365827,2,mild,1,8.9464,294.08387448737204,2.46884,1.1690725780794338,1.3146634695028483,33.67,True,True,True
259,0.5043776394541376,0.25,0.4459187494678262,16270.852096290648,3.1498603785732584,0.0248461275681525,0,mild,0,,,,1.1831295629862006,1.422558615246342,27.93,True,False,True
1226,27.00617561801192,0.25,20.795918749467827,76440.37810531558,50.47784269865858,0.129701310350135,3,strong,1,27.0093,126.40847080359464,1.72282,1.194843717075173,1.3992943221597969,9.15,True,True,True
1171,16.03247218273352,0.15,7.395918749467826,5725234.733681724,429.7499172880524,0.1276120842139765,3,strong,1,16.0308,448.3412750656731,2.2378400000000003,0.9066755264864548,0.9651213587734176,14.34,True,True,True
804,27.298123646422912,0.25,4.045918749467827,933668.9653366726,176.41513213031288,0.129701310350135,2,mild,1,27.3178,260.901480398914,1.63416,0.9066755264864548,0.923875733591034,21.91,True,True,True
1378,7.817777175499312,0.15,6.845918749467827,6822342.838071956,335.8064879115701,0.0917699310249873,3,strong,1,7.8186,333.6767610496562,2.43342,1.140958608265676,1.216497857707295,9.12,True,True,True
583,0.5411650951309753,0.25,0.3459187494678262,101320.08326417464,8.22691232169239,0.0249171240043912,1,strong,0,,,,1.108158976816778,1.2651359327139582,10.86,True,False,True
24,0.5328854577816304,0.25,0.3459187494678262,10770.065678936367,2.662311227490375,0.0248931477366193,0,mild,0,,,,1.0121029132872053,1.0658026847919673,22.46,False,False,False
510,0.6638768157636166,0.25,0.2459187494678262,26758.13864630222,4.681339281259053,0.0256348934008659,1,strong,0,,,,1.030845559829561,1.113585428544172,11.9,True,False,True
783,27.95285128587402,0.25,14.145918749467826,52770791.66973398,1326.2829219254586,0.129701310350135,2,mild,1,27.9562,1470.033828119438,3.90148,0.9066755264864548,0.9292294737245288,29.28,True,True,True
1288,40.40051714385757,0.25,31.045918749467827,1790733.8316541633,315.41276586351984,0.1671315676162189,3,strong,1,40.4501,868.534629266666,3.34356,1.1093303922256754,1.036031135945384,16.45,True,True,True
1184,6.094483901899917,0.1,3.770918749467826,1528178.7878049207,169.80448178436012,0.0979328832365827,3,strong,1,6.0945,146.80608829665772,1.33606,0.9418179887533716,1.0069576008015118,20.84,True,True,True
858,4.154353214884159,0.15,0.4459187494678262,6796898.086754289,241.02519793713472,0.0665853342642525,2,mild,1,4.1541,251.5650986469404,1.9463399999999995,1.129244454176928,1.1206003915295086,33.56,True,True,True
446,0.5079625788426533,0.25,0.4459187494678262,65041.69071144005,5.79575067556829,0.0248484002149367,1,strong,0,,,,1.194843717075173,1.3954401755357515,14.78,True,False,True
389,0.7369519535527917,0.25,0.1959187494678261,42524.898217345806,6.216223458916343,0.0262304860675154,1,strong,0,,,,1.0847306686388336,1.1604831887183549,20.11,True,False,True
346,0.9546938131232766,0.15,0.5459187494678263,12014.724446986322,4.85606860033915,0.034124344890329,0,mild,0,,,,1.1433014390836949,1.205118596566895,29.73,False,False,False
1376,4.8343689971250665,0.15,4.1459187494678265,10626239.8030523,329.2886551317747,0.0725339584310936,3,strong,1,4.8346,351.60766014407346,2.06668,1.101130484363395,1.0064711453548494,19.29,True,True,True
619,0.5379180300354751,0.25,0.2459187494678262,18252.720384849177,3.481379073807384,0.0249069457472486,1,strong,0,,,,1.0437311293274305,1.2502730045770207,15.95,True,False,True
580,0.5185324489410004,0.25,0.2959187494678262,54325.14243065936,5.896447333405251,0.0248608646902025,1,strong,0,,,,0.948846481206755,1.027637443446992,14.45,True,False,True
904,39.76432226080963,0.25,33.79591874946782,244532.6025247101,116.55532842691544,0.1671315676162189,2,mild,1,39.7649,484.12590620062593,3.35643,1.190158055439584,1.3930146655174167,29.64,True,True,True
387,0.6851933908610426,0.1,0.0709187494678261,12874.813181146115,5.236639408257076,0.0352907291670537,1,strong,0,,,,1.1878152246217897,1.2880345879225326,16.7,False,False,False
219,0.6033850223581716,0.1,0.3709187494678262,12579.718798792926,4.844545863609264,0.0334327244402706,0,mild,0,,,,1.0238170673761682,1.0974561851322575,32.64,False,False,False
263,0.5012571949514365,0.15,0.1459187494678261,9604.993567705991,3.14918900618907,0.0271363432579882,0,mild,0,,,,0.9863317742915458,1.068000184326068,23.6,False,False,False
215,0.8142631080373162,0.15,0.3459187494678262,9290.250373894442,3.9398676393626033,0.0320110649363935,0,mild,0,,,,1.016788574922794,0.9314673116172068,28.5,False,False,False
273,0.5109087769219581,0.1,0.2709187494678262,8714.97886573798,3.707563006549755,0.0313130717147704,0,mild,0,,,,0.9207325113932217,0.9674053847264288,24.63,False,False,False
0,0.8081392028464689,0.1,0.2709187494678262,7440.588528800263,4.312942304506364,0.037763161123351,0,mild,0,,,,0.9781318664291856,0.9190898795385184,30.46,False,False,False
28,0.5733585058849566,0.25,0.1459187494678261,8683.781492726506,2.4882829609585357,0.0250515490958636,0,mild,0,,,,1.030845559829561,0.9688073544177326,32.98,False,False,False
1183,0.5891203903720379,0.25,0.4459187494678262,497991.3768792771,19.03783440736691,0.0251367034279151,3,strong,1,13.6222,118.85249982225196,1.40492,1.0905877456833195,1.1768055031022375,11.28,True,False,False
1084,6.962715735333711,0.15,5.245918749467827,71462111.62387492,1010.3896817131986,0.0854434658091638,2,mild,1,6.9621,977.115604907844,3.18659,0.9019898648510196,0.9309159474976652,28.88,True,True,True
1107,26.121521368116746,0.25,6.695918749467827,143811.7288974893,66.01462852059228,0.123723175277265,2,mild,1,26.1099,129.85225541754795,1.48324,1.0812164224121417,1.1886224707091904,27.22,True,True,True
111,0.5460803412897464,0.15,0.3459187494678262,12192.039466736353,3.703286393031844,0.0278407103634263,0,mild,0,,,,1.0355312214651498,1.0625327525317525,20.74,False,False,False
606,0.5506450654867295,0.25,0.2959187494678262,669004.4842992914,21.33319224495165,0.0249523932745535,1,strong,0,,,,1.0905877456833195,1.215018318360475,12.92,True,False,True
166,0.7821079032030992,0.15,0.6459187494678262,10387.27539062254,4.089827802032482,0.0315605060338487,0,mild,0,,,,1.1655583318527425,1.306281971678939,24.76,False,False,False
650,0.5584386428595096,0.25,0.1959187494678261,141017.85994807878,9.856631940606931,0.0249806948862196,1,strong,0,,,,0.9816461126558772,1.2688992122541063,12.3,True,False,True
12,32.5114877752731,0.05,28.995918749467823,10542.582708855503,48.40243958235418,0.3335650562207792,0,mild,0,,,,1.1561870085815644,1.2572141610399028,22.3,False,False,False
1457,27.546279291853374,0.15,3.345918749467826,131105.435970783,85.34421674437097,0.1671315676162189,3,strong,1,27.5417,111.29781871146793,1.15907,1.0941019919100112,1.0032833263319128,8.74,True,True,True
526,0.5449411607415661,0.25,0.2459187494678262,37452.78366670854,5.019490010364569,0.0249299935069996,1,strong,0,,,,1.0905877456833195,1.1771708197157238,19.6,True,False,True
1114,23.85909936850812,0.25,7.1459187494678265,18248455.598155987,711.9701850451476,0.1185113657849943,2,mild,1,23.8739,848.6672389621297,3.30451,1.096444822727806,1.0358469882241317,32.47,True,True,True
1026,6.618993614664648,0.15,0.3959187494678262,598835.4248305269,90.26306412920825,0.0834303550032252,2,mild,1,6.6195,98.41219287688196,1.1212300000000002,0.9605606352957272,1.03211362381327,34.38,True,True,True
160,0.5097742270630485,0.25,0.1459187494678261,13181.487573148426,2.8742683392459902,0.024849604260208,0,mild,0,,,,1.030845559829561,0.9412082390886132,34.57,False,False,False
831,42.08377756579316,0.25,37.64591874946783,3027954.3658478474,410.14593377424455,0.1671315676162189,2,mild,1,42.1086,843.4549116138156,3.87068,1.091759161092217,1.2170644824354455,32.8,True,True,True
319,0.5164820067165559,0.1,0.0709187494678261,10025.37022903469,3.995493127619892,0.0314261442109499,0,mild,0,,,,1.016788574922794,0.9234786670975028,21.79,False,False,False
254,3.3291458680593315,0.05,1.5459187494678264,9991.414374694892,14.352997728981292,0.1023031988500929,0,mild,0,,,,1.065988022096431,1.1296842317951408,24.32,False,False,False
373,0.5553681639768056,0.05,0.3959187494678262,8977.615256033481,5.549594040762584,0.0434147857026644,0,mild,0,,,,0.9371323271177828,0.9175635416996052,21.39,False,False,False
1049,15.700199922543096,0.15,15.695918749467827,13531542.808424233,655.418025056546,0.1266051023200892,2,mild,1,15.7046,589.0456603226121,2.57114,0.9207325113932217,0.9674053847264288,23.99,True,True,True
689,0.5010748413627685,0.25,0.1459187494678261,21939.344033858102,3.686192241939119,0.0248452577355872,1,strong,0,,,,1.1936723016662756,1.3880284091234625,12.97,True,False,True
397,0.5360339385119988,0.25,0.1459187494678261,28141.66041206135,4.292996253436527,0.024901111880393,1,strong,0,,,,1.112844638452367,1.0295569768985,11.43,True,False,True
1146,13.899751649492178,0.15,2.145918749467826,194321.8375829718,73.46991780143229,0.1185113657849943,3,strong,1,13.8951,110.2176988084516,1.1830500000000002,1.096444822727806,1.0290457566398423,20.93,True,True,True
1177,31.1736220799734,0.15,27.445918749467825,1434819.2815990073,314.56804336006525,0.1861122600665755,3,strong,1,31.1775,351.4797508183675,2.12014,1.096444822727806,1.032693969222968,13.14,True,True,True
649,0.5411264391286419,0.25,0.3459187494678262,25131.14985677561,4.09727656560149,0.0249171240043912,1,strong,0,,,,1.0706736837320667,0.9890201816425208,13.51,True,False,True
1428,6.668519094829502,0.15,3.5459187494678264,5745801.503152511,284.4763289529419,0.0848530023048225,3,strong,1,6.6699,301.5131266924445,2.03511,0.974617620202494,1.070266746677168,19.87,True,True,True
885,20.446149861643104,0.25,14.945918749467827,28336.67998581493,26.95517646200482,0.1139153809089968,2,mild,1,40.904,111.6337737830493,1.33199,1.065988022096431,1.1512255432703058,29.35,True,False,False
1218,5.246157935603013,0.1,3.220918749467826,4077017.5694282665,260.6727696246856,0.0921442675250926,3,strong,1,5.247,232.49486423877192,1.85636,1.0027315900160276,1.1117644321455111,8.85,True,True,True
823,4.426211125504973,0.15,0.7459187494678263,6180699.344584512,237.04045194831025,0.068594452796128,2,mild,1,4.426,244.275282695173,2.03951,1.0812164224121417,1.191635225379027,22.98,True,True,True
1228,7.769668275904936,0.1,7.770918749467826,7302837.201744254,466.8607840956685,0.110474051467393,3,strong,1,7.7698,383.7732356339873,1.94293,0.9418179887533716,0.9056847771871052,18.87,True,True,True
1014,11.156689774181071,0.15,9.995918749467828,13185287.79138708,553.7459704591081,0.1085555323259812,2,mild,1,11.157,500.6411532862226,2.62911,1.0812164224121417,1.073007456216816,26.73,True,True,True
1439,15.045388434725911,0.25,14.795918749467829,166937.52177224794,57.21262745786383,0.0998033593156288,3,strong,1,30.0837,203.34814228322327,1.99243,1.1093303922256754,1.2759105357417138,10.86,True,False,False
1219,12.817894377029567,0.15,10.295918749467829,653494.8027963224,131.13821583556336,0.1153865119569403,3,strong,1,12.815,156.17628804849596,1.31747,1.0472453755541222,0.9626988264973784,20.48,True,True,True
124,37.59367402691797,0.05,1.0459187494678264,8285.92116492205,40.70852776734146,0.3164720516971595,0,mild,0,,,,1.0683308529142723,0.991586242024223,22.05,False,False,False
1241,16.308590564622225,0.15,5.1459187494678265,32730213.431158178,1035.9158999847682,0.1286438110784691,3,strong,1,16.3101,875.307305918562,3.21442,1.030845559829561,0.9921551723316394,18.18,True,True,True
1201,5.858813511655521,0.15,1.6459187494678262,536609.6651334022,80.40632244018033,0.0786287135383815,3,strong,1,5.8601,97.38264824794278,1.16798,0.9219039268021187,1.08081626517241,12.17,True,True,True
75,0.9129303240523772,0.15,0.5459187494678263,12350.911687874022,4.811520010688894,0.0334954857026492,0,mild,0,,,,1.194843717075173,1.3720068628213131,34.16,False,False,False
717,0.5204561707514007,0.25,0.4459187494678262,65142.111881817546,6.002210309437465,0.0248649157410248,1,strong,0,,,,0.9183896805754272,1.1229894026791083,19.78,True,False,True
1469,35.7318119014722,0.15,20.945918749467825,459400.21259289497,187.98531296822424,0.1965107659461692,3,strong,1,35.7183,221.58548532972355,1.50117,0.9277610038466048,0.9209084926958896,17.31,True,True,True
1115,24.04845122811518,0.25,5.845918749467827,638147.7709904287,139.06045894550405,0.123723175277265,2,mild,1,24.0598,270.5573882692004,2.38656,1.173758239715023,1.3249512959737453,27.48,True,True,True
1221,37.59367402691797,0.15,33.895918749467825,67176.08383849968,71.88456763798456,0.1965107659461692,3,strong,1,37.5746,129.12920954535304,1.34123,1.0355312214651498,1.0778250393169724,20.2,True,True,True
485,0.5877263752569919,0.25,0.3459187494678262,26024.33381618677,4.347332324708725,0.0251295151684389,1,strong,0,,,,1.0449025447363278,1.0668120432255843,21.77,True,False,True
876,7.419618124258013,0.15,3.0459187494678264,3259766.282747742,225.6852856699645,0.0892744685253213,2,mild,1,7.4191,205.99480300471257,1.7611,0.9254181730288104,1.120503303074367,34.35,True,True,True
1024,34.3544582121344,0.25,26.395918749467825,2401266.4923260203,316.31119252025246,0.1448751392411729,2,mild,1,34.3893,504.2623965317777,2.34058,1.0027315900160276,0.951814800935094,20.82,True,True,True
1200,30.982380765496867,0.25,14.645918749467826,222916.94533085232,90.86354142560116,0.1366533436151313,3,strong,1,30.959,221.56985445255532,1.93897,0.995703097562644,1.1895234536884187,16.86,True,True,True
1013,17.39455648200763,0.15,12.895918749467826,9248002.680911155,585.2509015896724,0.1366533436151313,2,mild,1,17.3967,513.0888242630904,2.12729,0.9254181730288104,0.8576057355377524,24.66,True,True,True
73,0.5137673693411775,0.05,0.3959187494678262,9103.613733347289,5.371644084364486,0.0419017356485475,0,mild,0,,,,0.9207325113932217,0.9638560245768406,32.22,False,False,False
214,0.5222141643824837,0.25,0.4459187494678262,12572.219557340624,2.4387129670106287,0.0248677666570931,0,mild,0,,,,1.1714154088972284,1.236530865356846,24.28,False,False,False
468,0.6212225819450962,0.25,0.4459187494678262,51206.7952231311,6.268903582626411,0.0253349755239078,1,strong,0,,,,1.096444822727806,1.090197856061491,15.11,True,False,True
1056,21.042479167251194,0.15,6.795918749467827,653963.5776730794,161.73602909346818,0.1419701412105178,2,mild,1,21.038,215.27475743658889,1.98176,1.1468156853103866,1.2334221973843231,25.33,True,True,True
72,0.5436311129732103,0.25,0.4459187494678262,9445.900117175672,1.3981323071859593,0.0249268319242733,0,mild,0,,,,1.0636451912786833,0.998001423223508,24.72,False,False,False
642,0.5529763469386024,0.25,0.1459187494678261,36267.47301887417,4.989518152102518,0.0249597089160253,1,strong,0,,,,1.0636451912786833,0.9969272807916868,12.13,True,False,True
522,0.5364514840352081,0.25,0.2959187494678262,21875.74580586337,3.807472841741444,0.0249037273770061,1,strong,0,,,,1.0636451912786833,1.211995879598586,8.91,True,False,True
92,0.9524731790487014,0.1,0.2209187494678262,11554.696646860588,5.833905430161893,0.0405603022891276,0,mild,0,,,,1.0472453755541222,0.96334272354702,20.33,False,False,False
1474,19.67612026445587,0.25,9.545918749467829,5324545.020799886,356.05460458701606,0.109823083284368,3,strong,1,19.6755,505.3780755029855,2.87628,1.0472453755541222,1.168369520028635,21.82,True,True,True
331,0.6001821413452051,0.25,0.3959187494678262,15330.205707945175,3.369199262613046,0.0251962996659876,0,mild,0,,,,1.0531024525987964,1.1840485319689935,22.88,False,False,False
672,0.5652092323599854,0.25,0.2959187494678262,26421.93526098989,4.2932231590172,0.0250114963993236,1,strong,0,,,,1.1843009783950975,1.1688615906915076,20.43,True,False,True
763,25.67879887694309,0.15,9.945918749467827,2853454.4676423483,377.72043018893936,0.1586041597913043,2,mild,1,25.6734,503.5414680271557,2.8803500000000004,1.140958608265676,1.1721546060176151,28.19,True,True,True
191,0.543514102486986,0.25,0.2459187494678262,10476.100551876389,2.6507026202253385,0.024924346533784,0,mild,0,,,,1.096444822727806,1.0327498913742568,21.56,False,False,False
900,14.347272970749716,0.15,1.4959187494678263,36157551.09528258,1016.4019325230764,0.1201737097952954,2,mild,1,14.3458,833.3860705512137,3.5457400000000003,1.0730165145498611,1.1216078082155745,28.5,True,True,True
1191,11.222802502020173,0.15,3.645918749467826,1374832.6725377603,178.80954350849214,0.1085555323259812,3,strong,1,11.2257,192.67991874229585,1.5287799999999998,1.0542738680075054,1.005736058689903,9.18,True,True,True
1186,3.708919259081592,0.1,1.1209187494678263,400372.95596416027,67.83795397554418,0.0768485885867006,3,strong,1,3.7094,72.05498286132942,1.04049,1.140958608265676,1.119342920799293,12.47,True,True,True
1101,9.083229377354147,0.15,6.845918749467827,660578.7302121641,107.18360762178256,0.0940891139548072,2,mild,1,9.0847,123.62523268860548,1.5613400000000002,1.1468156853103866,1.2823340696447898,34.57,True,True,True
576,0.5038744195593101,0.25,0.4959187494678262,54698.47975770531,6.361999199807224,0.0248459997502946,1,strong,0,,,,1.000388759198233,1.074642822286266,8.53,True,False,True
1215,7.312192268317651,0.15,2.095918749467826,3807991.0721967793,236.6429139204809,0.0866635473106224,3,strong,1,7.3106,239.80063639430912,2.22046,1.0941019919100112,1.3094081639281805,8.24,True,True,True
746,0.5049996633223351,0.25,0.3459187494678262,29335.777028563327,4.277246857368324,0.0248464885459031,1,strong,0,,,,1.194843717075173,1.4482379537570689,17.64,True,False,True
1145,3.54242191651414,0.15,0.0959187494678261,32423966.83299828,494.6808907217562,0.0627254808791226,3,strong,1,3.5421,451.15051503495255,3.27239,1.1936723016662756,1.406894669028047,11.02,True,True,True
524,0.8825649368797934,0.25,0.1959187494678261,65103.445279905776,8.421329212657486,0.027567987232452,1,strong,0,,,,1.0683308529142723,0.9910178497752004,21.36,True,False,True
1155,7.726085679995467,0.15,5.795918749467827,10536606.076121189,410.5918864492321,0.0903180846357682,3,strong,1,7.7255,411.9733591416919,2.48171,0.9511893120245496,1.1165385448944445,11.48,True,True,True
861,39.55668662148263,0.25,1.2959187494678264,5955126.892718256,532.519925525629,0.1548058511525273,2,mild,1,39.5621,600.9490553754521,2.3463,0.9207325113932217,0.8740212024716607,27.84,True,True,True
1417,8.975609464198092,0.15,3.095918749467826,2130061.858894477,199.5350604609821,0.0974818258184922,3,strong,1,8.9779,211.7567519370383,1.87044,1.0894163302746342,1.1737683746559575,18.78,True,True,True
1102,3.043581481421359,0.15,1.0459187494678264,71259175.08028308,666.3200426627583,0.0572505791904407,2,mild,1,3.0435,649.2562533051374,3.57907,1.0941019919100112,1.2826831149405231,28.27,True,True,True
383,0.5312039607887579,0.25,0.3459187494678262,137374.8241703122,9.49425935719442,0.0248889389262902,1,strong,0,,,,1.0613023604607903,0.9730144528869668,17.15,True,False,True
203,0.5033722027932719,0.25,0.3959187494678262,12372.555967654856,2.773442592837112,0.0248458257791578,0,mild,0,,,,1.0613023604607903,1.1865888958631587,22.23,False,False,False
183,0.5029043695464489,0.25,0.3959187494678262,13780.989973760335,2.9252288217478286,0.0248456269594762,0,mild,0,,,,1.1690725780794338,1.331344276117417,33.95,False,False,False
103,0.5168520044878032,0.25,0.1459187494678261,13415.747980793049,2.921475614186827,0.024858256747609,0,mild,0,,,,1.101130484363395,1.163780262864324,30.47,False,False,False
1030,31.36723896359188,0.25,16.195918749467825,930461.6454324456,185.63820302788943,0.1366533436151313,2,mild,1,31.3389,390.1023788133408,2.16931,0.9675891277491108,1.0029737687787732,28.02,True,True,True
767,4.07611723303939,0.15,0.3959187494678262,10459089.341044515,294.6140219293404,0.0656479983689588,2,mild,1,4.0771,285.3323462436776,2.5757600000000003,1.1690725780794338,1.3924741663324565,31.12,True,True,True
161,0.8539138167291846,0.1,0.7209187494678263,9093.250976723117,4.901473365614255,0.0386747656020894,0,mild,0,,,,0.9090183573042492,0.9424838394288834,31.93,False,False,False
1437,9.277907329172567,0.15,7.095918749467827,9376428.826547047,435.2273021958848,0.1012804292516761,3,strong,1,9.2807,400.64028343432994,2.30417,0.9511893120245496,1.0512220613302867,10.39,True,True,True
847,14.554001998816236,0.15,4.845918749467827,138067.915011498,64.19836679270499,0.1228059705181015,2,mild,1,14.5549,78.45314104780563,1.30185,1.0472453755541222,1.3421870221737648,32.4,True,True,True
548,0.5770709747861592,0.25,0.3459187494678262,350830.51353452913,15.807570437744474,0.0250690348998411,1,strong,0,,,,1.1936723016662756,1.3916484807890928,18.11,True,False,True
129,0.50809885765407,0.15,0.2459187494678262,13468.591296236023,3.75150144741602,0.0272300590188645,0,mild,0,,,,1.1936723016662756,1.3863982481318544,28.38,False,False,False
158,0.68852516207275,0.25,0.3959187494678262,19412.34798017961,4.0620294534962005,0.0258320757126529,0,mild,0,,,,1.096444822727806,1.0453497086537211,34.06,True,False,True
769,32.30353412443736,0.25,20.195918749467825,4597827.778087751,437.69413683567086,0.1448751392411729,2,mild,1,32.2866,829.3978294645677,3.91204,1.108158976816778,1.240449520089066,25.04,True,True,True
1006,37.0422048255254,0.25,16.945918749467825,442187.2915461132,145.1087099131959,0.1548058511525273,2,mild,1,37.0162,348.1924083260225,2.4398,1.0683308529142723,1.193993146446405,34.9,True,True,True
1312,6.953129708005172,0.15,2.145918749467826,300335.9128664198,65.03909039807317,0.0848530023048225,3,strong,1,6.953,75.28396280779405,1.26324,1.1198731309057504,1.3295108599711345,12.88,True,True,True
595,0.5559387542628025,0.25,0.4459187494678262,30725.24264659769,4.594534910675113,0.0249742886098139,1,strong,0,,,,1.091759161092217,1.260773548572529,16.39,True,False,True
238,0.5623978745151031,0.25,0.2459187494678262,15125.575161489802,3.240967701154003,0.025,0,mild,0,,,,1.1854723938039953,1.370544274033866,26.56,False,False,False
41,4.479869780777731,0.05,1.1959187494678265,10480.330502614324,16.944979862407003,0.1177060296894969,0,mild,0,,,,1.1058161459989837,1.220476971866961,28.29,False,False,False
163,22.117610628603448,0.05,1.7959187494678264,12657.82212098075,39.77722671482508,0.2503092147131164,0,mild,0,,,,1.1561870085815644,1.3724193115628434,31.49,False,False,False
197,0.5124467208466175,0.25,0.4959187494678262,18198.316098909443,3.3345214422268272,0.0248525884895549,0,mild,0,,,,1.0472453755541222,1.3421870221737648,29.3,True,False,True
217,0.8621254514814107,0.05,0.7459187494678263,13438.974390577829,8.466081152639733,0.0532021318225767,0,mild,0,,,,0.9558749736601384,1.109998301243305,27.24,False,False,False
126,24.594989013872038,0.1,13.070918749467827,12522.237215001318,31.036253261928422,0.1965107659461692,0,mild,0,,,,0.9816461126558772,1.053742515218807,29.79,False,False,False
154,0.5082863604602381,0.15,0.4959187494678262,11415.907504015226,3.120307305782916,0.0272300590188645,0,mild,0,,,,0.9769604510202644,1.1656835639007743,22.07,False,False,False
734,0.5284433547970692,0.25,0.2959187494678262,540129.7743845271,18.770592508175444,0.0248811053034052,1,strong,0,,,,1.091759161092217,1.2306306646454142,12.14,True,False,True
337,0.5010748413627685,0.25,0.2459187494678262,13391.189530203092,2.8777599782461385,0.0248452423516157,0,mild,0,,,,1.1936723016662756,1.3901488364083945,22.36,False,False,False
34,0.5794324000040175,0.25,0.4959187494678262,12763.815072568792,2.307051388147465,0.0250818235710481,0,mild,0,,,,1.1936723016662756,1.395022407528708,21.66,False,False,False
1161,45.08958095352612,0.25,38.79591874946783,3164464.380093105,419.28937104562897,0.1671315676162189,3,strong,1,45.1466,1002.3549932069546,3.58259,0.9816461126558772,1.033340821303397,20.83,True,True,True
1434,31.497658595997564,0.1,10.820918749467827,80145.26010592109,80.0725971133301,0.2003869223968956,3,strong,1,31.5166,106.45597158677528,1.12761,1.0636451912786833,0.998001423223508,18.33,True,True,True
498,0.5208497912885315,0.25,0.1959187494678261,20842.26568952024,3.660475093526968,0.0248649157410248,1,strong,0,,,,1.0905877456833195,1.314854688484988,12.27,True,False,True
427,0.5646615494076502,0.25,0.1459187494678261,117054.65229874104,8.998366122153884,0.0250097001353079,1,strong,0,,,,0.9722747893846996,1.17222174703416,10.83,True,False,True
820,10.970882307765448,0.15,8.445918749467827,290325.6880512911,82.16909508592221,0.1085555323259812,2,mild,1,10.9694,87.89326140427467,1.2133,1.0683308529142723,1.1818100084304028,23.12,True,True,True
1117,17.023220446704194,0.15,1.3959187494678262,3294824.3383661774,337.06769699491275,0.1318980441134679,2,mild,1,17.0312,347.4286729823912,1.7908,0.9324466654821938,0.8773472373224117,26.4,True,True,True
313,0.6359552238679407,0.05,0.3959187494678262,8309.612958324458,5.719703807623844,0.046216361043462,0,mild,0,,,,0.9769604510202644,1.002976567648242,22.85,False,False,False
303,0.6106318622042917,0.1,0.3709187494678262,13864.228364934752,5.100165241213513,0.0335080978406116,0,mild,0,,,,1.194843717075173,1.3680577346779932,26.18,False,False,False
740,0.5307759459892701,0.25,0.1459187494678261,19452.40485584884,3.5273027306924103,0.0248866848720719,1,strong,0,,,,1.0847306686388336,1.1582198397925128,16.99,True,False,True
1076,26.440621199034005,0.25,2.145918749467826,1027746.0690888416,176.47611814469244,0.123723175277265,2,mild,1,26.4564,324.9040648456443,2.17217,1.0437311293274305,1.100458058027992,22.51,True,True,True
149,0.5351062827852711,0.1,0.5209187494678262,13167.83244027519,2.195480430384364,0.0318677449058388,0,mild,0,,,,1.101130484363395,1.134164607515857,34.49,False,False,False
1380,48.095360246256455,0.15,44.04591874946783,20160.083501608427,47.328736281000495,0.2360303082374914,3,strong,1,48.0434,85.51237769181654,1.00716,1.0636451912786833,0.994583463091968,15.89,True,True,True
431,0.5092088396169535,0.25,0.1459187494678261,60922.20756430893,6.17545591955076,0.0248493201039524,1,strong,0,,,,1.0238170673761682,1.0968631999762928,18.09,True,False,True
347,0.5345964962803318,0.25,0.4459187494678262,12469.639632099368,2.21032387726466,0.024897052641614,0,mild,0,,,,1.0812164224121417,1.2022507411353562,32.81,False,False,False
377,0.6530602115463151,0.25,0.5959187494678263,48096.58164034229,6.200705719737004,0.0255582825411179,1,strong,0,,,,0.903161280259804,0.9285495898900846,12.89,True,False,True
1458,26.257330415754925,0.25,12.495918749467828,41739.39751464244,37.30031166743893,0.129701310350135,3,strong,1,26.2362,73.50950818564925,1.26346,1.173758239715023,1.3456961021701384,9.14,True,True,True
1436,36.951862435947966,0.25,17.295918749467827,331559.49097175244,125.65248580561811,0.1548058511525273,3,strong,1,36.9135,307.0661354192619,2.13334,1.0636451912786833,1.1117352362181394,19.9,True,True,True
1028,21.308832095012143,0.15,1.1459187494678262,1572842.4472380525,261.5042145506291,0.1479680869077668,2,mild,1,21.3092,244.20136310572207,1.77738,1.096444822727806,1.03863631435951,24.95,True,True,True
208,17.17762253779203,0.1,1.3209187494678265,9610.493622504791,22.20013123373638,0.1606122069960768,0,mild,0,,,,1.1561870085815644,1.2642647154370394,32.2,False,False,False
967,16.522002533458167,0.15,11.745918749467828,352322.5580255825,109.28466296873157,0.1307856701777375,2,mild,1,16.5213,122.33735040361704,1.17403,1.0613023604607903,0.9692971044349776,34.96,True,True,True
1057,20.529262016861928,0.25,1.9959187494678263,527611.0173358627,112.08107368965253,0.109823083284368,2,mild,1,20.5426,215.98308980779728,1.72359,0.974617620202494,1.070979965614984,29.8,True,True,True
1499,3.633318153631501,0.15,1.1959187494678265,7726339.162742815,240.57264956956348,0.0625001695427905,3,strong,1,3.6333,261.1770180457917,2.0098100000000003,1.0894163302746342,1.1356507162802627,14.86,True,True,True
271,0.556530960107273,0.25,0.3959187494678262,14407.7643489685,3.146242500974047,0.0249742886098139,0,mild,0,,,,1.0437311293274305,1.2560647693556743,32.29,False,False,False
791,3.992339775410093,0.1,3.6709187494678255,12485734.461264428,396.2994621037272,0.0802963946395524,2,mild,1,3.9922,353.5102670626259,2.0693200000000003,1.0636451912786833,1.005041269539187,28.05,True,True,True
122,0.5307387599052422,0.25,0.2459187494678262,8609.21231194847,2.374445416509842,0.0248862412702063,0,mild,0,,,,1.0636451912786833,0.9974886688805212,33.12,False,False,False
10,21.736830664444604,0.05,5.445918749467827,10657.97509706948,37.69699386258712,0.2584982508792982,0,mild,0,,,,1.0437311293274305,1.0992961779884998,29.94,False,False,False
881,3.049707828250994,0.1,0.9209187494678264,2505168.443850834,153.012382488698,0.0695161034736569,2,mild,1,3.0495,134.429205017752,1.66925,1.1714154088972284,1.3147156287691069,21.6,True,True,True
884,14.723724637538892,0.15,9.595918749467828,1320150.579464055,203.11254419225745,0.1256218943859993,2,mild,1,14.7233,191.39600976970453,1.28755,0.9254181730288104,0.8498747363259563,32.67,True,True,True
1304,17.25587869863329,0.15,10.895918749467826,14937537.4962217,730.3995358760284,0.1342118068900777,3,strong,1,17.2604,677.098197631203,2.58797,1.0121029132872053,0.9082191705720846,17.26,True,True,True
1011,27.596452817691755,0.25,27.345918749467828,335455.5696283512,111.464255959503,0.1366533436151313,2,mild,1,27.5745,259.7700899025375,2.25522,1.1093303922256754,1.2777667946792244,20.64,True,True,True
333,0.5300146712951446,0.25,0.1459187494678261,19583.742840763407,3.600400966185492,0.0248844908798627,0,mild,0,,,,1.136272946630538,1.390853690101582,23.59,True,False,True
505,0.5137151094472275,0.25,0.3959187494678262,18083.54589544748,3.387378212118289,0.0248543688811343,1,strong,0,,,,1.0542738680075054,1.1194997411349974,20.02,True,False,True
428,0.5929244363768895,0.25,0.1459187494678261,19732.464906506262,3.839236435239034,0.0251538438919021,1,strong,0,,,,1.0683308529142723,1.1878465320306013,12.28,True,False,True
1190,34.90853658536585,0.25,18.595918749467824,69813.78175264085,53.93428939947854,0.1448751392411729,3,strong,1,34.9049,98.47490238793895,1.34475,1.0894163302746342,1.2374738474009683,16.06,True,True,True
873,27.95285128587402,0.25,4.545918749467827,62198.18851291749,45.53320711777925,0.129701310350135,2,mild,1,27.9342,108.70913278907894,1.58114,1.1831295629862006,1.3848239503105513,27.76,True,True,True
83,0.5071973706011842,0.25,0.2959187494678262,11711.735649955315,2.708907571660868,0.0248479266954289,0,mild,0,,,,1.0472453755541222,0.9981913910895052,20.48,False,False,False
546,0.6042513318143291,0.25,0.3459187494678262,50609.77244170707,6.143315267592687,0.0252220647327165,1,strong,0,,,,0.9043326956686604,0.8800752910699579,21.2,True,False,True
778,7.730027519815297,0.15,5.845918749467827,844817.0129009759,116.2629442531696,0.0903180846357682,2,mild,1,7.7314,127.30292656401386,1.31208,0.9816461126558772,1.061936082812738,20.59,True,True,True
1,38.84673158603543,0.05,2.7959187494678264,8953.139158267088,44.60478090535708,0.3335650562207792,0,mild,0,,,,1.1058161459989837,1.0274383477521531,34.51,False,False,False
581,0.5003963271019681,0.25,0.1959187494678261,14977.583509113663,3.041097881601191,0.0248452009333729,1,strong,0,,,,1.0531024525987964,1.1840485319689935,12.82,False,False,False
493,0.5232602151647958,0.25,0.2959187494678262,474016.5630845383,17.4989213968922,0.0248697746321182,1,strong,0,,,,0.9886746051092608,0.9569517028843652,11.17,True,False,True
599,0.8046626929310171,0.15,0.1459187494678261,13479.979702944876,4.724176879659154,0.0318982116253094,1,strong,0,,,,1.1690725780794338,1.3479873904964543,8.38,False,False,False
1334,15.732806091945582,0.15,13.095918749467828,3850298.215558939,358.2502949781962,0.129701310350135,3,strong,1,15.7293,323.7232568017862,1.81104,1.0074172516516164,0.9191753053323508,20.42,True,True,True
49,0.5348607087140628,0.25,0.4459187494678262,10177.385708262953,1.7005162885701508,0.024898556758255,0,mild,0,,,,1.096444822727806,1.033060147194224,24.83,False,False,False
502,0.5675168983789285,0.25,0.3959187494678262,36939.33341990243,5.08693828346251,0.025022485208074,1,strong,0,,,,1.1831295629862006,1.3812757768375614,20.84,True,False,True
8,0.5358822648854298,0.25,0.4459187494678262,9970.837705879212,1.330027594487279,0.0249016301479609,0,mild,0,,,,1.0542738680075054,1.1307617736707445,34.89,False,False,False
483,0.5715632471056977,0.25,0.1459187494678261,20305.188997889392,3.79792452608768,0.0250406273702221,1,strong,0,,,,0.9886746051092608,0.9314764388627584,13.91,True,False,True
327,0.6491151616285716,0.15,0.3959187494678262,9249.95739975076,3.5153936505087287,0.0294734625027041,0,mild,0,,,,1.1058161459989837,1.0843318999323155,28.38,False,False,False
450,0.6420458144922275,0.25,0.2959187494678262,52484.07808517805,6.448877227870062,0.0254750289483965,1,strong,0,,,,0.9558749736601384,0.8794479638215025,21.29,True,False,True
982,31.1736220799734,0.25,24.495918749467823,1808547.8513107055,274.51076567464423,0.1448751392411729,2,mild,1,31.2023,641.9806136750175,3.53012,1.0730165145498611,1.272288986719459,20.08,True,True,True
466,0.7719858608649823,0.25,0.3459187494678262,21242.411243122977,4.497873703272839,0.0265424373122285,1,strong,0,,,,1.1151874692701615,1.2010853535832786,14.2,True,False,True
236,0.5050333299438855,0.25,0.4459187494678262,19958.72539678608,3.196462288749173,0.0248465678447626,0,mild,0,,,,1.0847306686388336,1.3603011919456849,27.96,True,False,True
730,0.7782911788131701,0.25,0.2459187494678262,19812.28610206863,4.362565199749346,0.0266023208906721,1,strong,0,,,,0.9558749736601384,0.8831586437898794,17.92,True,False,True
527,0.6225243456635998,0.25,0.2459187494678262,18977.390283179106,3.8177962981110296,0.0253381631849958,1,strong,0,,,,1.133930115812517,1.296563803070892,19.24,True,False,True
1360,33.969335990578855,0.25,18.145918749467825,1359430.2501693582,237.99774597754055,0.1448751392411729,3,strong,1,33.9462,587.9892019883026,2.95185,1.021474236558383,1.111646910657837,9.13,True,True,True
1064,3.17363761774588,0.1,1.8709187494678263,23443565.214755792,486.6247928722265,0.0721781824614862,2,mild,1,3.1738,415.9980458353847,2.53924,1.0495882063719166,1.1368819241147927,32.86,True,True,True
623,0.5081158976471417,0.25,0.1459187494678261,22200.841831686317,3.754583805534818,0.0248482782810755,1,strong,0,,,,1.030845559829561,0.9438316289297554,18.59,True,False,True
1169,37.68718592964824,0.25,30.295918749467827,4660626.542376922,471.0993496663352,0.1548058511525273,3,strong,1,37.6652,944.2217933863697,3.58501,1.140958608265676,1.0653949093442434,8.76,True,True,True
1103,6.567350423608223,0.15,4.845918749467827,567882.6451095076,87.89934295138853,0.0834303550032252,2,mild,1,6.5664,97.11075852799831,1.28689,1.1714154088972284,1.1925181807084275,32.5,True,True,True
276,0.5020544753958329,0.25,0.1459187494678261,14406.880154034248,2.942807498588026,0.0248453997428272,0,mild,0,,,,1.1573584239904615,1.3421044302414962,20.31,False,False,False
716,2.8914029940512216,0.15,1.1959187494678265,21670.999024690245,11.374493336182804,0.0561053344780162,1,strong,0,,,,0.9441608195711662,0.9771724276349484,15.21,True,False,True
547,0.5140288283830136,0.25,0.4959187494678262,19415.216746160047,2.9056498257209293,0.0248541615636967,1,strong,0,,,,1.0566166988253,1.1518805186975691,12.67,True,False,True
640,45.63279586248859,0.05,45.64591874946783,54627.69966057844,85.07966960784685,0.3781687860332273,1,strong,0,,,,0.9277610038466048,0.941237555581484,21.99,True,False,True
701,0.6115191212095762,0.25,0.3459187494678262,203260.88347471275,12.390331098853231,0.0252706121524776,1,strong,0,,,,0.9301038346643994,0.9329207185795766,16.56,True,False,True
336,2.183765636283165,0.1,2.0709187494678263,14797.576069842606,10.033134245491032,0.0596910034679414,0,mild,0,,,,0.9722747893846996,1.1080479032519717,33.53,False,False,False
1327,36.951862435947966,0.25,0.9959187494678264,16771236.611888284,835.9434942000236,0.1448751392411729,3,strong,1,36.9107,1305.7699689717106,3.39108,0.9441608195711662,0.8569627670904322,17.91,True,True,True
260,0.5480754966277617,0.25,0.4459187494678262,10568.044291805254,1.2333493949840868,0.0249425644720859,0,mild,0,,,,1.0636451912786833,1.0879693192436248,21.58,False,False,False
1333,13.563774472125514,0.15,0.7459187494678263,558499.8986961705,124.554751314005,0.1185113657849943,3,strong,1,13.566,173.75334782579046,1.89354,1.1761010705328172,1.311792516808327,8.74,True,True,True
467,0.6993628126139416,0.25,0.3959187494678262,49360.37768039181,6.527414891886169,0.0259191813649154,1,strong,0,,,,1.194843717075173,1.361975130850005,11.22,True,False,True
1410,20.64113502504541,0.25,1.6459187494678262,6066874.663209492,387.0392414216346,0.1118121345392505,3,strong,1,20.6355,453.4764157445432,2.36984,0.9207325113932217,1.016246186313124,18.28,True,True,True
434,0.5297367014880093,0.25,0.1459187494678261,35919.32951500844,4.832308026063268,0.0248840592846645,1,strong,0,,,,1.1433014390836949,1.3504115448073453,10.1,True,False,True
138,0.5598624931881125,0.15,0.5459187494678263,10639.36439687281,3.2447073312903654,0.0280453607910276,0,mild,0,,,,0.9207325113932217,1.0019208932613854,24.71,False,False,False
94,0.595745441402511,0.15,0.2959187494678262,12764.074654191303,3.952607037375583,0.0286068324245239,0,mild,0,,,,1.1093303922256754,1.2771626125108746,30.2,False,False,False
1472,5.838494085408339,0.1,1.2209187494678264,1222771.9606513306,147.76743072497226,0.0953184483951077,3,strong,1,5.839,138.45719221607052,1.38809,0.9816461126558772,1.077251534263727,11.72,True,True,True
1471,30.54514723251741,0.25,4.8959187494678265,433339.1041599652,126.68700189983612,0.1366533436151313,3,strong,1,30.5185,300.8866521306452,2.19681,0.9582178044779328,1.1565070690738828,15.79,True,True,True
1308,22.378963073480044,0.15,15.895918749467826,97536.90909896248,68.15141024951878,0.1548058511525273,3,strong,1,22.3792,94.93812286395068,1.1873399999999998,1.136272946630538,1.112786977295507,13.8,True,True,True
924,4.002887512442723,0.15,3.995918749467826,130104846.92477313,1052.23311484259,0.0651307728871567,2,mild,1,4.0031,1076.1623506842686,3.79467,0.9207325113932217,1.0563123870098703,27.0,True,True,True
62,17.699360441790763,0.1,12.770918749467826,11420.735279903096,25.18899151073638,0.1671315676162189,0,mild,0,,,,1.0847306686388336,1.356684923089058,27.81,False,False,False
1329,32.30353412443736,0.25,13.245918749467828,3791480.583680677,397.4649137387621,0.1448751392411729,3,strong,1,32.2898,696.2691843609622,2.91049,0.948846481206755,1.0072442112606237,15.27,True,True,True
597,0.8043636574240414,0.1,0.5209187494678262,16014.67907152498,6.299953594668885,0.0376222135124614,1,strong,0,,,,1.1198731309057504,1.2718141651443684,17.35,False,False,False
479,0.5322676742711326,0.25,0.2459187494678262,26787.37670567648,4.196628112181305,0.0248917231419451,1,strong,0,,,,1.0531024525987964,1.0571240936330983,16.09,True,False,True
1081,15.523254610560302,0.15,15.395918749467826,144823.29367435584,68.90794374115816,0.1286438110784691,2,mild,1,15.5273,87.24675617280427,1.1847,1.0847306686388336,1.1582198397925128,22.87,True,True,True
628,0.5159367866936154,0.25,0.3959187494678262,24596.43208056056,3.958725574592812,0.0248572801658121,1,strong,0,,,,0.9324466654821938,0.8552552754562234,20.52,True,False,True
486,0.5551646654780811,0.25,0.4959187494678262,35857.8253561376,4.744506775950351,0.0249688132764502,1,strong,0,,,,1.0894163302746342,1.0921532895076078,17.36,True,False,True
1087,4.684884185802454,0.15,3.895918749467826,21935663.762743708,464.8816127990622,0.0713121318397106,2,mild,1,4.6849,464.7430842651262,2.43056,0.948846481206755,1.0295729750728728,20.46,True,True,True
287,0.5413584580153498,0.25,0.2959187494678262,8161.525961107868,2.3349349347904016,0.0249171240043912,0,mild,0,,,,0.9043326956686604,0.9141279413633898,20.56,False,False,False
918,0.5324921570165813,0.05,0.2959187494678262,13423.86165980857,6.639648451484885,0.0425718787376391,2,mild,1,44.4707,90.5076163929164,1.46355,1.1714154088972284,1.4048250937486777,22.06,False,False,False
1353,0.5766097751685102,0.25,0.1459187494678261,382551.3388051399,16.515318221136155,0.0250669393854474,3,strong,1,20.8269,54.64147820071072,1.03422,1.136272946630538,1.277641376743775,16.63,True,False,False
173,3.1245508308457604,0.05,0.9459187494678264,10581.238691496348,14.129614752253534,0.0979328832365827,0,mild,0,,,,1.1561870085815644,1.196983770108501,24.1,False,False,False
993,10.04029639942969,0.15,4.595918749467827,337631.15685132163,82.58832515278326,0.1012804292516761,2,mild,1,10.0379,93.81127915881872,1.08724,1.0894163302746342,1.025073836452966,25.75,True,True,True
635,0.5532388419070999,0.25,0.4959187494678262,220179.50567758144,12.815710883395138,0.0249604540332352,1,strong,0,,,,0.9277610038466048,0.9104270765354484,10.72,True,False,True
190,0.5895100654338683,0.25,0.4959187494678262,11353.86109180174,2.3814587510953,0.0251367034279151,0,mild,0,,,,1.108158976816778,1.1786455678069867,29.58,False,False,False
1142,3.2332361893101336,0.15,0.4459187494678262,452602.9572975143,54.65782895423301,0.0588406400249559,3,strong,1,3.2335,70.95213476299719,1.27149,1.1843009783950975,1.3784387441154748,15.71,True,True,True
639,0.5209751590763844,0.25,0.2459187494678262,45996.393952606246,5.440469566793954,0.0248658445835075,1,strong,0,,,,0.983988943473672,1.0528999624181266,11.61,True,False,True
1229,4.039170488298133,0.15,1.0459187494678264,10932949.246574337,301.213992480723,0.0656479983689588,3,strong,1,4.0391,349.3360043860596,2.31825,1.0472453755541222,1.1326503149468443,10.85,True,True,True
1230,12.418655097613884,0.15,4.845918749467827,15373952.7173967,627.8566045130724,0.1139153809089968,3,strong,1,12.4212,622.1193254486299,2.50382,0.9441608195711662,0.9166921532634064,19.57,True,True,True
408,0.5763027180879021,0.25,0.4459187494678262,40223.34334568692,5.352485866125245,0.0250690348998411,1,strong,0,,,,1.016788574922794,1.0976079147027062,19.94,True,False,True
953,27.151364854101804,0.25,2.5459187494678264,136537.5936094058,67.46297592245341,0.129701310350135,2,mild,1,27.1528,131.45803578861293,1.74053,1.1936723016662756,1.386261620597344,30.37,True,True,True
875,3.3342743710237444,0.15,2.245918749467826,9089542.064054327,251.24056179141573,0.0602803527713015,2,mild,1,3.3349,249.58652377506783,2.35301,1.194843717075173,1.3600988163870869,33.14,True,True,True
970,9.127003444037433,0.15,5.495918749467827,20197288.91285872,611.5749085407631,0.0970370849565969,2,mild,1,9.1262,559.3898492898032,2.70941,1.096444822727806,1.046103595096365,31.46,True,True,True
675,0.601635942768877,0.25,0.1959187494678261,24647.063672652952,4.27758645259573,0.0252056790759795,1,strong,0,,,,1.0074172516516164,1.0619355989065524,10.51,True,False,True
1008,6.553147800253396,0.1,3.620918749467826,6728621.933779075,370.5655339816199,0.101787879068315,2,mild,1,6.5542,324.66535884371115,1.74944,0.9816461126558772,0.8866216496852874,31.2,True,True,True
614,0.8988485964910178,0.1,0.1709187494678262,15982.98997071009,6.653886867476808,0.039480539065872,1,strong,0,,,,1.1854723938039953,1.42949524112597,21.99,False,False,False
1292,16.291054826657398,0.15,12.995918749467828,120697.73858289552,62.397719815374,0.1276120842139765,3,strong,1,16.2948,76.26105358970314,1.06172,1.0706736837320667,1.1102374018422163,8.32,True,True,True
517,0.5056907274468745,0.25,0.2959187494678262,18974.49815784976,3.441548492847411,0.0248467335463228,1,strong,0,,,,1.194843717075173,1.406651622928195,17.76,True,False,True
413,0.5020544753958329,0.25,0.1459187494678261,24325.28120885402,3.87925568470776,0.0248453997428272,1,strong,0,,,,1.065988022096431,1.0980515234578083,14.49,True,False,True
38,29.41828309176849,0.1,21.620918749467823,8048.772185698761,29.904983207371902,0.2360303082374914,0,mild,0,,,,0.903161280259804,0.8607330178743947,25.93,False,False,False
590,2.0895004673671838,0.15,0.8959187494678262,20879.817720983232,9.486791571157388,0.0481808656838834,1,strong,0,,,,1.108158976816778,1.204585390156126,14.64,True,False,True
82,0.5042601315961105,0.25,0.2959187494678262,11241.39343113154,2.6460918728186265,0.0248461950283728,0,mild,0,,,,1.0613023604607903,1.1193349026853834,27.49,False,False,False
551,0.6030247927837236,0.25,0.5959187494678263,26801.19551942901,3.742807880308211,0.0252179319119436,1,strong,0,,,,0.9781318664291856,0.9188535756377716,11.67,True,False,True
1147,11.882956895117523,0.15,5.945918749467827,197995.58342015577,68.6598904574043,0.109823083284368,3,strong,1,11.8855,96.32650886050398,1.15753,0.9816461126558772,1.077002226731125,19.86,True,True,True
26,0.5044952020906978,0.25,0.1459187494678261,10000.350980878322,2.486053261694151,0.0248461950283728,0,mild,0,,,,1.0472453755541222,1.1700163641126051,22.87,False,False,False
1297,19.96127383788244,0.25,13.245918749467828,2932867.37978571,274.2293341107276,0.1139153809089968,3,strong,1,39.9299,935.2141453660104,3.76871,0.9254181730288104,1.1253676908071304,8.44,True,False,False
852,9.094133482077895,0.15,6.095918749467827,45573104.89209548,918.6655468072466,0.0970370849565969,2,mild,1,9.0939,759.1874871861676,3.73373,1.0941019919100112,1.23744425707751,27.24,True,True,True
1383,12.763902480534398,0.15,4.295918749467827,336314.9532669992,93.46364711271632,0.1146437515922332,3,strong,1,12.761,114.86556341532732,1.21924,0.9219039268021187,1.0388468676517166,19.95,True,True,True
1275,8.06325024324949,0.1,1.3209187494678265,23593127.647854928,768.0027286386248,0.1125,3,strong,1,8.0623,606.2100845982419,2.53506,0.9090183573042492,0.9402296018484774,19.47,True,True,True
299,0.5915816699802917,0.25,0.4959187494678262,14092.736525470196,1.7363765410620484,0.0251501274765434,0,mild,0,,,,1.1058161459989837,1.2257352423468506,34.53,False,False,False
58,0.5647457392278689,0.25,0.4959187494678262,14309.26462886548,2.93459740579653,0.0250097001353079,0,mild,0,,,,1.065988022096431,0.9795271003308956,22.56,False,False,False
1371,5.28458435358571,0.15,0.5959187494678263,324556.40834410785,59.395176969334486,0.0747904647164837,3,strong,1,5.2844,74.75413371161312,1.22265,1.1468156853103866,1.2913435617107656,13.06,True,True,True
35,0.855215219233177,0.1,0.1209187494678261,12477.989962751755,5.73789651057769,0.0386526232256988,0,mild,0,,,,1.0683308529142723,1.0690205868410836,23.25,False,False,False
1309,8.880908961727926,0.15,8.845918749467828,1733218.2585179957,209.99924380748573,0.0957393311482476,3,strong,1,8.8807,235.21604707320503,2.09033,1.0472453755541222,1.2446253316445446,15.54,True,True,True
1302,16.273556758633408,0.15,13.495918749467828,340219.51052775566,108.31300595763088,0.1318980441134679,3,strong,1,16.2663,143.2636531424019,1.5669499999999998,1.140958608265676,1.1954856957279558,20.79,True,True,True
1041,5.271713153011302,0.15,3.4459187494678263,22333870.95312445,491.3728254058127,0.0745939785807985,2,mild,1,5.2722,484.6596013526086,2.67113,1.1690725780794338,1.1079849735937797,22.48,True,True,True
1149,8.020565415238512,0.15,0.2459187494678262,768703.7659935246,110.02532034949166,0.0896181995912459,3,strong,1,8.0207,128.10664923169202,1.07591,0.9371323271177828,0.8680552420068448,15.65,True,True,True
611,0.5817462121241502,0.25,0.4959187494678262,16565.493761578815,3.1922472936896598,0.0250938721977364,1,strong,0,,,,0.9301038346643994,0.9217771934614968,20.38,True,False,True
378,0.5101690280343825,0.25,0.1459187494678261,41423.42192568136,5.139673708076083,0.0248502010200763,1,strong,0,,,,0.9558749736601384,0.8736155642781708,20.53,True,False,True
235,0.51972419050259,0.25,0.3959187494678262,10879.416283448269,2.642948920086858,0.0248637106548368,0,mild,0,,,,1.0812164224121417,1.190821652709574,30.75,False,False,False
1431,40.72631007330981,0.25,29.245918749467823,1751623.1379183445,311.94934933578423,0.1671315676162189,3,strong,1,40.686,682.3668216821518,2.8582400000000003,0.9324466654821938,0.9991875120235006,20.98,True,True,True
758,3.878886774106792,0.15,3.245918749467826,1088851.6605156895,93.33173781798725,0.0645020437169219,2,mild,1,3.8791,103.44868634632012,1.33661,1.1690725780794338,1.2000503609409805,33.34,True,True,True
799,18.10112834127798,0.25,6.995918749467827,9761852.494780898,465.7575071210076,0.106148978486855,2,mild,1,18.0908,593.4182687521368,2.37996,0.9277610038466048,0.8921676213936129,28.12,True,True,True
257,0.5010582703426417,0.25,0.2959187494678262,11537.423327536164,2.671156933146051,0.0248452423516157,0,mild,0,,,,1.0343598060562529,1.1170295716321563,32.53,False,False,False
68,0.5098085333237259,0.25,0.1459187494678261,13268.575481053818,2.887612338834596,0.024849604260208,0,mild,0,,,,1.1854723938039953,1.1775536225081653,27.17,False,False,False
53,0.5384724463439194,0.25,0.2459187494678262,10851.947442299252,2.685701519202897,0.0249085875965934,0,mild,0,,,,1.021474236558383,1.1114710995229011,31.62,False,False,False
930,37.0422048255254,0.15,36.44591874946783,20849.96158490275,39.29938420486618,0.1928522847134572,2,mild,1,37.081,83.07397550634403,1.03543,1.1093303922256754,1.0373982300905047,31.2,True,True,True
1365,19.105452878013985,0.25,4.745918749467827,485584.9484584573,107.52463155885742,0.109823083284368,3,strong,1,38.2027,393.3797063194981,2.61624,1.136272946630538,1.2045611760168968,20.11,True,False,False
1339,6.299743381898974,0.15,3.845918749467826,1287533.5336508723,129.73243121075987,0.0818168717444638,3,strong,1,6.2999,144.63442628231053,1.35619,0.9722747893846996,1.0297740773063275,14.06,True,True,True
1078,7.496713830898486,0.15,2.9459187494678263,23735171.48057529,606.619448037731,0.0889347710589736,2,mild,1,7.4949,588.959846943734,2.75418,1.096444822727806,1.0363506701165113,34.38,True,True,True
1086,10.745243280417217,0.15,4.245918749467827,1836054.9448193216,203.1247441385048,0.10673530386975,2,mild,1,10.7422,203.4771589512897,1.95888,1.1479871007192837,1.254028063349948,23.38,True,True,True
1394,36.861959647096405,0.25,27.145918749467825,1504832.8083128522,267.69143646697944,0.1548058511525273,3,strong,1,36.9043,632.8928155614851,2.71469,0.9254181730288104,0.9853996784374406,18.72,True,True,True
101,0.5082181616119862,0.25,0.1959187494678261,10872.848574225509,2.6117253913054084,0.0248484002149367,0,mild,0,,,,1.096444822727806,1.033060147194224,22.79,False,False,False
620,0.6698645578031996,0.25,0.3459187494678262,15587.352322509803,3.590649597878848,0.0256855810803449,1,strong,0,,,,1.096444822727806,1.3165963934004374,16.37,False,False,False
1062,6.017032781887325,0.15,2.595918749467826,9191366.11809338,335.82361200712774,0.0793301475927022,2,mild,1,6.0164,291.56308435637044,2.44013,1.1433014390836949,1.3049802902520231,22.85,True,True,True
1497,17.474806314440496,0.15,16.895918749467825,105071.8614759766,62.38229255995783,0.1366533436151313,3,strong,1,17.4757,89.22964584821453,1.0672199999999998,1.096444822727806,1.0317075928322514,9.09,True,True,True
726,0.5080136748292509,0.25,0.1959187494678261,208951.07877370232,11.445689631620608,0.0248481587166052,1,strong,0,,,,1.0636451912786833,0.9930611382165712,11.2,True,False,True
793,4.777960762078291,0.1,2.0709187494678263,157170731.88308752,1537.3580104768232,0.0876147918034216,2,mild,1,4.778,1278.2950240691866,3.69875,0.903161280259804,0.9447060244907254,30.51,True,True,True
805,25.76613872951524,0.25,6.445918749467827,3082282.408470654,305.61822135858245,0.123723175277265,2,mild,1,25.7503,415.4907592376604,2.20462,0.9301038346643994,0.98766647902239,31.4,True,True,True
1343,5.789412740992338,0.15,5.695918749467827,26426409.28948689,571.1847043968135,0.0795683193377147,3,strong,1,5.7891,552.6587835279643,3.31617,1.129244454176928,1.288147229098625,8.31,True,True,True
1422,6.04584515671353,0.1,0.3709187494678262,1451553.954439258,164.71748424404453,0.0974818258184922,3,strong,1,6.0466,148.05176013644444,1.29459,1.0472453755541222,0.9715892846571116,21.69,True,True,True
785,13.209017656642157,0.15,6.6459187494678265,3073695.799147954,302.90611318922174,0.1228059705181015,2,mild,1,13.2124,263.3696888749422,1.7298600000000002,1.0074172516516164,0.9733864963916504,28.99,True,True,True
813,37.50062503125156,0.25,36.09591874946783,167820.04376900676,89.39480217365542,0.1548058511525273,2,mild,1,37.4807,197.61137025359056,1.73118,1.0285027290118087,1.1245881870341528,22.42,True,True,True
390,0.5619598215305973,0.25,0.1459187494678261,83249.45069127853,7.573092853805732,0.0249956909773567,1,strong,0,,,,0.9605606352957272,0.8779133065100566,21.72,True,False,True
977,23.89673081825134,0.25,18.895918749467825,261526.35985953145,89.02270051994932,0.123723175277265,2,mild,1,23.8812,195.9876123036272,1.89178,1.0941019919100112,1.233995496436421,34.96,True,True,True
1325,3.132302423438756,0.1,2.270918749467826,89851300.61698079,931.734140394472,0.0706422765292541,3,strong,1,3.1327,859.2371025512103,3.22773,0.9301038346643994,1.0055367409091878,19.69,True,True,True
1480,4.982212907018843,0.15,1.8459187494678264,28035905.95412427,540.4078894891596,0.0732623123591778,3,strong,1,4.9815,586.8765796212257,2.40845,0.9301038346643994,0.9078654762708712,21.5,True,True,True
243,0.5170813165053376,0.25,0.4459187494678262,8297.846809642964,2.2493439650895377,0.0248587593054264,0,mild,0,,,,1.1655583318527425,1.0843995193172102,32.44,False,False,False
104,0.5295145354820102,0.25,0.4459187494678262,11819.667412977022,1.5111804367117143,0.0248840592846645,0,mild,0,,,,0.9418179887533716,1.0142015314315298,23.24,False,False,False
405,0.5695650011144859,0.25,0.3459187494678262,36155.85347454589,5.042425735272908,0.0250328772412463,1,strong,0,,,,1.1198731309057504,1.0581096971351798,16.1,True,False,True
1074,1.9699610328718653,0.05,1.4459187494678265,14177.084231333933,13.069362790549931,0.0786287135383815,2,mild,1,48.2551,56.92934760594001,1.14169,1.1690725780794338,1.3817750594622964,30.36,False,False,False
1404,13.963804611932934,0.25,10.395918749467826,2652633.314839827,215.7253498690808,0.0944934618692138,3,strong,1,13.9584,360.18926202898643,2.87969,1.1854723938039953,1.3855991665909977,15.34,True,True,True
750,15.58713498908864,0.15,15.195918749467827,367879.21188183344,107.22045220622458,0.1256218943859993,2,mild,1,15.5806,163.6308625527863,1.9503,1.194843717075173,1.39227834020187,26.25,True,True,True
110,0.6132021091585196,0.1,0.2709187494678262,10109.700893570374,4.375746882907787,0.0336353308097395,0,mild,0,,,,1.0905877456833195,1.0117631607133863,32.42,False,False,False
962,5.188666191599615,0.15,1.9459187494678265,959251.6272806636,101.01883262807476,0.0740140588894029,2,mild,1,5.1884,105.30415308526668,1.51184,1.0613023604607903,1.3453656583920746,24.57,True,True,True
604,0.588960085629798,0.25,0.2959187494678262,23419.342258590208,4.127014528123011,0.0251342968547296,1,strong,0,,,,1.159701254808256,1.2872331019323044,13.34,True,False,True
1464,4.202753175285866,0.1,3.8209187494678254,9430857.8622645,349.9695322966024,0.081557245341977,3,strong,1,4.2026,343.06618972305904,1.90179,0.948846481206755,0.93762862143029,14.91,True,True,True
686,0.5390088303370031,0.25,0.2459187494678262,20701.108283007336,3.71122519801715,0.0249102512391483,1,strong,0,,,,0.9301038346643994,0.9776502735703546,10.2,True,False,True
834,15.135568763180997,0.25,8.995918749467826,12121400.525648171,473.7830517278934,0.0970370849565969,2,mild,1,15.1431,568.5065388214057,3.13885,1.0683308529142723,1.2021539447613665,29.95,True,True,True
246,0.515971927439545,0.25,0.1959187494678261,11973.610202573913,2.7616124481435387,0.0248570419636852,0,mild,0,,,,1.096444822727806,1.143265601546905,26.51,False,False,False
170,0.545078395788075,0.25,0.1459187494678261,9790.985112820328,2.5699436456035074,0.0249299935069996,0,mild,0,,,,0.9277610038466048,0.942920393867824,31.94,False,False,False
1277,13.976686110438136,0.25,10.895918749467826,6296151.376749206,332.3534204477508,0.0944934618692138,3,strong,1,13.9827,446.2781344279937,2.82128,0.9886746051092608,1.2195528954283443,11.15,True,True,True
692,0.5477188574934089,0.25,0.3459187494678262,32343.383272133586,4.676367532708404,0.0249398445554489,1,strong,0,,,,1.155015593172667,1.1613861307132802,12.92,True,False,True
344,0.5486709283967885,0.1,0.3709187494678262,10585.5100536865,4.2375417469500185,0.0321996905705103,0,mild,0,,,,0.903161280259804,0.8287221478144801,35.0,False,False,False
523,0.6389860061659944,0.25,0.2959187494678262,39236.84215238958,5.5627225190235015,0.0254533192786693,1,strong,0,,,,0.9816461126558772,0.912706083919762,11.38,True,False,True
1077,12.594144367291078,0.15,10.045918749467829,2087768.6015317207,234.395560938506,0.1153865119569403,2,mild,1,12.5987,234.96041388144985,2.01553,1.0812164224121417,1.2007405391058144,24.85,True,True,True
360,26.673364868229186,0.05,26.045918749467827,10962.240152748183,41.06699995176398,0.2776287235277611,0,mild,0,,,,1.091759161092217,1.020453731015706,24.91,False,False,False
212,0.7390368845896311,0.25,0.2959187494678262,11341.200824185204,3.2168013570893543,0.0262566817169634,0,mild,0,,,,1.1468156853103866,1.298750929711941,20.01,False,False,False
1449,13.600301030030463,0.15,4.595918749467827,1868840.2496536248,227.84255343777448,0.1185113657849943,3,strong,1,13.5988,222.6720393171496,1.92951,1.103473315181189,1.1807866825956237,20.69,True,True,True
925,8.603541335658278,0.15,8.145918749467826,763665.3534899136,116.7770581592116,0.0953184483951077,2,mild,1,8.6023,129.95682410487763,1.4999600000000002,1.0097600824694108,1.2015376638231734,29.01,True,True,True
465,0.5007767306001808,0.25,0.4459187494678262,19625.63873725989,3.5268539052828904,0.024845218684023,1,strong,0,,,,1.1854723938039953,1.4029800674465571,19.42,True,False,True
600,0.6622807501683352,0.25,0.4459187494678262,14392.118823236346,3.4311360121591905,0.0256286837275639,1,strong,0,,,,1.1468156853103866,1.088583560006185,12.04,False,False,False
443,0.5078263731151819,0.25,0.4959187494678262,16197.875470655912,3.5824194946779637,0.0248482782810755,1,strong,0,,,,1.0941019919100112,1.243334322029319,15.3,True,False,True
1486,3.3364771410331406,0.1,0.0709187494678261,2874654.3817848754,170.8638494356675,0.072713919698109,3,strong,1,3.3378,181.0651702126304,1.86571,1.140958608265676,1.2661464352921736,13.79,True,True,True
1357,11.929739445805362,0.15,7.595918749467827,325062.8543907305,90.71625737244712,0.1132009427427743,3,strong,1,11.9284,127.38660378178722,1.51085,1.1561870085815644,1.2224095249901392,11.86,True,True,True
945,10.420082251924304,0.15,5.195918749467827,179735.0765995422,61.83971673566841,0.1038984620604907,2,mild,1,10.4166,75.6776435835907,1.28414,1.1690725780794338,1.3479873904964543,33.09,True,True,True
43,0.6468151056198032,0.1,0.6209187494678263,11355.256104846709,1.7098181129810706,0.0343731880466918,0,mild,0,,,,1.140958608265676,1.1409608017378123,27.36,False,False,False
210,0.5581917556795113,0.25,0.4959187494678262,13199.121159104432,2.7633175935764296,0.0249823212872705,0,mild,0,,,,1.108158976816778,1.269370396486115,21.6,False,False,False
1204,3.4885884468053923,0.15,0.5959187494678263,11266790.197910445,283.1795853609489,0.0609920913115408,3,strong,1,3.4887,305.9779666705077,2.13411,0.9968745129715414,1.1141123273782405,13.89,True,True,True
776,6.502523063050566,0.15,2.7959187494678264,33378566.374662478,667.1188437318843,0.0826114068985817,2,mild,1,6.5031,616.3146512074645,2.9034500000000003,0.9863317742915458,1.0679978081913533,24.77,True,True,True
1160,0.615794084731164,0.25,0.2459187494678262,24002.99361761897,4.270756004771757,0.025294554149099,3,strong,1,34.9795,60.7840077481409,1.15786,1.1843009783950975,1.3561840769210236,18.74,True,False,False
1260,3.273049034091033,0.1,2.270918749467826,21383116.713312693,464.748402807637,0.0721781824614862,3,strong,1,3.2735,434.9956667895973,2.62526,1.1878152246217897,1.1494421323865198,11.86,True,True,True
343,3.977665986905087,0.05,2.245918749467826,9749.828475229617,15.42078773985932,0.1111369461277755,0,mild,0,,,,0.9816461126558772,1.0766119205246558,25.81,False,False,False
969,8.933272188009957,0.15,8.795918749467827,40985746.51746674,871.2033665448117,0.0970370849565969,2,mild,1,8.9351,808.0034097338837,3.2912000000000003,1.096444822727806,1.057316314669658,28.78,True,True,True
30,0.5264785414233084,0.25,0.4459187494678262,11025.323279549091,2.1281196786394805,0.0248770891014452,0,mild,0,,,,1.1198731309057504,1.1405128284110646,22.02,False,False,False
179,0.5421720933275547,0.25,0.4459187494678262,10803.42869559564,2.155956275565349,0.0249206914929919,0,mild,0,,,,0.948846481206755,0.915726335816137,22.08,False,False,False
1476,0.616922416952277,0.25,0.3459187494678262,654210.0717347668,22.321647724744224,0.0253037149706038,3,strong,1,23.0687,89.34560862915421,1.21715,1.0355312214651498,1.1758847377557953,10.32,True,False,False
766,12.678455205524608,0.15,1.0959187494678264,7350679.273996661,428.6805125614141,0.1125,2,mild,1,12.6812,397.286843558952,2.13488,1.0437311293274305,0.978089581664184,32.67,True,True,True
647,0.6946811585074416,0.25,0.3459187494678262,981336.6407745916,28.998369495495,0.025877506610626,1,strong,0,,,,1.1151874692701615,1.108535893106419,14.03,True,False,True
528,0.5299775918004787,0.25,0.3459187494678262,14988.423710681787,3.1329860587293386,0.0248862412702063,1,strong,0,,,,0.9219039268021187,0.988178501034468,9.58,False,False,False
577,0.5075881887736023,0.25,0.2959187494678262,24844.55034115676,3.945473465300007,0.0248479266954289,1,strong,0,,,,0.9722747893846996,1.0638544818957325,11.13,True,False,True
1058,12.307685995848068,0.15,9.945918749467827,19903861.794758998,709.8557848678521,0.1132009427427743,2,mild,1,12.3053,597.9566972058789,3.26788,1.140958608265676,1.220361474904668,33.94,True,True,True
1251,12.604621848739496,0.15,7.495918749467827,484230.3348185291,114.3997654999639,0.116917138035187,3,strong,1,12.6009,131.40678295490898,1.53868,1.1058161459989837,1.2257352423468506,16.0,True,True,True
133,0.5128803946985547,0.25,0.1459187494678261,15115.97337134205,3.1027007056760496,0.0248527768162762,0,mild,0,,,,1.1690725780794338,1.119341105057597,29.15,False,False,False
706,0.5119272793298033,0.25,0.3959187494678262,47952.1532003919,5.506421578168268,0.0248522189552235,1,strong,0,,,,1.0636451912786833,1.29521597871248,20.49,True,False,True
1442,24.01034079813033,0.15,13.395918749467826,37786.231420673765,42.93286388081368,0.1566701870842482,3,strong,1,23.9904,77.39656762861313,1.07668,0.9207325113932217,1.1175914001326612,16.61,True,True,True
135,0.766983628955722,0.05,0.1959187494678262,13944.906058928513,8.1199360823069,0.0502907986345646,0,mild,0,,,,1.0683308529142723,1.2694607775943196,24.25,False,False,False
1134,18.86753292494245,0.25,1.3459187494678264,116746.23183052304,50.93486730467604,0.106148978486855,3,strong,1,18.8684,86.06010712490396,1.31516,1.096444822727806,1.2945979240787746,12.86,True,True,True
249,0.5180006029728009,0.25,0.4959187494678262,11065.253970114376,2.554924912599957,0.0248600573257132,0,mild,0,,,,0.983988943473672,1.0482835246434126,26.68,False,False,False
789,7.401495151859071,0.15,3.645918749467826,7453217.162634941,341.25726097208684,0.0892744685253213,2,mild,1,7.4011,306.18412768961514,2.26996,1.0472453755541222,1.184633810224764,23.6,True,True,True
1170,5.501415744843168,0.15,3.7959187494678255,68373989.37261106,891.6537377556474,0.0772818370681184,3,strong,1,5.5016,802.5736154086419,3.87233,1.1058161459989837,1.248208620477761,11.51,True,True,True
664,0.5546159637106375,0.25,0.2959187494678262,309789.3197768147,14.561566991536823,0.0249657389608189,1,strong,0,,,,0.9441608195711662,0.9445788187169676,14.95,True,False,True
1090,4.84674094275485,0.1,1.3209187494678265,43450151.70775011,802.3128761436699,0.0869770764071256,2,mild,1,4.8472,681.2196192442277,2.75891,0.9277610038466048,0.9652753495349776,31.54,True,True,True
18,0.5298107982572176,0.25,0.3959187494678262,13027.294772256726,2.919882955529213,0.0248853612723707,0,mild,0,,,,1.0343598060562529,1.1137438636982415,32.38,False,False,False
199,0.5666254779173023,0.25,0.2959187494678262,10669.767794877913,2.7320296238514525,0.0250187819953132,0,mild,0,,,,1.194843717075173,1.3768320752275836,27.68,False,False,False
735,0.5538455516965592,0.25,0.1959187494678261,52667.87474665348,5.99896783894228,0.0249619516686867,1,strong,0,,,,0.9418179887533716,1.0129885359274835,21.33,True,False,True
1036,4.525364002244655,0.15,2.345918749467826,4850956.153978994,212.92261228491824,0.0695161034736569,2,mild,1,4.5256,205.349301684308,1.79718,1.065988022096431,1.1452550557349963,22.59,True,True,True
213,0.5257660228155007,0.25,0.1459187494678261,11641.847253652008,2.7449865769227246,0.0248744202348648,0,mild,0,,,,1.0636451912786833,0.998001423223508,21.61,False,False,False
398,0.8862820822650816,0.25,0.3459187494678262,19007.991427493456,4.557824165426267,0.0275953229890964,1,strong,0,,,,0.9675891277491108,1.1637246053236587,15.49,True,False,True
1426,35.647741046177245,0.25,18.095918749467824,2347028.71228096,312.7185044280345,0.1448751392411729,3,strong,1,35.6548,605.9582288260539,3.14501,0.9219039268021187,1.166696628510992,9.74,True,True,True
533,0.6507321631622125,0.25,0.4959187494678262,40668.81124749392,5.716540551404211,0.0255407820299861,1,strong,0,,,,1.0566166988253,1.158272732960388,15.0,True,False,True
444,0.5237486006716776,0.25,0.3459187494678262,12556.06727343828,2.85031141611534,0.0248715136086517,1,strong,0,,,,1.1854723938039953,1.3606717596785471,15.26,False,False,False
311,0.5080307091091926,0.25,0.1459187494678261,15920.200957026844,3.1558359889842964,0.0248481587166052,0,mild,0,,,,0.9254181730288104,0.9998618135397156,26.97,False,False,False
774,3.82116845036264,0.1,0.6709187494678263,82732210.15966986,989.484416336916,0.0779462202881778,2,mild,1,3.8218,963.3037891562402,2.98199,0.983988943473672,0.8773680280909079,22.68,True,True,True
1047,29.13542597412688,0.25,26.895918749467825,66170.84188270038,49.50527165445612,0.1366533436151313,2,mild,1,29.1608,108.10596071452264,1.13069,1.0636451912786833,0.9930611382165712,25.33,True,True,True
673,0.9570457183218471,0.25,0.8959187494678262,319505.0661161513,18.58288733668834,0.0282712136602505,1,strong,0,,,,0.9183896805754272,0.893903935172309,16.21,True,False,True
1429,0.5117889393946631,0.25,0.2459187494678262,34816.70236861114,4.6897896088464455,0.0248516824491401,3,strong,1,41.82,129.65630306507992,1.62129,1.136272946630538,1.300232875888303,8.85,True,False,False
972,5.892995352236073,0.15,4.845918749467827,10974756.769609423,368.09078271014295,0.0795683193377147,2,mild,1,5.8919,351.4730963559567,2.29669,1.1198731309057504,1.118699880469779,27.22,True,True,True
1223,6.16892731116284,0.15,4.8959187494678265,4024817.404410479,229.3730416036637,0.0818168717444638,3,strong,1,6.1695,221.34812896598697,1.82743,0.9019898648510196,1.121657019357031,19.81,True,True,True
705,0.515305070770922,0.25,0.1459187494678261,34583.10178635382,4.699709788676476,0.0248563416179937,1,strong,0,,,,1.1468156853103866,1.250510767781995,17.42,True,False,True
496,0.5934586021130995,0.25,0.1959187494678261,63916.94877799763,6.842923607666873,0.025158836081326,1,strong,0,,,,0.9781318664291856,1.1257008299547837,20.72,True,False,True
499,0.5453530733487976,0.25,0.1959187494678261,76355.79152415134,7.170637449376763,0.0249319197335588,1,strong,0,,,,1.173758239715023,1.1548931266583382,14.72,True,False,True
1470,8.468887094679667,0.15,1.8959187494678265,15145454.400988366,511.0073621338266,0.0936900396693081,3,strong,1,8.4701,463.8541954531231,2.94096,1.1468156853103866,1.2469689201273897,16.75,True,True,True
225,0.5027875470792432,0.25,0.3459187494678262,9447.371163202486,2.421629613166703,0.0248455831724495,0,mild,0,,,,1.0706736837320667,0.9890201816425208,23.76,False,False,False
1148,31.04586662251108,0.25,4.245918749467827,62870.40409003074,48.25488042484359,0.1366533436151313,3,strong,1,31.0412,105.97046749712376,1.4301099999999998,1.096444822727806,1.2686279466109731,20.88,True,True,True
357,0.7635050734058246,0.05,0.7459187494678263,10711.500186635338,7.124984472132527,0.0503461937684183,0,mild,0,,,,0.9558749736601384,0.9946256743661436,20.06,False,False,False
1493,14.27966222713036,0.15,9.745918749467828,938536.415907564,164.93621216784751,0.1210319607760169,3,strong,1,14.2757,187.5878073155818,1.55111,1.096444822727806,1.0341833706233932,19.07,True,True,True
1276,17.866331562522333,0.15,7.395918749467826,1694601.2848880528,250.5254688677567,0.1366533436151313,3,strong,1,17.8724,310.0315744574416,2.32903,1.1561870085815644,1.2078955344346112,14.56,True,True,True
325,1.7434953830703277,0.1,1.7209187494678264,11898.601354359069,3.347533687846295,0.0534031062286086,0,mild,0,,,,1.103473315181189,1.2586597375017905,20.15,False,False,False
289,0.5402003489810581,0.05,0.2959187494678262,9135.5961253953,5.504587601387066,0.0427613100080946,0,mild,0,,,,0.9090183573042492,0.9489695656458794,32.73,False,False,False
244,14.041451747282888,0.05,4.745918749467827,9081.14480993715,30.134937879373755,0.2239526708070477,0,mild,0,,,,1.0613023604607903,0.9692971044349776,33.92,False,False,False
916,23.095340744618603,0.15,19.495918749467823,357832.0603951843,133.75949693296255,0.1586041597913043,2,mild,1,23.1099,153.11602325143724,1.16721,0.9277610038466048,0.8613822833964364,28.46,True,True,True
908,18.727604160163807,0.25,12.645918749467826,49166211.86319396,1081.9538307990815,0.109823083284368,2,mild,1,18.7359,1222.510654999294,3.83394,0.9418179887533716,1.0013277256311135,22.34,True,True,True
544,2.7127941445099357,0.05,1.8959187494678265,12166.7246957433,14.421449300511927,0.0932961259646332,1,strong,0,,,,1.1690725780794338,1.333553849936101,19.02,False,False,False
636,0.6193180832870205,0.25,0.2959187494678262,24332.874662163464,4.313132873578118,0.0253192055322544,1,strong,0,,,,1.030845559829561,1.0081854707138025,21.82,True,False,True
411,0.5659693189124574,0.25,0.1459187494678261,22116.74813859774,3.9215088009444097,0.0250169455024114,1,strong,0,,,,1.016788574922794,1.0513537022643988,13.59,True,False,True
980,40.50853408231608,0.25,13.845918749467828,149756.46763304548,84.4467901312913,0.1548058511525273,2,mild,1,40.5089,178.2991888686735,1.96394,1.0905877456833195,1.34310754192107,21.57,True,True,True
1478,21.862292119109732,0.25,5.195918749467827,2371609.8774631866,246.5978703852555,0.1139153809089968,3,strong,1,43.728,785.8559531849427,3.23213,1.103473315181189,1.0528696392462555,11.95,True,False,False
349,0.5034391071780391,0.15,0.4959187494678262,10764.950855775523,3.152844882145851,0.027152454763065,0,mild,0,,,,0.9675891277491108,1.113347380344328,33.59,False,False,False
665,0.5126721396811551,0.25,0.1459187494678261,24343.484971879858,3.916441221522733,0.0248525884895549,1,strong,0,,,,1.1714154088972284,1.4186351123071113,11.42,True,False,True
151,0.5045960136931739,0.25,0.1959187494678261,12488.146235625618,2.7894043218570497,0.0248462648561971,0,mild,0,,,,0.9043326956686604,1.0148250087240085,25.1,False,False,False
295,0.5679210820847488,0.25,0.3459187494678262,14061.609058981605,3.141304797510787,0.0250271709676976,0,mild,0,,,,1.1761010705328172,1.354508049337772,26.17,False,False,False
1261,26.958123652048886,0.25,4.545918749467827,411275.0844925272,117.08616264565268,0.129701310350135,3,strong,1,26.9644,221.10941882774247,2.01619,1.103473315181189,1.2381837236639877,10.36,True,True,True
1173,4.522662308685007,0.15,1.7459187494678263,37321354.85493541,587.8504065735272,0.0692045665447833,3,strong,1,4.5234,696.0597027738438,2.49997,0.9511893120245496,0.8653041909891679,11.61,True,True,True
414,0.5479962033557483,0.25,0.1459187494678261,15736.748626865903,3.2478645176805805,0.0249405208600442,1,strong,0,,,,1.0355312214651498,1.2312615488589786,16.2,False,False,False
1095,21.130520532506868,0.25,3.595918749467826,904603.2748750512,152.29890270788871,0.1139153809089968,2,mild,1,42.2593,492.0697457554383,2.39019,0.9019898648510196,0.983957519697122,22.56,True,False,False
1232,7.187317316262087,0.15,5.095918749467827,26875019.141572338,619.6199196923908,0.0854434658091638,3,strong,1,7.1881,539.8583399739557,3.56972,1.1854723938039953,1.4029800674465571,18.57,True,True,True
1020,48.40265900803511,0.25,23.095918749467828,1207719.305302799,259.0280235056945,0.1671315676162189,2,mild,1,48.4506,619.0038990234608,2.64132,0.9441608195711662,0.9694637696630932,25.94,True,True,True
1088,31.76177871889889,0.15,2.645918749467826,724256.2974706884,212.75812227014512,0.1772148042592244,2,mild,1,31.7783,285.8458133733487,1.90707,1.096444822727806,1.0300492077278107,28.08,True,True,True
997,11.592024421345492,0.15,7.045918749467827,4417660.460111317,328.2496246765196,0.1111369461277755,2,mild,1,11.5907,304.48739673816715,2.18218,1.0894163302746342,1.1419922757977845,32.8,True,True,True
641,0.5031548862999775,0.25,0.2959187494678262,21581.08883375968,3.6617710405792927,0.0248457216349198,1,strong,0,,,,1.0730165145498611,1.2249970243334032,15.59,True,False,True
1085,6.166416575880286,0.15,3.9459187494678254,278140.7782878085,64.67277707469745,0.0876147918034216,2,mild,1,6.1671,70.0978995493403,1.20241,1.1843009783950975,1.3114668972139492,30.11,True,True,True
482,0.5392582291751302,0.25,0.2959187494678262,29720.85718795108,4.447576482125978,0.0249108106318466,1,strong,0,,,,1.133930115812517,1.219619719951349,14.94,True,False,True
1019,17.576165924537143,0.25,16.495918749467826,27980961.83349326,788.5424223562138,0.106148978486855,2,mild,1,17.5795,870.465329597452,3.67598,1.0495882063719166,1.1377704673923952,30.01,True,True,True
1395,12.169288559676122,0.15,2.595918749467826,70054877.04742175,1366.7955423536885,0.1161441404389985,3,strong,1,12.1725,1284.793911504976,3.5281400000000005,0.9043326956686604,0.8988481543855872,18.0,True,True,True
838,22.748574375151662,0.25,8.695918749467827,32532973.597976536,950.6280613651714,0.1185113657849943,2,mild,1,22.7603,1188.2187597831307,3.50966,1.016788574922794,0.9297669394810636,33.0,True,True,True
192,0.5972484246052255,0.25,0.2959187494678262,13280.204857265038,3.12948260886093,0.0251818256831822,0,mild,0,,,,1.0343598060562529,1.114130415369383,23.04,False,False,False
1199,3.0750858490082518,0.1,1.4709187494678264,68260969.33603528,804.3776513732652,0.0699917964269063,3,strong,1,3.0752,754.9255128972388,2.78157,0.9043326956686604,0.924475057444265,16.41,True,True,True
1116,32.65161739736166,0.25,17.345918749467824,5501321.354371642,478.77105499269527,0.1448751392411729,2,mild,1,32.6565,780.9404346845494,3.28515,0.995703097562644,1.0735036001596454,34.27,True,True,True
136,0.5146049760529169,0.25,0.3959187494678262,11380.783456354424,2.689383316376653,0.0248554410912473,0,mild,0,,,,0.9968745129715414,1.2457918440007525,33.96,False,False,False
279,0.637614561901685,0.15,0.2959187494678262,10161.835143879654,3.6530121668078968,0.0292973332990706,0,mild,0,,,,1.0730165145498611,1.066425711203939,34.59,False,False,False
141,0.5640519230863241,0.1,0.3709187494678262,10750.971521115867,4.327807244091825,0.0325365490809105,0,mild,0,,,,1.1936723016662756,1.3863982481318544,25.85,False,False,False
989,7.441483186648542,0.15,5.695918749467827,4415932.057371714,260.64806975547936,0.0885990293810734,2,mild,1,7.4391,254.50688017029915,2.22233,1.103473315181189,1.272084735499216,30.46,True,True,True
1125,17.494984603900342,0.15,14.995918749467828,66468886.143252,1583.748671495052,0.1379257703181171,3,strong,1,17.4956,1322.5345603714825,3.60547,0.9558749736601384,0.9053481683867524,16.92,True,True,True
1066,7.173705103065665,0.15,2.9459187494678263,16583852.152413024,486.7362464476017,0.0854434658091638,2,mild,1,7.1733,404.5061915560482,3.10596,1.1936723016662756,1.4102318778856704,26.38,True,True,True
1377,7.27008792252736,0.15,2.595918749467826,193032.91544620035,53.675770047962935,0.0872941357987517,3,strong,1,7.2713,65.36356319008858,1.01959,1.0472453755541222,1.1516352875127471,10.97,True,True,True
780,3.0429702002138264,0.1,2.6709187494678264,24712553.40610489,479.4624257762106,0.0693597845303107,2,mild,1,3.0435,466.4907700518268,2.17294,0.9043326956686604,0.9187206178630278,32.98,True,True,True
1154,3.5582287969939075,0.15,1.1459187494678262,775761.2110976761,75.38721586405677,0.0618394056324471,3,strong,1,3.558,93.0855968503589,1.43462,1.1093303922256754,1.357853428191987,21.71,True,True,True
1379,3.5152990916164346,0.1,2.120918749467826,117810400.09803852,1131.6129316831762,0.0747904647164837,3,strong,1,3.5159,993.5986945425806,3.64892,0.983988943473672,1.0571000458921316,20.38,True,True,True
51,18.589735645147297,0.1,2.170918749467826,8762.745518629128,22.376959475099287,0.1694891961437145,0,mild,0,,,,0.9066755264864548,0.8756879839057834,29.95,False,False,False
731,0.5101690280343825,0.25,0.1959187494678261,28021.72811122489,4.201366715104423,0.0248502010200763,1,strong,0,,,,0.903161280259804,0.8816866133227489,11.18,True,False,True
866,3.767951748513493,0.1,3.470918749467826,729954.0812416655,92.39845580097888,0.0775013350930924,2,mild,1,3.7684,87.46389733789906,1.05974,1.096444822727806,1.0347660477005085,31.41,True,True,True
169,0.5289230028171378,0.25,0.2459187494678262,10114.522478876932,2.5698879699660555,0.0248823569022284,0,mild,0,,,,1.0613023604607903,1.135270934978807,31.01,False,False,False
800,5.068888490874007,0.15,4.745918749467827,572925.4781012903,77.45462972593762,0.0734480080439396,2,mild,1,5.069,87.53091793676734,1.09219,0.9277610038466048,1.0660429693867486,34.85,True,True,True
1130,17.53548130655381,0.25,1.6459187494678262,1633438.4641439533,184.4721334050187,0.1028265932075778,3,strong,1,17.5363,322.674811468489,2.7049000000000003,1.1690725780794338,1.3750735784389505,17.25,True,True,True
384,0.5595523432035439,0.25,0.3959187494678262,175362.46402574753,11.00864973814613,0.0249880920396123,1,strong,0,,,,1.1690725780794338,1.1339266261413372,8.09,True,False,True
724,0.8270192900409221,0.25,0.4459187494678262,82823.50734719828,9.19783179069096,0.0270530278867358,1,strong,0,,,,1.1843009783950975,1.323384643412242,8.12,True,False,True
396,0.6679450075903347,0.25,0.3959187494678262,40703.741492281806,5.793970665796335,0.0256706107944128,1,strong,0,,,,1.1714154088972284,1.3817669542923208,14.62,True,False,True
261,0.5013401268299107,0.25,0.1459187494678261,15012.0661918907,3.045561767430688,0.0248452577355872,0,mild,0,,,,1.194843717075173,1.3680577346779932,21.5,False,False,False
757,3.2851135592106697,0.15,2.5459187494678264,1060360.6130291272,84.93136937315623,0.0596910034679414,2,mild,1,3.2854,93.23985714254484,1.41603,1.0905877456833195,1.339149028591346,29.5,True,True,True
574,0.762275845315862,0.1,0.3209187494678262,13908.3489525245,5.720622950965781,0.0367979684447845,1,strong,0,,,,0.9781318664291856,0.9273521643651558,8.67,False,False,False
704,0.5318379442856362,0.25,0.3459187494678262,60323.07352826576,6.294526698396373,0.0248903202088127,1,strong,0,,,,1.0847306686388336,1.0742541423270249,15.72,True,False,True
1073,21.736830664444604,0.25,3.1959187494678263,434732.6977494562,105.57931734002666,0.1139153809089968,2,mild,1,21.743,211.0672256610346,2.01289,1.0730165145498611,1.2652224733001851,33.53,True,True,True
540,0.6391477405161161,0.25,0.2459187494678262,59840.79010458184,6.869719945743858,0.0254533192786693,1,strong,0,,,,0.9558749736601384,1.071531591106544,12.8,True,False,True
710,0.5143953184350337,0.25,0.2459187494678262,30759.77688043337,4.419277889762286,0.024854790640048,1,strong,0,,,,0.9043326956686604,1.0463706256720773,20.09,True,False,True
1342,5.920629344406595,0.15,1.7459187494678263,16743392.733977178,446.4595210944871,0.0781716658562967,3,strong,1,5.92,424.9677037949632,2.67938,1.0531024525987964,1.18689856310924,19.03,True,True,True
1096,33.667399892260725,0.25,14.845918749467828,2757846.441964609,338.98417133428524,0.1448751392411729,2,mild,1,33.681,429.0323189584717,2.13488,1.030845559829561,0.9412082390886132,20.36,True,True,True
1358,33.29744489089173,0.15,4.445918749467826,59776.81487499308,64.20700084022049,0.1861122600665755,3,strong,1,33.2776,101.27624567081092,1.00034,0.9043326956686604,0.9077183063844484,15.97,True,True,True
607,0.6331646667142259,0.25,0.3459187494678262,42211.801779259455,5.746012664473422,0.0254163384401262,1,strong,0,,,,1.194843717075173,1.4230638648009912,16.24,True,False,True
932,4.079409716933922,0.15,0.1959187494678262,51881087.70520391,658.9016326811031,0.0659115403451056,2,mild,1,4.079,634.93194741893,3.31716,1.0683308529142723,1.2021539447613665,28.11,True,True,True
1306,3.29082181141646,0.1,2.470918749467826,3242689.0916737984,185.73285241070005,0.0740140588894029,3,strong,1,3.2903,175.2935581385809,1.3955700000000002,0.9277610038466048,0.9625557721824648,21.23,True,True,True
912,14.306629913298933,0.15,0.1959187494678262,52922987.98084873,1238.5473957902473,0.1210319607760169,2,mild,1,14.3091,1037.979435761639,3.73868,0.995703097562644,1.059695709445718,28.22,True,True,True
230,0.5069428132546306,0.25,0.4459187494678262,12129.62829993783,2.578845355561784,0.0248477041506117,0,mild,0,,,,0.9019898648510196,0.8357444665144614,23.44,False,False,False
359,0.5038911773776226,0.25,0.4459187494678262,9552.223664276338,2.3188617908116145,0.0248459997502946,0,mild,0,,,,1.065988022096431,1.0738739823623904,24.76,False,False,False
252,0.5141858315827578,0.25,0.3959187494678262,13653.149911276349,2.943792711119484,0.0248545785731913,0,mild,0,,,,1.1761010705328172,1.3694836781467747,28.06,False,False,False
1262,4.556667081843506,0.1,0.3209187494678262,5135834.62934488,268.01092320253,0.0845624643089311,3,strong,1,4.5569,232.03392546543105,2.08692,1.112844638452367,1.2510864296820376,17.01,True,True,True
1441,12.531643454504438,0.15,10.545918749467829,9641034.621265983,503.6977639435543,0.1153865119569403,3,strong,1,12.5353,467.6635549638809,2.59897,1.1573584239904615,1.0974677299347806,19.49,True,True,True
16,0.5069428132546306,0.25,0.4459187494678262,18352.637017323603,3.440929788355133,0.0248477041506117,0,mild,0,,,,1.0542738680075054,0.9853066982554612,31.93,True,False,True
1075,6.255525898740512,0.15,5.995918749467827,53944388.53295493,834.3000816442944,0.0813001578720744,2,mild,1,6.255,844.2307743260793,3.05657,0.9441608195711662,0.9606407660314792,26.38,True,True,True
435,0.5554699691814988,0.25,0.1959187494678261,75700.67132696167,7.205615823870168,0.0249703652764163,1,strong,0,,,,1.0941019919100112,1.2152278234580087,8.15,True,False,True
1355,3.0103217338425625,0.1,2.4209187494678264,753507.3803659946,84.31227782554585,0.0698320961690853,3,strong,1,3.0102,92.05400868417212,1.10418,0.9863317742915458,1.0509348155881548,21.87,True,True,True
372,3.8096387072195057,0.1,1.3709187494678263,11732.784789233589,11.748734494671222,0.0777227865337105,0,mild,0,,,,1.016788574922794,1.1389958403827227,28.68,False,False,False
456,0.5318379442856362,0.25,0.1459187494678261,18660.370522842222,3.508823333510517,0.0248893969488421,1,strong,0,,,,0.9043326956686604,1.0541433121020376,16.2,True,False,True
1336,10.52138718592612,0.15,3.995918749467826,5123257.962118375,331.9300989413146,0.1044473848444829,3,strong,1,10.5203,353.49476180624055,2.84493,1.1690725780794338,1.3817750594622964,10.76,True,True,True
965,42.9182523105096,0.25,23.645918749467825,1124390.759731891,249.93229746961148,0.1671315676162189,2,mild,1,42.8681,655.1675222107372,3.30572,1.0613023604607903,1.1793620288588915,25.96,True,True,True
9,0.6351287893575965,0.1,0.1709187494678262,13221.00274800173,5.096514997895667,0.0341379757873281,0,mild,0,,,,1.1936723016662756,1.3916484807890928,23.44,False,False,False
601,0.5559591541726124,0.25,0.3959187494678262,23485.487813951928,4.015545471482124,0.0249727118444132,1,strong,0,,,,0.9769604510202644,1.0145098138468942,10.87,True,False,True
702,0.5032718795516168,0.25,0.1959187494678261,20464.761519129977,3.565253427101585,0.0248456731136197,1,strong,0,,,,1.194843717075173,1.4142918069078991,19.03,True,False,True
1258,6.84012276149521,0.15,2.2959187494678264,96954115.38209462,1160.424463660787,0.0842749828079052,3,strong,1,6.8405,1239.1180179267974,3.2461,0.9043326956686604,0.8420983464081163,21.6,True,True,True
241,0.5868385717594475,0.1,0.5709187494678263,16869.69314621403,5.090964225457122,0.0330782915944975,0,mild,0,,,,1.1936723016662756,1.4204454610208976,29.48,True,False,True
291,0.6406341293406544,0.1,0.2709187494678262,9099.883388660051,4.232393681699504,0.0341653051196855,0,mild,0,,,,0.9558749736601384,0.9946256743661436,34.32,False,False,False
85,0.5686457969229929,0.1,0.1709187494678262,11386.705590705062,4.471489154659458,0.0326373096500575,0,mild,0,,,,0.9219039268021187,0.9662004631855672,24.13,False,False,False
816,0.5271563081099374,0.25,0.4459187494678262,17708.969010774916,3.6821500726759218,0.0248782688075406,2,mild,1,22.1388,62.14551312498847,1.19713,1.1936723016662756,1.386735652068645,26.8,True,False,False
1122,3.9527603045308046,0.15,2.9459187494678263,16894742.622101165,370.6152062098818,0.0650034714586363,2,mild,1,3.9528,349.0058078823336,2.8094,1.1714154088972284,1.373265491523353,26.91,True,True,True
938,3.0757101026091087,0.1,0.7209187494678263,20426283.60608352,441.0623928013504,0.0701526506632401,2,mild,1,3.0754,405.1750160150234,2.16722,1.021474236558383,0.9831933372708964,24.26,True,True,True
445,0.5421720933275547,0.25,0.1959187494678261,60258.61865845781,6.350885562556349,0.0249206914929919,1,strong,0,,,,1.0812164224121417,1.2112706537787012,13.33,True,False,True
743,0.7543437820135314,0.25,0.5459187494678263,51060.49570534232,6.89509688053321,0.0263891948867714,1,strong,0,,,,1.091759161092217,1.020453731015706,20.63,True,False,True
358,2.4972737186477643,0.05,1.0959187494678262,11930.301575886262,13.600217494776077,0.0889347710589736,0,mild,0,,,,1.0495882063719166,1.139096657363004,29.52,False,False,False
1278,4.421044875101319,0.1,4.170918749467827,1002978.590690885,116.81595447662173,0.0834303550032252,3,strong,1,4.4208,108.85291968451696,1.1979,1.000388759198233,1.0484742760947012,12.92,True,True,True
1257,8.598658564549416,0.15,1.4459187494678265,28445091.316786397,700.3089381909317,0.0936900396693081,3,strong,1,8.5983,568.9214325325654,3.63495,1.1936723016662756,1.3916484807890928,19.72,True,True,True
1350,8.016321775193466,0.15,4.295918749467827,1000831.93836742,127.56837403821842,0.0910350932694978,3,strong,1,8.0164,137.29150375082526,1.70819,1.1761010705328172,1.3312867209217212,13.91,True,True,True
25,0.5145874980573674,0.25,0.2459187494678262,11313.198073508269,2.6801087485053228,0.024854790640048,0,mild,0,,,,1.0542738680075054,1.0395207598903542,30.05,False,False,False
854,12.894254988093904,0.15,1.8459187494678264,28261344.72512301,873.9680358605957,0.116917138035187,2,mild,1,12.8973,751.429500478691,3.34499,1.0683308529142723,1.1143149550133709,25.35,True,True,True
613,0.6287764524591428,0.15,0.5459187494678263,23262.65442446085,5.482254014137876,0.0291333543223041,1,strong,0,,,,1.0636451912786833,1.2166069130939232,8.89,True,False,True
71,0.5377271166182576,0.25,0.1959187494678261,16540.2459912608,3.3140457245762622,0.0249069457472486,0,mild,0,,,,1.1433014390836949,1.1500295942925662,29.64,True,False,True
1123,13.938112716628725,0.15,0.0959187494678261,417840.1273934552,108.57044209945953,0.1201737097952954,2,mild,1,13.9436,134.32570245514327,1.26599,1.0636451912786833,0.9974886688805212,23.46,True,True,True
765,40.83607851678419,0.25,32.395918749467825,97831.5079375925,73.72302065373266,0.1671315676162189,2,mild,1,40.876,162.70393180720424,1.2251800000000002,0.9441608195711662,0.8771182162419942,23.83,True,True,True
594,0.6823236350684189,0.25,0.3959187494678262,360113.26515088795,17.41050384297946,0.0257786760370727,1,strong,0,,,,0.9441608195711662,1.0169891365926444,19.77,True,False,True
933,7.99517075588864,0.15,7.195918749467827,672416.9367223083,106.75625149180492,0.092907263154642,2,mild,1,7.9973,128.65570813921886,1.19515,0.9371323271177828,0.9621995333951474,20.91,True,True,True
507,0.5356927935131868,0.25,0.3459187494678262,57962.32853264249,6.191516241450875,0.0249005960277998,1,strong,0,,,,1.0097600824694108,1.2015376638231734,20.59,True,False,True
78,0.5192966688431693,0.25,0.4459187494678262,12480.01479077032,2.448092604446175,0.0248625436911272,0,mild,0,,,,1.103473315181189,1.2452649808777272,33.0,False,False,False
20,1.1574474192692097,0.05,1.1459187494678262,13664.88043259652,9.897279026748128,0.061200438747518,0,mild,0,,,,1.108158976816778,1.3600765398452266,23.03,False,False,False
451,0.5034558360532042,0.25,0.1459187494678261,18653.485567380303,3.421914528699949,0.0248457725234179,1,strong,0,,,,1.1468156853103866,1.1004570201156865,10.31,True,False,True
1393,12.347808190985798,0.15,10.445918749467827,4191961.553615367,323.7267966053848,0.1125,3,strong,1,12.3438,334.1855452782787,2.38568,1.0706736837320667,1.1917238063484237,9.37,True,True,True
687,0.5571039434617215,0.25,0.5459187494678263,28445.92568926525,3.9155182392955625,0.0249774718938121,1,strong,0,,,,1.129244454176928,1.300258803980612,12.25,True,False,True
830,13.527443588679857,0.25,5.495918749467827,2953954.222156247,221.88413726373227,0.0921442675250926,2,mild,1,13.5236,330.5418292303153,2.67773,1.190158055439584,1.3449645176255065,22.92,True,True,True
1345,4.446997435479329,0.1,3.470918749467826,24854392.250678547,581.5109600066636,0.0834303550032252,3,strong,1,4.4463,550.9096947790555,2.24026,0.9371323271177828,0.8715964907144941,19.95,True,True,True
829,16.72259632536568,0.25,5.595918749467827,2571150.6625927887,231.44251727808447,0.1028265932075778,2,mild,1,16.72,402.1452235841005,2.9447,1.108158976816778,1.3409323086530316,33.93,True,True,True
550,0.5820814607471924,0.25,0.1459187494678261,16738.891757634505,3.445345697245652,0.0250960964324601,1,strong,0,,,,0.948846481206755,1.036917379475402,20.47,True,False,True
497,0.5295330421981296,0.25,0.1959187494678261,26332.609475444544,4.148596855119044,0.0248836300896719,1,strong,0,,,,1.194843717075173,1.3680577346779932,13.49,True,False,True
1143,0.7001384453234327,0.25,0.4959187494678262,423116.3451505709,19.131586437387227,0.0259316250189846,3,strong,1,33.9996,67.34268917797695,1.06579,0.9558749736601384,1.1859972158278875,8.22,True,False,False
598,0.510134673241048,0.25,0.1459187494678261,31355.74032567315,4.478911684541883,0.0248500482738733,1,strong,0,,,,0.903161280259804,1.0195759591055904,8.55,True,False,True
1080,15.765547976161695,0.15,12.145918749467826,4047909.2791896393,364.3052799817909,0.1286438110784691,2,mild,1,15.7703,328.2848526681224,1.90652,0.9371323271177828,0.96088895016784,27.42,True,True,True
153,33.969335990578855,0.05,18.845918749467824,9592.007713391387,46.16879107841714,0.3335650562207792,0,mild,0,,,,0.903161280259804,0.8900660772710814,22.45,False,False,False
1454,14.360872021216505,0.15,6.995918749467827,2123791.169623333,246.33259569842517,0.1201737097952954,3,strong,1,14.357,311.1746235805258,2.62504,1.194843717075173,1.3589112530071146,9.69,True,True,True
661,0.6749074108653815,0.25,0.2959187494678262,41914.48035551402,5.910053606321627,0.0257247877713763,1,strong,0,,,,0.974617620202494,1.0617635076461196,12.56,True,False,True
418,0.5748595571287644,0.25,0.5459187494678263,18512.045565940665,2.667235783224565,0.0250607142866235,1,strong,0,,,,0.9675891277491108,1.0029737687787732,9.69,True,False,True
76,0.5590980776449108,0.25,0.3459187494678262,8989.912524431113,2.49082685937054,0.0249847795360432,0,mild,0,,,,1.0847306686388336,1.011437631496783,24.32,False,False,False
729,0.5852291814360676,0.25,0.4459187494678262,100087.80768558595,8.507060046402954,0.0251154211666258,1,strong,0,,,,0.903161280259804,0.8900660772710814,18.67,True,False,True
416,39.04696204508773,0.15,27.695918749467825,13006.54551176757,32.25714867965558,0.2003869223968956,1,strong,0,,,,0.9968745129715414,0.8905506017652866,20.67,False,False,False
232,0.7876784085424996,0.15,0.6959187494678263,10502.784365242793,4.134198079379955,0.0316876879296752,0,mild,0,,,,1.016788574922794,1.122766251595923,31.38,False,False,False
39,0.5636741959765097,0.15,0.5459187494678263,11507.448400773232,2.759289320277531,0.0281072070311811,0,mild,0,,,,1.096444822727806,1.1813408653909805,30.79,False,False,False
326,16.85280271451524,0.05,8.145918749467826,14515.60757159917,39.08911218929487,0.2297528101025764,0,mild,0,,,,1.1936723016662756,1.4326486451307818,34.33,False,False,False
779,12.31769208028118,0.15,6.245918749467827,299921.1558712448,86.59115946088909,0.1125,2,mild,1,12.3203,102.441387868514,1.11804,0.9324466654821938,1.008734491045299,26.01,True,True,True
946,6.419864579142449,0.15,0.6459187494678262,889251.5758782219,108.8884184767888,0.0826114068985817,2,mild,1,6.4199,116.44684176174457,1.30647,0.995703097562644,1.105586788759252,24.65,True,True,True
19,0.539930836153966,0.25,0.4459187494678262,11609.619889267662,1.8921850421052009,0.0249130724415231,0,mild,0,,,,0.9066755264864548,0.923875733591034,22.97,False,False,False
1427,9.94147589443126,0.15,2.045918749467826,1603924.5023500186,181.8532603388696,0.1023031988500929,3,strong,1,9.9389,203.4238920032976,1.77617,0.9207325113932217,1.1372103581742363,19.63,True,True,True
400,0.5575139401715564,0.25,0.1459187494678261,667399.2727196679,21.418034759206652,0.0249782739174836,1,strong,0,,,,0.9441608195711662,0.8955551054165585,10.53,True,False,True
845,3.2844014197845794,0.1,2.020918749467826,2856086.2907396904,169.85098313556531,0.0721781824614862,2,mild,1,3.2841,151.301843686709,1.5085400000000002,1.1655583318527425,1.1199328307422896,20.91,True,True,True
1498,4.061911003271301,0.15,2.245918749467826,74639176.92299443,791.9722054105248,0.0660445738478861,3,strong,1,4.0614,798.2244796057633,3.63803,1.103473315181189,1.1758746039369514,16.18,True,True,True
1210,9.793673076295256,0.15,5.8959187494678265,845870.7733016724,133.44589073373302,0.103358274273202,3,strong,1,9.7964,129.4450820576643,1.59819,1.1643869164438791,1.2827525517934166,13.36,True,True,True
888,3.1348948416720828,0.1,2.720918749467826,16419068.508883275,398.29429205174125,0.0706422765292541,2,mild,1,3.1344,370.3399125334923,2.07295,0.9511893120245496,0.983661838334852,30.56,True,True,True
1158,11.75389654659008,0.15,3.6959187494678254,9501789.440252513,475.6396555279786,0.109823083284368,3,strong,1,11.7551,487.2655594002948,3.23818,1.0730165145498611,1.3396007563640602,11.32,True,True,True
1112,40.18620227729404,0.25,37.09591874946783,305732.5548024356,130.32705756468474,0.1671315676162189,2,mild,1,40.2098,353.4193416945657,2.64825,1.1761010705328172,1.286385334044624,23.63,True,True,True
923,11.115763419026374,0.15,5.745918749467827,2447739.8953179363,238.58789494030296,0.1085555323259812,2,mild,1,11.1195,234.09665047277252,1.50546,0.9219039268021187,0.8985223346664076,33.83,True,True,True
492,0.7106470799485662,0.25,0.4459187494678262,89312.62564238446,8.851237679456572,0.0260132990857236,1,strong,0,,,,1.0636451912786833,0.9971585139118953,16.34,True,False,True
865,7.982533634196185,0.1,1.4209187494678264,429776.8249085906,103.01346249172047,0.1118121345392505,2,mild,1,7.9829,97.3952418497204,1.09747,0.948846481206755,1.0155026080725025,26.76,True,True,True
712,0.5104956295012325,0.25,0.3459187494678262,467307.6200194181,17.15982948529355,0.02485035613732,1,strong,0,,,,1.1690725780794338,1.384172619456668,16.54,True,False,True
984,7.347653571078671,0.15,4.745918749467827,20003209.340122957,546.4021991952603,0.0872941357987517,2,mild,1,7.3468,498.5679622526407,2.86792,1.0613023604607903,1.172903020755327,32.18,True,True,True
222,0.5170107372922279,0.25,0.4459187494678262,18062.623145641428,2.890157252485002,0.0248587593054264,0,mild,0,,,,1.0542738680075054,1.2887231778183392,24.4,True,False,True
31,0.5754272114021249,0.25,0.4459187494678262,10437.022835462363,2.7235870974977603,0.0250627790863137,0,mild,0,,,,1.0683308529142723,1.1867858069773625,33.64,False,False,False
660,0.596425542337883,0.25,0.3459187494678262,224178.0787005457,12.845965461378338,0.0251753533346311,1,strong,0,,,,1.0355312214651498,1.1769942848819963,19.51,True,False,True
1494,5.580441018352822,0.1,4.0209187494678265,774731.3917667854,115.07941455418118,0.0932961259646332,3,strong,1,5.5804,116.20276347293472,1.06282,0.903161280259804,0.9003445625188581,8.81,True,True,True
976,4.253487976406533,0.1,1.4209187494678264,4316063.941173283,237.52712789474225,0.0818168717444638,2,mild,1,4.2534,210.72224094549787,1.40921,0.9019898648510196,0.8864980490746994,24.54,True,True,True
500,0.8061183195419804,0.25,0.3459187494678262,32796.17376929936,5.712530851178935,0.0268556527446901,1,strong,0,,,,1.021474236558383,1.116152844812282,20.44,True,False,True
662,0.5123254235620851,0.25,0.2959187494678262,20729.7776758536,3.621023865803641,0.0248524025359239,1,strong,0,,,,0.983988943473672,1.206043111693119,21.92,True,False,True
960,3.375878320287004,0.15,0.0959187494678261,3865548.542553846,165.28267984979877,0.0607859959913475,2,mild,1,3.3755,161.56398410072464,1.8326,1.096444822727806,1.3165963934004374,24.68,True,True,True
320,0.5151123549008907,0.25,0.4459187494678262,10971.71361123063,2.334462452173618,0.0248558866027727,0,mild,0,,,,1.096444822727806,1.0953729238977117,20.41,False,False,False
374,0.5321555038598526,0.1,0.3709187494678262,10468.591797199186,4.147762124873413,0.0318072065278623,0,mild,0,,,,1.1690725780794338,1.1051903686045792,28.88,False,False,False
508,0.6317390375935162,0.25,0.5459187494678263,19345.86346013223,3.185038712543719,0.0254060070384557,1,strong,0,,,,1.101130484363395,1.0149176070876258,8.76,True,False,True
1273,17.27555427584221,0.15,3.345918749467826,85914.47963962775,54.90485538866391,0.1330396562549454,3,strong,1,17.2714,88.75051004725422,1.45904,1.194843717075173,1.4142918069078991,8.26,True,True,True
1364,20.22777230860518,0.15,8.195918749467827,2025141.674743012,293.5579014069048,0.1463968722805013,3,strong,1,40.4544,787.2667362394482,2.99343,0.9816461126558772,0.9742387775826952,10.38,True,False,False
1496,17.617039768856735,0.15,9.045918749467829,40585932.5381245,1226.0435092594405,0.1366533436151313,3,strong,1,17.6209,1050.7357687417414,3.60547,0.983988943473672,1.0157162109794913,20.69,True,True,True
296,0.5069767394698266,0.25,0.4459187494678262,10769.049842425282,2.3142646260970965,0.0248477041506117,0,mild,0,,,,1.0706736837320667,1.106722381401838,30.69,False,False,False
172,0.5254560409841349,0.25,0.3959187494678262,9715.897814934266,2.510554795474425,0.0248744202348648,0,mild,0,,,,1.016788574922794,0.9314673116172068,34.42,False,False,False
1195,18.453882211094843,0.25,10.795918749467829,320770.1675377065,84.42882176888631,0.106148978486855,3,strong,1,36.897,291.910632098481,1.96328,0.9043326956686604,1.0493359252241132,11.36,True,False,False
98,0.560919579774959,0.25,0.4459187494678262,16838.488367413946,3.4160041141225177,0.0249948366694839,0,mild,0,,,,1.0941019919100112,0.9978397758404838,29.04,True,False,True
417,0.5899461951135094,0.25,0.3959187494678262,22152.707728602498,4.016780871724428,0.0251391204994837,1,strong,0,,,,0.9043326956686604,0.9141279413633898,11.67,True,False,True
998,31.497658595997564,0.25,30.245918749467823,826620.4108522589,185.58695298658287,0.1448751392411729,2,mild,1,31.4962,320.4145846967318,2.04941,0.983988943473672,1.0455142797528874,29.4,True,True,True
1163,27.102795294797893,0.25,15.695918749467827,2732390.792243672,301.79412365847844,0.129701310350135,3,strong,1,27.0925,550.4842308453226,3.1947300000000003,0.9816461126558772,1.2434232238504812,10.36,True,True,True
234,0.8329756046632638,0.15,0.7459187494678263,12142.893428511066,4.58151813627705,0.0324371426233036,0,mild,0,,,,1.0894163302746342,1.093900221677323,24.78,False,False,False
1382,5.842997323818019,0.15,2.095918749467826,26041831.582893137,561.8349977005073,0.0788603778083793,3,strong,1,5.8432,509.0120855552632,3.1013400000000004,1.1433014390836949,1.2552857232824963,21.57,True,True,True
586,0.6720633660385203,0.25,0.6459187494678262,24399.12528829536,3.9139541859973854,0.0257094184376813,1,strong,0,,,,1.194843717075173,1.3720068628213131,16.37,True,False,True
1242,3.0405275288403644,0.1,2.970918749467826,512630.0908735285,70.37718194065805,0.0706422765292541,3,strong,1,3.0403,67.25982439366453,1.07294,1.0941019919100112,1.1946888976979286,15.08,True,True,True
1361,11.799666451643354,0.15,11.695918749467827,11131788.042589666,527.5364452478535,0.1125,3,strong,1,11.7971,482.9229397288481,2.8149,0.9558749736601384,1.1697183665928732,15.94,True,True,True
436,0.9422258125712188,0.25,0.7959187494678263,13626.852297121668,3.9852367852371744,0.0281541866049918,1,strong,0,,,,1.030845559829561,1.1572046696397675,12.76,False,False,False
1098,14.666712297959302,0.25,0.4959187494678262,684252.5147345326,109.56473010536727,0.0944934618692138,2,mild,1,29.3328,356.7062360663178,2.43584,1.1561870085815644,1.1777433559446744,29.11,True,False,False
552,0.5562653325743149,0.25,0.2959187494678262,44624.76565197744,5.537093655560501,0.0249742886098139,1,strong,0,,,,1.065988022096431,1.181835107779566,17.22,True,False,True
561,0.515164899477674,0.25,0.1959187494678261,24245.29991710738,3.92724060591987,0.0248561129223243,1,strong,0,,,,1.0812164224121417,1.190188349817913,13.27,True,False,True
592,9.92844660965342,0.15,0.9459187494678264,14324.440411442249,16.925980273793453,0.1007806519720537,1,strong,0,,,,1.096444822727806,1.0347660477005085,19.85,False,False,False
165,2.5903501061215466,0.05,1.8959187494678265,11931.201566222107,13.872228910274888,0.0906744053421982,0,mild,0,,,,1.1854723938039953,1.3723774259825297,34.48,False,False,False
919,38.45236874487284,0.25,6.095918749467827,599080.2988038402,168.90125303375737,0.1548058511525273,2,mild,1,38.4363,309.87959753923866,1.9349,1.0941019919100112,1.0037355102141885,34.2,True,True,True
742,0.5065360525545295,0.25,0.1459187494678261,122999.40130838646,8.749794264873497,0.0248473880998974,1,strong,0,,,,1.0355312214651498,0.9422864744913696,17.1,True,False,True
476,0.5206707990792844,0.25,0.3459187494678262,22783.98863313182,3.827803903319919,0.0248652229711426,1,strong,0,,,,0.9066755264864548,0.9359566583197524,19.87,True,False,True
426,0.6594557901488969,0.25,0.4459187494678262,468666.8542998717,19.543837300963062,0.0256102217248762,1,strong,0,,,,0.9219039268021187,0.9558268462481556,13.05,True,False,True
113,0.641773853603937,0.15,0.0959187494678261,11437.84509553958,3.8530447530705976,0.029350909282069,0,mild,0,,,,1.0238170673761682,1.0706952339394245,23.18,False,False,False
1389,43.913399888749005,0.25,12.945918749467827,280152.7254788277,124.7559229230393,0.1671315676162189,3,strong,1,43.888,419.0962703856126,2.90983,1.0730165145498611,1.2979799233659508,21.78,True,True,True
582,0.5867703902661718,0.25,0.1459187494678261,47361.41179227903,5.7117815372268845,0.0251212479706862,1,strong,0,,,,1.1843009783950975,1.1734779217954772,18.43,True,False,True
563,0.5791666055303759,0.25,0.1959187494678261,34601.74213932547,4.974137053547711,0.0250807437099485,1,strong,0,,,,0.9019898648510196,0.9039606056257992,15.09,True,False,True
1157,6.739712609074651,0.15,0.4959187494678262,12934533.284237351,420.9339466653955,0.083708979127606,3,strong,1,6.7399,496.99193926423067,2.19505,0.9769604510202644,0.8991393420372419,21.84,True,True,True
1269,30.9191540237467,0.25,24.195918749467825,19148873.441256184,893.2355382087121,0.1448751392411729,3,strong,1,30.9272,1184.3752843424795,3.63517,0.9043326956686604,0.9645779138695044,18.48,True,True,True
1259,40.83607851678419,0.25,4.8959187494678265,4173169.77902779,445.7828736390561,0.1548058511525273,3,strong,1,40.84,734.4927596434358,3.00652,0.9324466654821938,1.0130423320349724,9.81,True,True,True
45,0.6115931758605097,0.15,0.5959187494678263,11344.729191174065,3.497997288348837,0.0288875979908135,0,mild,0,,,,0.9511893120245496,0.9930797829621428,20.03,False,False,False
511,0.5367365473234919,0.25,0.3459187494678262,29341.045628685628,4.409538852131777,0.0249037273770061,1,strong,0,,,,0.9043326956686604,0.9141279413633898,16.18,True,False,True
683,0.5357685659819197,0.25,0.3959187494678262,35606.08246776194,4.851928642193075,0.0249000825897338,1,strong,0,,,,1.1854723938039953,1.3642882282819049,18.68,True,False,True
593,0.5361477500881991,0.25,0.2459187494678262,19350.70833088184,3.578033131793812,0.024901111880393,1,strong,0,,,,1.0613023604607903,1.1865888958631587,16.92,True,False,True
1140,16.667407465025057,0.25,13.345918749467828,1839999.9678417868,195.78900036358164,0.1028265932075778,3,strong,1,16.6745,267.45069579351656,1.7061,0.9019898648510196,0.9526642605604966,21.48,True,True,True
1216,10.707274764967485,0.15,10.495918749467828,9020595.164582126,463.4393977071799,0.109823083284368,3,strong,1,10.7087,401.3920594254604,2.49073,1.0613023604607903,1.135270934978807,21.06,True,True,True
233,0.5143254705206244,0.25,0.2459187494678262,14234.76014039788,3.00631717326771,0.024854790640048,0,mild,0,,,,1.1690725780794338,1.388187842903195,27.59,False,False,False
626,42.797021228030125,0.15,0.0959187494678261,34370.98993730452,52.43738356348799,0.2003869223968956,1,strong,0,,,,0.9019898648510196,0.8560441550079743,19.09,True,False,True
952,10.299661473175354,0.15,0.9959187494678264,745623.2435850122,123.99062515151766,0.1023031988500929,2,mild,1,10.2997,133.84771356660065,1.51173,1.096444822727806,1.1932350702212675,30.47,True,True,True
974,10.853002040432395,0.15,9.145918749467826,139786.62862603602,56.0470565988444,0.10673530386975,2,mild,1,10.8531,72.62738959023855,1.27468,1.1198731309057504,1.36586636412948,31.36,True,True,True
616,0.5318192761131082,0.25,0.4459187494678262,14014.072792264074,2.089914072829035,0.0248907854470305,1,strong,0,,,,0.9254181730288104,0.8443864577935836,21.2,False,False,False
760,6.846304469872973,0.15,3.1959187494678263,22592734.59481213,568.1138542180246,0.0854434658091638,2,mild,1,6.8458,476.0390478627259,3.33718,1.1468156853103866,1.396740091475629,24.83,True,True,True
1053,17.951004092965363,0.25,12.345918749467828,2423976.359991737,232.09080406847167,0.106148978486855,2,mild,1,17.9414,318.4668909267479,2.28459,1.0449025447363278,1.169050799893155,33.84,True,True,True
806,4.609344990243228,0.15,0.4459187494678262,14038118.019561635,365.6451313651848,0.0701526506632401,2,mild,1,4.6087,360.5262703208252,2.34036,0.948846481206755,1.125567293182867,26.87,True,True,True
671,0.6471189949130437,0.25,0.1459187494678261,25282.27208412806,4.4799431180135,0.0255121554693086,1,strong,0,,,,1.108158976816778,1.3171650742559202,17.81,True,False,True
1401,10.892012983712265,0.15,10.295918749467829,12169539.397581195,531.9892330957417,0.1085555323259812,3,strong,1,10.8937,488.6296389059343,2.45047,0.9605606352957272,1.012317495530772,13.14,True,True,True
515,0.5595523432035439,0.25,0.3959187494678262,19110.057173662943,3.634098777949526,0.0249880920396123,1,strong,0,,,,0.9183896805754272,0.893903935172309,17.57,True,False,True
107,0.5128109575627948,0.25,0.1459187494678261,16312.589093270244,3.2265593050760346,0.0248525884895549,0,mild,0,,,,1.1936723016662756,1.3880284091234625,20.84,True,False,True
350,0.5459819485070899,0.25,0.3959187494678262,14630.2831481288,3.1414417746785706,0.0249351789546218,0,mild,0,,,,1.0812164224121417,1.1625908320925622,26.05,False,False,False
655,0.6830003292171325,0.25,0.4459187494678262,51983.80111379952,6.6233063188957,0.0257924394097016,1,strong,0,,,,1.1936723016662756,1.3916484807890928,17.77,True,False,True
1207,23.70975135545263,0.25,15.595918749467828,40941.72455753668,35.2229799977991,0.123723175277265,3,strong,1,47.4264,212.9022363381944,2.00277,1.129244454176928,1.25342462200407,13.78,True,False,False
810,27.69735019850429,0.25,2.1959187494678263,376249.2376443357,111.98946939248886,0.129701310350135,2,mild,1,27.6994,197.395407813879,1.94029,1.0097600824694108,1.2611169962558575,21.72,True,True,True
1331,9.749558005303935,0.1,8.070918749467827,4324101.057231363,328.78948649673106,0.1125,3,strong,1,9.751,287.41817404119223,1.57399,0.903161280259804,0.8478169828016208,18.18,True,True,True
490,0.5263505112963849,0.25,0.1459187494678261,28331.441753359613,4.199092327717382,0.0248767006548993,1,strong,0,,,,1.1936723016662756,1.395022407528708,9.77,True,False,True
1016,6.398176032486756,0.15,1.3459187494678264,15929867.658433106,460.866830489866,0.0826114068985817,2,mild,1,6.3995,407.2914193383708,2.9186300000000003,1.108158976816778,1.3206376299192852,28.73,True,True,True
1138,13.467322696786589,0.25,11.995918749467828,9288409.355326137,393.454981654533,0.0921442675250926,3,strong,1,13.4615,531.0287046659298,3.28427,1.1433014390836949,1.301478836823314,11.6,True,True,True
943,3.068857221773244,0.1,0.9709187494678264,856633.8724245561,90.32396045687337,0.0701526506632401,2,mild,1,3.0692,92.7749044973644,0.98736,0.9968745129715414,0.9360898301570396,31.64,True,True,True
1044,21.18962521366917,0.25,3.1959187494678263,61675.61213702236,39.76714664432616,0.1139153809089968,2,mild,1,42.3539,152.44830227900246,1.53472,0.9781318664291856,1.135076448165858,33.23,True,False,False
302,0.5321368133875894,0.25,0.4459187494678262,8899.399299314331,1.6335001588237206,0.024891253091273,0,mild,0,,,,0.903161280259804,0.8207823606679693,32.96,False,False,False
298,0.5201524166740068,0.25,0.4959187494678262,11386.20629096504,2.419911787222849,0.0248637106548368,0,mild,0,,,,0.9816461126558772,0.916288151767222,31.59,False,False,False
1225,3.979755634858514,0.15,0.3959187494678262,1718679.1943858708,118.448445493745,0.0651307728871567,3,strong,1,3.9796,142.55704221930762,1.23519,0.903161280259804,0.9447060244907254,9.11,True,True,True
322,0.5329416910377183,0.25,0.2459187494678262,15067.621266042812,3.1479594938162,0.0248921955994537,0,mild,0,,,,1.1468156853103866,1.2823340696447898,23.15,False,False,False
666,0.597955561650476,0.25,0.2959187494678262,12724.16966954086,3.06439735044794,0.0251844332758714,1,strong,0,,,,0.9066755264864548,0.8874282375719331,14.93,False,False,False
1119,43.78648995796357,0.25,28.545918749467827,174580.8100624376,98.48316552770656,0.1671315676162189,2,mild,1,43.8107,204.8576431158778,1.74658,1.0343598060562529,1.1143449589675,22.69,True,True,True
177,0.5799203240238842,0.05,0.1459187494678261,9607.686088770368,5.868232345076987,0.044282915061342,0,mild,0,,,,1.0636451912786833,0.9974886688805212,23.82,False,False,False
1433,5.678746393875835,0.15,3.645918749467826,114024.7361225028,36.73425051927766,0.0779462202881778,3,strong,1,5.6783,54.0497219436932,1.09362,1.155015593172667,1.3583977947047952,19.0,True,True,True
896,49.029189683914616,0.25,6.595918749467827,322204.5680475651,133.7918300211948,0.1671315676162189,2,mild,1,49.0516,249.38376484110148,1.60787,1.016788574922794,0.9297669394810636,30.7,True,True,True
934,42.31886920212165,0.25,19.045918749467827,160327.51099086815,94.3773486803752,0.1671315676162189,2,mild,1,42.3107,165.4122899152468,1.41229,1.0941019919100112,1.002760580269085,34.62,True,True,True
691,0.6536800800479728,0.25,0.2459187494678262,23933.82313822547,4.395116441883224,0.025562204785144,1,strong,0,,,,1.108158976816778,1.223155742941445,14.87,True,False,True
682,0.7360926604698685,0.25,0.1459187494678261,41635.855380433146,6.129294955543572,0.0262304860675154,1,strong,0,,,,1.0636451912786833,1.207512798450986,17.6,True,False,True
1089,3.614250259029903,0.15,2.395918749467826,787978.2318951552,76.68399159134684,0.0623884767756593,2,mild,1,3.6145,87.25254998188022,1.21374,1.0472453755541222,1.18657134618236,26.79,True,True,True
1453,7.27707160877159,0.1,0.1709187494678262,32580261.993724525,846.1972075986731,0.105572392253238,3,strong,1,7.2773,712.6483714303042,2.59281,0.9043326956686604,0.8869319513258805,12.75,True,True,True
1025,21.70568997453114,0.15,21.695918749467825,39691.77213976705,41.98190888049223,0.1512701184544283,2,mild,1,21.7171,75.58572439841214,1.27677,1.1058161459989837,1.3410656409239017,33.24,True,True,True
367,0.7624676512316041,0.05,0.5959187494678263,8584.651606423024,6.355970460977165,0.0501806132164546,0,mild,0,,,,1.096444822727806,1.0327498913742568,31.52,False,False,False
1405,13.443423706027335,0.15,2.2959187494678264,95461.33805963972,51.85606788340088,0.1193337237508642,3,strong,1,13.4398,61.961595836885664,1.15907,1.1690725780794338,1.344638753635795,8.72,True,True,True
1264,3.538285525570862,0.15,1.0459187494678264,11539860.683347687,288.652548477547,0.0614110789668288,3,strong,1,3.5376,287.6560040021744,2.54001,1.1690725780794338,1.3675901394569865,11.07,True,True,True
21,0.5785031849590329,0.15,0.0959187494678261,7821.992119675925,3.054180203499282,0.0283528226857132,0,mild,0,,,,0.9277610038466048,0.8625146208317058,24.52,False,False,False
698,0.5937609478324034,0.25,0.3959187494678262,23479.283176698897,4.148161409062006,0.0251600907378907,1,strong,0,,,,0.9019898648510196,0.8731938833901349,8.16,True,False,True
1243,21.89388410451029,0.25,11.145918749467826,3443301.3908708296,309.26891350008503,0.1185113657849943,3,strong,1,21.8971,494.2849223191921,2.91071,1.136272946630538,1.1955493630333769,18.42,True,True,True
1341,24.24083261955169,0.15,8.245918749467826,697800.6558692203,186.78873840106365,0.1586041597913043,3,strong,1,24.2557,317.5977135585172,2.63505,1.190158055439584,1.3502290037825904,17.86,True,True,True
790,4.545730053429262,0.1,0.0709187494678261,10931558.560384998,389.6501023066326,0.0842749828079052,2,mild,1,4.5457,346.60736726542183,1.76418,0.9043326956686604,0.8653289937397206,21.69,True,True,True
1305,3.0338303587320588,0.1,0.1209187494678261,5945207.652047333,235.71739082403525,0.0695161034736569,3,strong,1,3.0343,235.2805462478492,1.54682,0.9558749736601384,0.9208820862166812,21.02,True,True,True
833,25.292986864070954,0.25,9.795918749467829,344455.988238644,102.16682558274914,0.123723175277265,2,mild,1,25.2729,219.89235407280745,1.71149,0.983988943473672,1.0539658941847136,21.82,True,True,True
659,0.8690485570995522,0.25,0.1959187494678261,32104.580727122368,5.866008384745642,0.027434237127588,1,strong,0,,,,1.1058161459989837,1.2309574012691855,10.2,True,False,True
718,1.1136337819447215,0.15,0.6959187494678263,19093.57027760202,6.67136843715344,0.0366520641804611,1,strong,0,,,,1.096444822727806,1.0327498913742568,10.19,True,False,True
629,0.5672406829502944,0.25,0.4959187494678262,11581.965238609082,2.515210173100415,0.0250215556244587,1,strong,0,,,,1.0905877456833195,1.177574117068276,19.4,False,False,False
1283,3.735437533931355,0.1,3.020918749467826,47868685.612021625,743.9053766357206,0.0770642641465033,3,strong,1,3.7351,709.2688536528041,2.69324,1.016788574922794,0.9234786670975028,13.91,True,True,True
807,6.222129117631198,0.1,6.0209187494678265,35609841.963715546,839.7293524821614,0.1002883566628851,2,mild,1,6.2212,704.6029640438877,2.8061,0.9207325113932217,0.9653574817092386,29.28,True,True,True
622,0.5373266392143305,0.25,0.3959187494678262,22656.552546111005,3.878040549541796,0.0249064033048451,1,strong,0,,,,0.9511893120245496,0.8738117013803532,20.54,True,False,True
709,0.504142678478339,0.25,0.1959187494678261,40740.27322545053,5.034269695682274,0.0248459393925474,1,strong,0,,,,1.096444822727806,1.032785750397717,9.35,True,False,True
23,2.359228034854824,0.05,0.4459187494678262,8627.464981654983,11.14164201482002,0.0857435037569591,0,mild,0,,,,0.9019898648510196,0.8925287636049368,27.41,False,False,False
985,23.13059971933937,0.15,16.695918749467825,63276.33767644772,55.55763330419417,0.1566701870842482,2,mild,1,23.1458,91.0316236219875,1.28326,1.091759161092217,1.22821887936264,29.15,True,True,True
1314,0.507554180677039,0.25,0.1459187494678261,929619.5380003996,24.10785663225437,0.0248480415214232,3,strong,1,42.7372,97.42883234210272,1.31241,1.1714154088972284,1.2141798967310622,9.78,True,False,False
460,1.078438914824212,0.25,0.4459187494678262,59716.49411117932,8.917172806095408,0.0294391380732675,1,strong,0,,,,1.129244454176928,1.1770221622612869,16.64,True,False,True
1010,14.106820404785193,0.15,13.895918749467826,2853719.6374509223,289.7118059611352,0.1219091462216003,2,mild,1,14.1061,247.7079128269411,1.65682,0.9207325113932217,0.9613081944137744,29.99,True,True,True
1136,13.575928171895082,0.15,7.595918749467827,13272495.280125065,603.0174190474594,0.1177060296894969,3,strong,1,13.5707,595.7865641262719,2.28987,0.9019898648510196,0.8566880931075159,17.01,True,True,True
843,20.093639481298894,0.15,18.395918749467825,530411.8399663508,148.6623467187683,0.1448751392411729,2,mild,1,20.1036,234.87433020816755,2.29944,1.173758239715023,1.3701293212715449,24.24,True,True,True
1042,8.783091399895769,0.15,4.795918749467827,2060499.5317028211,191.81927560777936,0.0953184483951077,2,mild,1,8.7839,205.7658965481549,2.08615,1.0449025447363278,1.328055087029289,23.46,True,True,True
1315,11.53905330451038,0.15,6.845918749467827,397990.56354316446,96.7702632427672,0.1091836894783622,3,strong,1,11.5377,122.68245388975464,1.33518,1.1093303922256754,1.1007934764425555,12.31,True,True,True
127,0.5372504254269761,0.25,0.4959187494678262,12887.862113612991,2.8811504513859205,0.02490586328201,0,mild,0,,,,1.108158976816778,1.204547415682388,29.73,False,False,False
1040,17.080794852815576,0.15,2.045918749467826,672385.4597728474,153.5984123379258,0.1330396562549454,2,mild,1,17.084,206.97373251937591,1.93303,1.0941019919100112,1.226982120495994,24.48,True,True,True
579,0.5322302788802211,0.25,0.1459187494678261,161867.5110396811,10.291599274726108,0.0248907854470305,1,strong,0,,,,1.1058161459989837,1.1026814624354877,12.44,True,False,True
895,34.43253294155456,0.05,18.445918749467825,13314.719893482326,51.60372058966743,0.3164720516971595,2,mild,1,48.7892,69.5301372725517,1.0175,1.1655583318527425,1.1143076970823798,20.02,False,False,False
495,0.533260570465623,0.25,0.3459187494678262,15894.73799975086,3.235868028376475,0.0248945940039394,1,strong,0,,,,1.0800450070032448,1.1423035673004145,12.52,False,False,False
588,0.5003302289587447,0.25,0.2959187494678262,20334.110142959864,3.543962856144491,0.0248452044834999,1,strong,0,,,,0.9019898648510196,0.9039606056257992,14.54,True,False,True
795,8.603541335658278,0.15,0.4459187494678262,666018.6786466897,107.62403793614864,0.0940891139548072,2,mild,1,8.6034,113.09599892588976,1.12046,1.0472453755541222,0.962121661267732,27.4,True,True,True
859,18.32,0.25,16.145918749467825,445181.8501863815,102.9542027387931,0.109823083284368,2,mild,1,18.3154,190.946946065818,2.00805,1.1690725780794338,1.3270137410818843,32.04,True,True,True
556,0.5488498102928869,0.25,0.2459187494678262,77982.28918947035,7.2686676400258206,0.0249439391346277,1,strong,0,,,,1.0121029132872053,0.9732291654026228,13.81,True,False,True
1407,27.596452817691755,0.25,12.695918749467827,893832.9215746816,172.61063327372398,0.129701310350135,3,strong,1,27.6065,310.696277848205,2.27502,1.173758239715023,1.1786217458365016,11.35,True,True,True
1233,0.6981060681867579,0.25,0.3959187494678262,358290.7869264135,17.56338467411282,0.0259043611226299,3,strong,1,27.7937,122.39079962958114,1.29129,1.0683308529142723,1.065875936558246,12.04,True,False,False
13,0.6568256310662605,0.15,0.2459187494678262,10232.746614178166,3.719863646686079,0.0295988602816511,0,mild,0,,,,1.1655583318527425,1.289885808070122,23.74,False,False,False
1018,19.574437542412696,0.15,12.845918749467828,18685617.71756693,864.5372801115502,0.1419701412105178,2,mild,1,19.5795,723.3234594430024,2.70578,0.9043326956686604,0.9187206178630278,33.02,True,True,True
907,26.86253089294029,0.15,25.895918749467825,172347.87623869412,97.85132606797303,0.1671315676162189,2,mild,1,26.8558,130.55040695852054,1.4282400000000002,1.0495882063719166,1.1414826976124937,30.45,True,True,True
424,0.6460979551610301,0.25,0.4459187494678262,26700.10514871283,4.614320088524019,0.0255046352510497,1,strong,0,,,,0.9254181730288104,1.1578708354982123,20.64,True,False,True
1300,12.388192832778598,0.15,7.445918749467827,902926.507579608,150.24367770222543,0.1125,3,strong,1,12.39,219.87048128728236,2.27557,1.1936723016662756,1.4014060627445528,13.02,True,True,True
1423,13.989591397047164,0.15,1.6959187494678265,40790340.74119104,1042.9489056349282,0.1161441404389985,3,strong,1,13.9898,925.8121507479198,3.1361000000000003,1.030845559829561,0.9412082390886132,12.58,True,True,True
1144,7.231915991263554,0.1,5.170918749467827,7218225.642127506,402.7496962141848,0.10673530386975,3,strong,1,7.2327,339.35867915736867,1.9195,0.9277610038466048,0.9515155541469732,15.45,True,True,True
684,0.5965194712434226,0.25,0.1959187494678261,331608.3625807401,15.620790531267494,0.0251740668496445,1,strong,0,,,,1.129244454176928,1.2733214123662102,20.76,True,False,True
1448,7.63652007453492,0.15,5.545918749467827,52603382.221292816,917.4170891915438,0.0903180846357682,3,strong,1,7.6358,870.1797126665157,3.34092,1.1093303922256754,1.034234105731317,16.94,True,True,True
473,0.518958712690382,0.25,0.2459187494678262,16633.863573142808,3.265384060061987,0.0248622579049423,1,strong,0,,,,0.9605606352957272,1.0059203721545722,10.54,True,False,True
569,0.52293513052373,0.25,0.4459187494678262,14285.990088153609,2.2746252377742424,0.0248694340016261,1,strong,0,,,,0.9371323271177828,0.862024586228908,10.73,False,False,False
403,0.7879651644748247,0.25,0.6959187494678263,56543.9571341987,7.543761059099369,0.0267016603476964,1,strong,0,,,,0.9816461126558772,0.8906151391639521,12.4,True,False,True
553,0.6356617268453557,0.25,0.4459187494678262,143116.564171781,10.598886384876158,0.0254320305455603,1,strong,0,,,,0.9277610038466048,0.8953754758526021,11.43,True,False,True
354,6.379318410901343,0.05,0.2459187494678262,8493.469401812425,18.074067059455896,0.1392348326199822,0,mild,0,,,,0.9019898648510196,0.8947852836122645,21.67,False,False,False
80,0.9851739513951512,0.05,0.9459187494678264,10519.83999811957,7.984773387467517,0.0565057931217613,0,mild,0,,,,1.0905877456833195,1.194649025494923,27.01,False,False,False
429,0.5412810962823214,0.25,0.1459187494678261,1830602.7307906,34.96240339934998,0.0249177125105935,1,strong,0,,,,1.0941019919100112,1.222701055297471,11.82,True,False,True
529,0.5512460965881506,0.25,0.2459187494678262,20840.25685811813,3.765241756077958,0.0249523932745535,1,strong,0,,,,1.194843717075173,1.3589640329921298,19.63,True,False,True
1374,15.831442292469257,0.15,1.9959187494678263,688006.2387797412,152.71622501346778,0.1307856701777375,3,strong,1,15.8292,192.07051934505168,1.93556,1.0905877456833195,1.275362194433658,14.26,True,True,True
853,13.26684946046347,0.15,6.595918749467827,356907.3679806227,99.56954130163147,0.1185113657849943,2,mild,1,13.2648,126.45553123481206,1.7325,1.1936723016662756,1.406894669028047,20.1,True,True,True
897,40.50853408231608,0.25,19.745918749467823,38939.83838583909,43.0613285718554,0.1548058511525273,2,mild,1,40.4703,120.96191583559964,1.3475,1.016788574922794,1.1188238133196295,32.07,True,True,True
651,0.590521034076168,0.25,0.2959187494678262,23765.507198059644,4.163464023558141,0.0251439861730955,1,strong,0,,,,1.1433014390836949,1.1782841865797309,9.87,True,False,True
646,0.717750514046128,0.25,0.5459187494678263,33963.12389776816,5.487180732547307,0.0260769023388504,1,strong,0,,,,1.1433014390836949,1.3244571288515736,21.97,True,False,True
472,0.6465115016074966,0.25,0.3959187494678262,37460.24526466817,5.4677641449086,0.0255083894060184,1,strong,0,,,,0.9722747893846996,1.058206925053492,21.83,True,False,True
1420,5.927578384957676,0.15,5.045918749467827,52010155.2765264,803.7965447939473,0.0798087276702166,3,strong,1,5.9273,789.4818007916629,3.12906,0.9582178044779328,1.0169511347516862,12.5,True,True,True
711,0.5192432780851608,0.25,0.4459187494678262,51281.56280523236,5.449460027305249,0.0248622579049423,1,strong,0,,,,0.9207325113932217,0.9638560245768406,9.5,True,False,True
220,1.1405440424357358,0.1,0.7709187494678262,9173.831483046337,5.673524688996583,0.0438587585625144,0,mild,0,,,,1.1433014390836949,1.1825761142305904,20.24,False,False,False
267,0.5153401255135535,0.25,0.2459187494678262,12034.732918020383,2.7668904058210675,0.0248561129223243,0,mild,0,,,,1.159701254808256,1.2797102088150918,20.65,False,False,False
1151,7.846116827343058,0.1,4.070918749467826,2304141.150961174,237.06236449000005,0.1111369461277755,3,strong,1,7.8451,241.81570449497303,1.54176,0.9816461126558772,0.9053818390075922,13.92,True,True,True
578,0.6434090836948697,0.15,0.3459187494678262,27424.50633827405,6.018960172364054,0.0293576445380568,1,strong,0,,,,1.091759161092217,1.2306306646454142,15.32,True,False,True
351,0.617173719208691,0.25,0.3959187494678262,9820.297378924306,2.7358696530219504,0.0253067907993224,0,mild,0,,,,0.903161280259804,0.8900660772710814,24.91,False,False,False
1375,8.608429655306987,0.15,5.545918749467827,69437427.18191297,1113.5322432780629,0.0953184483951077,3,strong,1,8.6075,937.0294955640449,3.85066,0.9675891277491108,1.1487242748593935,20.49,True,True,True
621,0.5581506290381218,0.25,0.2459187494678262,20630.58574603795,3.769402125944967,0.0249798854129765,1,strong,0,,,,1.0472453755541222,1.285002046069898,12.24,True,False,True
803,18.476386391071912,0.25,0.2959187494678262,29819158.511854,814.0319200928727,0.106148978486855,2,mild,1,18.4888,1009.471923780393,3.4991,1.0531024525987964,1.0056954561423297,32.98,True,True,True
1192,33.15172947286993,0.15,14.345918749467828,84752.81875830819,76.4527434650425,0.1861122600665755,3,strong,1,33.1716,138.574544785862,1.0963699999999998,0.9371323271177828,0.8504967708592526,17.72,True,True,True
55,16.8153944462506,0.05,6.595918749467827,9834.028478548344,33.05555673332119,0.2360303082374914,0,mild,0,,,,1.016788574922794,1.1217259657566216,31.37,False,False,False
1055,5.3030811928794925,0.15,0.0959187494678261,691895.6151532965,86.82419082234786,0.0751883372589413,2,mild,1,5.3043,103.5506792509246,1.13454,1.0074172516516164,1.018123805532815,22.44,True,True,True
1106,27.95285128587402,0.25,13.245918749467828,514180.8145694992,130.91738038033748,0.129701310350135,2,mild,1,27.9566,188.58565469500485,1.59126,1.0894163302746342,1.0581422974934984,30.24,True,True,True
1286,20.147078576225653,0.15,3.345918749467826,23126470.88893723,971.564504962774,0.143400348945257,3,strong,1,20.1419,888.4478933556234,2.97968,0.9441608195711662,0.912874132389586,21.65,True,True,True
330,0.6200277285643068,0.15,0.4459187494678262,10476.210914054089,3.657810781250941,0.0290184390963237,0,mild,0,,,,0.9418179887533716,0.928508626547828,29.88,False,False,False
6,0.5170107372922279,0.25,0.4459187494678262,10361.56861844813,2.038020042269765,0.0248587593054264,0,mild,0,,,,1.129244454176928,1.1509312437237162,31.74,False,False,False
1100,22.511969262633382,0.15,19.095918749467828,42599.52664615317,45.03941482648343,0.1548058511525273,2,mild,1,22.524,67.0617281022353,1.15742,1.0847306686388336,1.2906570805795,32.45,True,True,True
501,0.5361098075265892,0.25,0.1459187494678261,82148.30090869535,7.370914876112354,0.024901111880393,1,strong,0,,,,1.1198731309057504,1.1287156283505129,16.87,True,False,True
312,0.5018549176060588,0.25,0.3959187494678262,9269.018735397069,2.396060917236092,0.024845342939639,0,mild,0,,,,0.995703097562644,1.015951606870289,28.33,False,False,False
883,3.1557896995798447,0.1,2.470918749467826,933090.7766456038,95.644909904517,0.0711427996478831,2,mild,1,3.1563,99.41820230794896,0.98307,0.903161280259804,0.9003445625188581,30.94,True,True,True
1120,11.083237891158976,0.15,4.1459187494678265,3236093.980333858,299.8191112216135,0.1185113657849943,2,mild,1,11.0808,291.6134303980739,2.585,1.1854723938039953,1.3823373496901543,34.37,True,True,True
458,0.5097742270630485,0.25,0.2959187494678262,20133.912950511472,3.5596077585753285,0.0248497498940672,1,strong,0,,,,1.016788574922794,1.295116071374149,19.19,True,False,True
1328,7.749797206879982,0.15,5.595918749467827,2302973.361320619,182.03380828058076,0.0857435037569591,3,strong,1,7.7485,192.43841937169705,2.0075,1.0941019919100112,1.3214992449591936,17.12,True,True,True
797,31.1736220799734,0.25,9.095918749467828,57209.09022625731,46.031024250662576,0.1366533436151313,2,mild,1,31.1843,96.025447937996,1.46652,1.1878152246217897,1.3666335406570904,30.99,True,True,True
1440,3.828893795708944,0.15,2.645918749467826,40483612.21016012,567.9600191456168,0.0643785923847801,3,strong,1,3.8287,640.9432224639668,2.59952,0.9066755264864548,0.9376497437861858,14.58,True,True,True
893,16.015524899632698,0.25,14.495918749467828,585604.8501333396,110.45406757763416,0.1028265932075778,2,mild,1,16.0128,185.36364780480045,2.00486,1.0706736837320667,1.344711203750434,23.14,True,True,True
1346,14.226030710281966,0.25,7.745918749467827,4615036.493566978,284.5444649237072,0.0944934618692138,3,strong,1,14.231,374.1258155421166,2.61932,1.1433014390836949,1.2366220233047949,8.77,True,True,True
1290,34.74841310290506,0.15,6.195918749467827,313095.9393892998,158.26457326623662,0.2003869223968956,3,strong,1,34.7544,219.4582817071308,1.7009299999999998,1.0121029132872053,1.048498249489272,15.97,True,True,True
106,0.549905596392499,0.15,0.3459187494678262,11498.894901865136,3.606632731890421,0.0278896928700774,0,mild,0,,,,1.1936723016662756,1.386261620597344,26.05,False,False,False
1068,18.750781308598143,0.15,9.895918749467826,687994.7948377444,174.86436583030033,0.1495915184013531,2,mild,1,18.7515,171.05777328551724,1.47906,1.096444822727806,1.032693969222968,22.61,True,True,True
221,0.5154277832395853,0.25,0.2459187494678262,16158.312399402294,3.206060617261256,0.0248561129223243,0,mild,0,,,,1.0472453755541222,1.304868105038624,20.16,False,False,False
415,0.5262956603020196,0.25,0.3459187494678262,17467.63964769695,3.368975107262942,0.0248763146022025,1,strong,0,,,,1.129244454176928,1.2698119560244372,10.82,True,False,True
48,0.5052522724478435,0.25,0.3959187494678262,12095.179154910044,2.747306626572996,0.0248466495115458,0,mild,0,,,,0.9511893120245496,1.0303927661035623,30.52,False,False,False
1135,15.571115655721536,0.25,14.995918749467828,280463.88655435026,74.15721066236617,0.0998033593156288,3,strong,1,31.1433,251.8331536400389,2.35785,1.1714154088972284,1.3568035677311168,21.99,True,False,False
720,0.5007105319292051,0.25,0.2459187494678262,91630.9085953406,7.527763849148503,0.0248452423516157,1,strong,0,,,,1.0941019919100112,1.0019468432478509,19.71,True,False,True
116,0.5207781796390469,0.25,0.4459187494678262,8632.397880012973,2.273623781181564,0.0248655325852146,0,mild,0,,,,1.0121029132872053,0.8957479571028235,22.59,False,False,False
1168,21.459740185418337,0.25,6.995918749467827,1550268.4497077167,199.3752067570806,0.1139153809089968,3,strong,1,21.447,403.1133974433143,2.89487,1.1690725780794338,1.3166571609282534,9.57,True,True,True
857,22.646565911252697,0.25,13.045918749467829,4606366.524079572,357.7074582237237,0.1185113657849943,2,mild,1,22.6612,457.6348525768459,2.36038,1.016788574922794,1.0075802265321572,31.21,True,True,True
703,0.5546565710875254,0.25,0.3959187494678262,49458.590506536064,5.819291160508677,0.0249665038308843,1,strong,0,,,,0.9324466654821938,1.0848199205544502,12.67,True,False,True
653,0.5257295353833029,0.25,0.2459187494678262,21594.865956049343,3.743466378847048,0.0248747943232727,1,strong,0,,,,1.096444822727806,1.0335883869941966,10.87,True,False,True
1381,10.876375000906393,0.15,8.445918749467827,490002.5268139342,102.1057573151104,0.1038984620604907,3,strong,1,10.8742,138.87104120969556,1.73954,1.1690725780794338,1.3479873904964543,11.1,True,True,True
459,0.7467590820133096,0.25,0.5959187494678263,25285.320862902703,4.831923014820026,0.0263340833858509,1,strong,0,,,,1.1854723938039953,1.1484523118911047,11.26,True,False,True
470,0.5185501959493656,0.25,0.4459187494678262,34081.11696850781,4.081421342893624,0.0248616934765348,1,strong,0,,,,0.903161280259804,1.0085752040723286,14.48,True,False,True
2,0.5080818188038542,0.25,0.3459187494678262,9101.698541930167,2.3903050865393363,0.024848651191252,0,mild,0,,,,1.091759161092217,1.0484212048448989,30.58,False,False,False
301,0.8133888263763676,0.1,0.3709187494678262,13078.827837264713,5.732484319694162,0.0378446013187808,0,mild,0,,,,1.136272946630538,1.1740402845168751,30.35,False,False,False
223,0.5389513095156822,0.25,0.4459187494678262,12759.156045994085,1.6823698612588291,0.0249102512391483,0,mild,0,,,,0.9090183573042492,0.9477847116502072,25.91,False,False,False
538,0.5586239516141045,0.25,0.4959187494678262,41743.10599901514,5.04925936974484,0.0249839576325303,1,strong,0,,,,1.1936723016662756,1.386735652068645,10.2,True,False,True
1181,8.185221363048496,0.15,1.6959187494678265,14624578.013792004,491.6589897596078,0.0917699310249873,3,strong,1,8.1831,482.6124456089633,2.38865,0.9254181730288104,0.9929114436766278,11.07,True,True,True
1000,14.65252813379181,0.15,3.245918749467826,3615069.045863466,321.3840179982049,0.1201737097952954,2,mild,1,14.6576,308.4074027840514,1.7831,0.9043326956686604,0.9271938854670052,30.31,True,True,True
1132,3.5885688310445474,0.1,1.5709187494678265,407712.72115875,67.87432064428882,0.076212676918218,3,strong,1,3.5889,71.59199493382452,1.01607,1.108158976816778,1.096601037754205,8.03,True,True,True
410,0.504159454145169,0.25,0.4959187494678262,20412.90630768737,3.669264502254261,0.0248460624754784,1,strong,0,,,,0.9207325113932217,0.9638560245768406,14.58,True,False,True
478,0.8626162989306652,0.25,0.5459187494678263,20137.735957936155,4.63097594329375,0.0273820779090741,1,strong,0,,,,0.9558749736601384,1.0430716808956049,14.58,True,False,True
395,0.56554679640994,0.25,0.1459187494678261,32371.90421031041,4.782975796076219,0.0250123982987639,1,strong,0,,,,1.0905877456833195,1.0206709980746576,20.32,True,False,True
54,0.5428519933465842,0.15,0.2459187494678262,9382.837240603976,3.236034079420996,0.0277731217995113,0,mild,0,,,,0.9511893120245496,0.8599735894273668,22.06,False,False,False
391,0.757511864293791,0.25,0.3959187494678262,24795.82103325155,4.816154317207622,0.0264203607292405,1,strong,0,,,,1.1714154088972284,1.3231747024334684,9.78,True,False,True
1205,11.901625816280378,0.15,6.095918749467827,13429822.460663458,572.3256462731996,0.1111369461277755,3,strong,1,11.9043,562.4114301204803,2.48523,0.9301038346643994,0.9569665864792446,8.21,True,True,True
901,6.189087037969251,0.1,1.8709187494678263,2246565.0291312635,206.86158377184373,0.0983904074028945,2,mild,1,6.1879,183.94831451316043,1.40855,0.9769604510202644,0.9483783201396572,24.62,True,True,True
1319,24.91859653786092,0.15,10.395918749467826,191276.0763111369,99.04054500262646,0.1606122069960768,3,strong,1,24.9306,156.28742914407675,1.75032,1.1093303922256754,1.2785351948399533,20.78,True,True,True
676,0.5325108724593947,0.25,0.3959187494678262,15161.36025273482,3.156698510030731,0.024891253091273,1,strong,0,,,,1.1878152246217897,1.3181403966877925,20.5,False,False,False
315,1.4342087397857028,0.1,1.0209187494678262,7728.180081913323,5.893504358747579,0.0491211878326043,0,mild,0,,,,0.9371323271177828,0.8837766823880734,21.28,False,False,False
643,0.5115297534378502,0.25,0.1459187494678261,27977.802194531603,4.207557499544835,0.0248515083586065,1,strong,0,,,,1.030845559829561,1.1426815260676269,20.41,True,False,True
430,0.633032393769403,0.25,0.1459187494678261,23764.475140840867,4.289326437136696,0.0254094393122679,1,strong,0,,,,1.030845559829561,0.9504628844973824,9.47,True,False,True
542,0.5859307859859434,0.25,0.4959187494678262,20924.856374923485,3.5973856506884467,0.0251189094249316,1,strong,0,,,,0.9219039268021187,0.9947647592739058,14.35,True,False,True
755,41.39391765095485,0.25,5.6459187494678265,2662619.257039116,356.0777909282449,0.1548058511525273,2,mild,1,41.4133,686.8580527493987,2.91698,1.0730165145498611,1.016382573527134,20.8,True,True,True
837,29.823637014355587,0.25,14.395918749467826,96193.68479636787,59.68860080896639,0.1366533436151313,2,mild,1,29.836,122.59832751945665,1.42417,1.0730165145498611,1.1745643531008234,24.4,True,True,True
224,0.5000825163657459,0.25,0.1959187494678261,17282.167338505078,3.266191134937056,0.0248451997499976,0,mild,0,,,,1.1093303922256754,1.0373977833496515,28.58,True,False,True
549,0.5999444832865894,0.25,0.4459187494678262,31153.41887436924,4.803811671330046,0.0251976315339484,1,strong,0,,,,0.9183896805754272,0.9703172572832875,11.54,True,False,True
1488,27.85008726651565,0.25,23.195918749467825,19346582.91576256,846.4869213349995,0.1366533436151313,3,strong,1,27.8276,1083.1949862079875,3.3968000000000003,0.9090183573042492,0.9424838394288834,15.6,True,True,True
1254,40.6171301687021,0.25,29.695918749467825,3696484.789446738,453.1669295970021,0.1671315676162189,3,strong,1,40.5935,844.4723828925208,3.47787,1.0531024525987964,1.0928935797719794,18.43,True,True,True
869,9.416295756875693,0.15,8.995918749467826,3164683.873645856,243.2138351345521,0.0974818258184922,2,mild,1,9.4144,235.74194590735493,1.58829,0.9277610038466048,0.9446449896941104,25.08,True,True,True
1400,16.134913890472554,0.15,12.995918749467828,76427714.25616555,1623.4033456373056,0.1318980441134679,3,strong,1,16.1421,1562.1198430252418,3.82195,0.9441608195711662,0.8830495682828979,17.45,True,True,True
449,0.57115386446067,0.25,0.2959187494678262,49402.9154535154,5.900449419315889,0.0250386746283048,1,strong,0,,,,0.9219039268021187,1.0602849099770808,17.57,True,False,True
404,0.5243649030172263,0.25,0.2459187494678262,39790.06976826265,5.074848812023356,0.0248718685708717,1,strong,0,,,,1.194843717075173,1.435304704547194,17.74,True,False,True
844,4.888967839297529,0.15,3.145918749467826,15112963.746824607,387.78569948442265,0.0716546258585982,2,mild,1,4.8884,347.1662686281041,2.82557,1.1831295629862006,1.3848239503105513,31.0,True,True,True
181,15.964897342288166,0.05,3.9459187494678254,10696.866756374297,31.917851038138352,0.2185723457965899,0,mild,0,,,,1.0437311293274305,1.100289673516171,22.37,False,False,False
1340,12.29769615479216,0.15,4.245918749467827,700912.5224643828,133.20893671928735,0.1132009427427743,3,strong,1,12.2986,137.12056804053722,1.23937,0.9207325113932217,0.9665112946254344,21.33,True,True,True
1372,4.026289864953736,0.15,3.7959187494678255,3744756.502584929,175.9215758450604,0.065517472447564,3,strong,1,4.0261,176.11389317751534,2.0207,1.1468156853103866,1.3904721301701672,16.43,True,True,True
714,0.5777531432744596,0.25,0.1459187494678261,13502.980136319831,3.098225933696352,0.0250721973986444,1,strong,0,,,,0.9886746051092608,1.2261135061334754,9.17,False,False,False
835,9.358135298191325,0.15,0.2459187494678262,592918.662619873,106.78146830540916,0.0988545535543052,2,mild,1,9.3577,112.36705819714038,1.23123,1.108158976816778,1.0606618278626068,32.96,True,True,True
61,0.5710677533559915,0.1,0.1209187494678261,10116.302070570757,4.223955799200463,0.0326938825742499,0,mild,0,,,,1.155015593172667,1.2148525814604862,28.48,False,False,False
898,31.36723896359188,0.25,19.095918749467824,2819657.076198188,335.8366910388553,0.1419701412105178,2,mild,1,31.3425,439.60417124999833,2.0372,0.9207325113932217,0.8872786287669889,34.83,True,True,True
348,0.5920671410729876,0.25,0.4459187494678262,17988.868472380513,3.62625945779517,0.0251513636432979,0,mild,0,,,,1.1936723016662756,1.4245913010253266,34.72,True,False,True
1004,4.195769963439639,0.15,1.0959187494678264,8894633.031973457,275.72178830622306,0.0665853342642525,2,mild,1,4.1962,255.1515586912288,2.38238,1.194843717075173,1.361975130850005,33.37,True,True,True
957,46.04887483498603,0.25,8.095918749467828,52224.99401749765,53.86453895214965,0.1671315676162189,2,mild,1,46.0477,176.4550576839954,1.99606,1.173758239715023,1.37218855331136,30.75,True,True,True
7,0.5006112667322378,0.15,0.4959187494678262,14687.349670898811,3.6882994005520473,0.0271243107692414,0,mild,0,,,,1.0683308529142723,0.9910178497752004,21.62,False,False,False
469,0.5344267832278458,0.25,0.3459187494678262,65577.84860055297,6.579187537016226,0.024897551601796,1,strong,0,,,,1.194843717075173,1.3589640329921298,9.28,True,False,True
513,0.5668374667869409,0.25,0.5459187494678263,16759.355686380324,3.084195845689947,0.0250197040189023,1,strong,0,,,,1.0472453755541222,0.9650868647290356,10.79,True,False,True
265,0.514954785462685,0.25,0.1459187494678261,10675.633102838134,2.6019462866352154,0.0248556626591445,0,mild,0,,,,1.0706736837320667,1.099421829706318,31.91,False,False,False
915,9.504904694312074,0.15,6.595918749467827,2161936.137596338,208.9867879249757,0.1012804292516761,2,mild,1,9.5079,224.9240040175978,2.26457,1.1843009783950975,1.3788756507990432,34.32,True,True,True
487,0.7718678744571658,0.25,0.5959187494678263,30632.027282563995,5.403810688280973,0.0265490248738835,1,strong,0,,,,0.948846481206755,1.0317567884723804,16.09,True,False,True
889,5.403317026779732,0.15,2.145918749467826,529650.4976434985,76.71378969502294,0.0755928946018454,2,mild,1,5.4032,87.67061814534696,1.23046,0.9968745129715414,1.2000455248803863,34.42,True,True,True
941,31.237894912218582,0.25,22.095918749467828,278362.68943092227,107.69607881884602,0.1448751392411729,2,mild,1,31.2698,248.4044398299818,1.81148,0.983988943473672,1.049569308221023,29.4,True,True,True
1121,26.48684442874801,0.25,23.845918749467828,8880168.355242064,544.063977709793,0.129701310350135,2,mild,1,26.4804,628.3577147758394,2.7250300000000003,0.9441608195711662,0.9927161058631988,32.69,True,True,True
954,4.403057585106602,0.15,2.045918749467826,40934454.63779208,610.0257419143144,0.068594452796128,2,mild,1,4.4026,663.5360378153464,2.81215,1.0636451912786833,0.9969272807916868,33.83,True,True,True
99,49.67215286286717,0.05,47.14591874946783,8388.79095790231,52.87970927145972,0.4084374256560634,0,mild,0,,,,1.0097600824694108,1.0776200166943564,26.27,False,False,False
1385,4.11151344372658,0.1,2.720918749467826,10120153.256851569,357.91508180423364,0.0805437254904977,3,strong,1,4.1118,321.31008694543215,1.94931,1.0636451912786833,0.9930611382165712,15.47,True,True,True
520,0.5744454406085954,0.25,0.1459187494678261,56263.52832389426,6.275555147691978,0.0250576362535646,1,strong,0,,,,0.9781318664291856,1.042169925515687,11.77,True,False,True
784,5.756418620716122,0.1,1.7709187494678262,1341532.2041887932,154.09066427756343,0.0949031999561809,2,mild,1,5.7561,134.65530239910055,1.4615699999999998,1.0355312214651498,1.1501782381701722,29.65,True,True,True
1182,6.368592451692616,0.15,6.095918749467827,10493131.240379006,375.29641511706217,0.0828816163331773,3,strong,1,6.3691,368.8690409840409,2.1824,0.9043326956686604,1.0376610270212347,21.7,True,True,True
394,0.5980027636622272,0.25,0.4459187494678262,73413.4373989044,7.3661215564306755,0.025189680491088,1,strong,0,,,,0.9675891277491108,0.9256209449253446,20.4,True,False,True
638,1.5976988109529098,0.25,0.9959187494678264,106253.59901909248,14.47664234578163,0.034192724869841,1,strong,0,,,,1.1714154088972284,1.330885406642439,13.73,True,False,True
541,0.6882124096174924,0.25,0.3959187494678262,84449.03142003003,8.472300880514727,0.0258320757126529,1,strong,0,,,,0.9090183573042492,0.8555038443730992,9.77,True,False,True
667,0.6508998991071525,0.25,0.1459187494678261,43442.26951086681,5.883638556682171,0.0255407820299861,1,strong,0,,,,0.9441608195711662,0.9811543763763048,18.41,True,False,True
990,8.521281188928782,0.15,3.2959187494678264,84776694.64223683,1203.8165422474735,0.0932961259646332,2,mild,1,8.5194,1189.6514089666962,3.79753,1.016788574922794,1.0054225179965304,27.3,True,True,True
371,0.5224122318194482,0.25,0.1459187494678261,27918.81399917904,4.225372248081298,0.0248680953525707,0,mild,0,,,,1.1854723938039953,1.3955148059159057,23.97,True,False,True
1113,4.679096841816299,0.1,2.770918749467826,815126.7344244308,107.91046119183594,0.0854434658091638,2,mild,1,4.6795,105.244721595809,1.04049,1.0097600824694108,0.9261791601243514,26.57,True,True,True
140,0.7032582572304391,0.25,0.6959187494678263,8307.317104544682,2.2285202686481838,0.0259542388085588,0,mild,0,,,,1.0472453755541222,0.9570630388676394,33.6,False,False,False
22,0.5068241072502592,0.15,0.1459187494678261,13315.249907977175,3.7271648553734713,0.0272176867915012,0,mild,0,,,,1.0894163302746342,1.165329274690441,27.11,False,False,False
50,2.129440208294588,0.05,0.8959187494678262,9045.006532915246,10.873609314079296,0.0818168717444638,0,mild,0,,,,0.9277610038466048,0.9092320733271746,32.91,False,False,False
947,24.67510034875304,0.25,10.845918749467828,14232490.150876854,656.7248893788036,0.123723175277265,2,mild,1,24.6785,709.1178397928591,2.92699,1.0941019919100112,1.0037355102141885,33.57,True,True,True
1266,0.7328526311263636,0.25,0.4459187494678262,758212.0679780768,26.20660782051728,0.0262103213968921,3,strong,1,4.4192,101.77008275765446,1.29701,1.0097600824694108,1.1740606072811417,8.3,True,False,False
669,0.5041762309284782,0.25,0.4459187494678262,16064.56281071901,2.857089399952108,0.0248461275681525,1,strong,0,,,,0.9301038346643994,0.98766647902239,9.91,False,False,False
754,29.191561411361736,0.15,4.245918749467827,240476.08555238237,115.58452548108636,0.1671315676162189,2,mild,1,29.1697,159.19850708727344,1.2298,0.903161280259804,0.8900660772710814,31.31,True,True,True
877,22.545468209830155,0.15,10.595918749467828,154545.66508663472,85.78646388025238,0.1548058511525273,2,mild,1,22.53,134.3685355042261,1.68674,1.1468156853103866,1.328790786356004,31.32,True,True,True
201,0.5070106702262256,0.25,0.4459187494678262,10855.554898654427,2.3389028604727757,0.0248477041506117,0,mild,0,,,,1.0730165145498611,1.1727343128936214,20.78,False,False,False
1139,45.22416860132059,0.25,41.64591874946783,25252.892789231355,37.455820486149136,0.1671315676162189,3,strong,1,45.2048,84.88168137297995,1.40756,1.136272946630538,1.3951380568959324,14.52,True,True,True
1335,21.101091666197732,0.15,0.8959187494678262,190453.08876457709,90.9976322588711,0.1479680869077668,3,strong,1,21.0926,121.46039953049548,1.33529,1.0812164224121417,1.1064084904224984,20.15,True,True,True
308,0.5377843764128514,0.05,0.1959187494678262,9226.318642806998,5.541048947352988,0.0428251148986177,0,mild,0,,,,1.101130484363395,1.17044446851588,21.94,False,False,False
439,0.5560407687853514,0.25,0.1459187494678261,23443.748061517468,4.012593075171045,0.0249711449893223,1,strong,0,,,,1.0472453755541222,0.9626988264973784,20.74,True,False,True
809,40.079895254382215,0.25,33.34591874946783,179851.13092013498,99.95863892412228,0.1671315676162189,2,mild,1,40.1094,205.06449754674912,1.7200700000000002,1.021474236558383,1.0968775256068286,20.64,True,True,True
66,0.5392582291751302,0.25,0.3959187494678262,16192.061219235387,3.2838884810441327,0.0249119366879279,0,mild,0,,,,1.194843717075173,1.358563156952587,23.09,True,False,True
228,0.5575754917329243,0.25,0.4459187494678262,15118.78656686489,3.226823119221816,0.0249798854129765,0,mild,0,,,,0.995703097562644,1.2019657925065952,29.94,False,False,False
850,24.20211049438492,0.15,17.595918749467824,3686616.5225827857,424.06951354832336,0.1566701870842482,2,mild,1,24.2037,374.2159564237658,1.95712,0.9066755264864548,0.923875733591034,24.2,True,True,True
202,0.533993561247009,0.25,0.1959187494678261,12839.913635113237,2.908339926805431,0.0248945940039394,0,mild,0,,,,1.194843717075173,1.3646098630747467,23.55,False,False,False
1415,13.62476155872468,0.15,1.5959187494678264,568409.9135733978,119.95884458539614,0.1132009427427743,3,strong,1,13.6307,153.23908093384364,1.27589,1.030845559829561,0.9412082390886132,16.2,True,True,True
1211,31.563275956399146,0.25,22.595918749467828,100884.88894054922,64.83469009095015,0.1448751392411729,3,strong,1,31.5564,104.66182033907114,1.2067,0.9207325113932217,1.0771158747914031,16.96,True,True,True
863,29.304483735469372,0.15,2.645918749467826,26747.766075176096,38.54850197058829,0.1671315676162189,2,mild,1,29.3247,59.86483293531869,1.1671,1.1831295629862006,1.3774613997076488,34.18,True,True,True
782,12.883290673904453,0.15,9.395918749467826,582602.9084967299,124.64380273368108,0.1161441404389985,2,mild,1,12.8864,139.70595133206234,1.46421,1.1468156853103866,1.1312358789510537,27.76,True,True,True
1029,10.791162462769249,0.15,7.1459187494678265,11490673.265267324,526.1973899013294,0.110474051467393,2,mild,1,10.7924,445.4393431159666,2.4323200000000003,0.983988943473672,1.0524068839440806,25.68,True,True,True
272,0.5137499481951533,0.25,0.3959187494678262,11639.78623845852,2.7180866567497635,0.0248545785731913,0,mild,0,,,,0.9324466654821938,1.1961451667391934,32.24,False,False,False
558,0.5169401773439624,0.25,0.4459187494678262,19038.515088715776,3.082660640072572,0.0248587593054264,1,strong,0,,,,1.190158055439584,1.4330108008922022,15.81,True,False,True
753,5.962569714701404,0.15,1.9959187494678263,16610213.728020577,451.44911497454,0.0793301475927022,2,mild,1,5.9631,444.0557733720802,2.37347,0.9816461126558772,1.0285425011682812,27.93,True,True,True
176,0.5470662231149019,0.25,0.4459187494678262,12195.882825771208,0.626646683019285,0.024939170699575,0,mild,0,,,,1.194843717075173,1.366325865960993,21.8,False,False,False
1206,28.16067137278462,0.25,1.1459187494678262,6301504.264315341,458.3122757944028,0.129701310350135,3,strong,1,28.1642,780.209555188898,3.859129999999999,1.1198731309057504,1.2616562171619523,19.95,True,True,True
920,39.1478533211536,0.25,21.595918749467828,216494.25838816783,101.53447887016786,0.1548058511525273,2,mild,1,39.1686,211.14516102310856,1.82776,1.0566166988253,1.1486450839675828,23.45,True,True,True
1235,5.902177976272453,0.15,3.0459187494678264,3089064.6641873457,192.91875636255293,0.0786287135383815,3,strong,1,5.9016,204.095511074872,1.91862,0.983988943473672,1.2263925307464438,12.2,True,True,True
132,0.530237257266967,0.25,0.4459187494678262,15107.44278219883,2.4299474051929906,0.024885800070433,0,mild,0,,,,1.1643869164438791,1.2728663973305652,26.02,False,False,False
63,0.5199560587819518,0.25,0.3959187494678262,8525.77046989309,2.3396602173212298,0.0248637106548368,0,mild,0,,,,0.903161280259804,0.8551653523057802,26.07,False,False,False
200,0.5585003987825774,0.05,0.2459187494678262,7562.4255918543395,5.115423990401192,0.043583688420868,0,mild,0,,,,0.9019898648510196,0.9335879910310492,28.73,False,False,False
911,5.773968542370794,0.15,2.9459187494678263,2909077.633429387,184.9984939025939,0.0777227865337105,2,mild,1,5.773,179.76758696192067,2.05942,1.194843717075173,1.4026408647528752,30.61,True,True,True
981,8.366008332822059,0.15,6.545918749467827,1132988.0674848186,139.76507799017725,0.0936900396693081,2,mild,1,8.3657,144.25171246505573,1.5994,1.1151874692701615,1.2160567951185932,31.49,True,True,True
826,10.814269543838904,0.1,3.520918749467826,1530422.728032704,225.8629915112776,0.129701310350135,2,mild,1,10.814,184.60658145851409,1.37885,1.016788574922794,0.926724595210338,26.87,True,True,True
4,0.5649563236539278,0.15,0.2459187494678262,9224.230585787496,3.275034277432461,0.0281332433688448,0,mild,0,,,,1.096444822727806,1.0382020108844665,30.75,False,False,False
699,0.5006774391564839,0.25,0.3959187494678262,18891.29109610468,3.4175011972857545,0.0248452293344314,1,strong,0,,,,1.0097600824694108,1.123964088968599,9.88,True,False,True
815,7.886960316750884,0.15,0.2959187494678262,6048767.276758255,308.63599528691424,0.0896181995912459,2,mild,1,7.8872,321.95727975022567,1.73789,0.974617620202494,0.8844645189641449,27.43,True,True,True
369,0.5241109558914481,0.25,0.4959187494678262,13705.866426682203,2.6888573709755668,0.0248711610358059,0,mild,0,,,,1.0472453755541222,1.255007351803233,26.16,False,False,False
118,0.5582123212730642,0.25,0.1959187494678261,15663.52143562619,3.284440469560936,0.0249798854129765,0,mild,0,,,,1.0566166988253,1.1491245532030696,34.14,False,False,False
484,0.506790201459199,0.25,0.2459187494678262,86745.63502571857,7.36545505017401,0.0248472874870322,1,strong,0,,,,1.096444822727806,1.0335883869941966,19.78,True,False,True
188,0.7920017825914317,0.25,0.4459187494678262,15699.70120922696,3.917489821267326,0.0267261772194244,0,mild,0,,,,1.108158976816778,1.217638926048088,27.25,False,False,False
644,0.6890888334026273,0.25,0.5459187494678263,51183.26256677488,6.60142163609612,0.0258415403350536,1,strong,0,,,,0.9207325113932217,1.0478015206525149,15.64,True,False,True
1411,13.232089769489312,0.15,3.5459187494678264,3996104.209495494,326.4395486455033,0.1161441404389985,3,strong,1,13.2298,302.0351864376404,2.0634900000000003,0.9769604510202644,1.0842535539684477,8.26,True,True,True
761,15.491510369329916,0.15,8.945918749467827,9872112.757141825,568.9251515823596,0.1286438110784691,2,mild,1,15.4963,487.7176391935414,2.61316,0.9781318664291856,1.0805354662325115,29.29,True,True,True
781,28.91302671652724,0.25,8.695918749467827,5907092.446206786,443.7376269150794,0.129701310350135,2,mild,1,28.9179,462.4368176220076,2.20737,1.016788574922794,0.9373595099134224,26.61,True,True,True
618,0.5171342635624705,0.25,0.2459187494678262,109483.82307237052,8.361401889231134,0.0248590141518156,1,strong,0,,,,1.1878152246217897,1.31297655452024,10.14,True,False,True
1279,27.901374653546384,0.25,20.645918749467825,106420.37711646991,62.78133041564303,0.1366533436151313,3,strong,1,27.8791,124.960124391523,1.40261,1.0613023604607903,1.1457990620612364,20.03,True,True,True
1391,9.451540337368224,0.15,5.245918749467827,3092074.2053364846,243.85029318670104,0.0988545535543052,3,strong,1,9.4517,235.65889374257443,1.58983,0.9722747893846996,0.9457275190507648,8.97,True,True,True
142,0.6600303536076481,0.25,0.4959187494678262,10082.47649981313,2.866561923535123,0.0256102217248762,0,mild,0,,,,1.1761010705328172,1.3122458075907324,28.13,False,False,False
1189,0.7699458556026206,0.25,0.1459187494678261,754655.9672497443,26.76082451626856,0.0265260402433953,3,strong,1,16.7604,95.3801770698034,1.25796,1.0894163302746342,1.1762375119939943,11.19,True,False,False
381,0.7511276053103487,0.25,0.4959187494678262,18564.67162343425,4.151793878315366,0.026370684077669,1,strong,0,,,,1.129244454176928,1.2934605875932546,17.98,True,False,True
194,6.659725521362891,0.15,0.3459187494678262,15039.758849042548,14.402949338311448,0.0839905049435063,0,mild,0,,,,1.0941019919100112,1.3636551874549696,22.94,False,False,False
328,0.5162004590207488,0.25,0.2459187494678262,8213.306352876583,2.287955320655511,0.0248575207450601,0,mild,0,,,,1.0027315900160276,0.9783304288636924,29.74,False,False,False
1267,0.5693937614380784,0.25,0.1459187494678261,1033783.4532369876,26.92795533661593,0.0250319198733143,3,strong,1,32.1659,51.55078553170477,1.08746,1.1831295629862006,1.383097841275059,9.91,True,False,False
117,18.727604160163807,0.05,14.045918749467829,8840.005056804059,33.24154978487776,0.2503092147131164,0,mild,0,,,,0.9207325113932217,0.9665112946254344,34.93,False,False,False
892,18.188046417441704,0.15,15.795918749467829,142982.81842121208,74.15752942248426,0.1392348326199822,2,mild,1,18.1793,106.3207067635897,1.28546,1.1761010705328172,1.1384314779506433,20.92,True,True,True
1271,3.072591366549836,0.1,0.9709187494678264,53741435.7745512,715.4181978765068,0.0701526506632401,3,strong,1,3.0724,683.2053686552081,2.59523,0.9886746051092608,0.9066871768092664,14.13,True,True,True
187,0.5445494411102789,0.25,0.4459187494678262,8685.57314939029,0.8360216989963875,0.024929356312449,0,mild,0,,,,0.9886746051092608,1.001025360670931,28.4,False,False,False
749,0.5289230028171378,0.25,0.4459187494678262,21105.704904624945,2.885402416451919,0.024883203294514,1,strong,0,,,,1.065988022096431,1.148544328173681,12.7,True,False,True
995,38.35502595443271,0.25,35.745918749467826,2459149.975985032,342.2022498593646,0.1548058511525273,2,mild,1,38.3233,712.6630242812324,2.78663,0.9371323271177828,0.9532228643753032,32.34,True,True,True
879,4.661820283945398,0.15,2.145918749467826,194571.9250822192,43.15011352751583,0.0703146726900036,2,mild,1,4.6619,46.97339517792442,1.04335,1.1936723016662756,1.3901488364083945,25.31,True,True,True
674,0.5153401255135535,0.25,0.3459187494678262,133781.84401550482,9.225126243490436,0.0248561129223243,1,strong,0,,,,1.0074172516516164,1.0519489096679189,11.13,True,False,True
723,0.5314461876854144,0.1,0.4209187494678262,18499.68064264807,5.51154641751244,0.0317971676662465,1,strong,0,,,,0.9675891277491108,1.1661054634227617,15.94,True,False,True
250,0.5549003402762311,0.25,0.1459187494678261,13919.943628961448,3.0897892642384184,0.0249665038308843,0,mild,0,,,,1.0343598060562529,1.116700830249287,28.6,False,False,False
447,0.6592549291936602,0.15,0.6459187494678262,14550.33084519778,4.3823601957927165,0.0296342089352018,1,strong,0,,,,1.1198731309057504,1.2959069545707975,8.86,False,False,False
535,0.859289515745573,0.25,0.6959187494678263,64096.47339611628,8.248815999200033,0.027356280218982,1,strong,0,,,,1.140958608265676,1.3937524983890577,13.69,True,False,True
565,0.5081499810623127,0.25,0.2959187494678262,26061.68289169675,4.044765427627453,0.024848651191252,1,strong,0,,,,1.101130484363395,1.1627501447345647,12.45,True,False,True
1012,31.04586662251108,0.25,26.545918749467827,109266.39989287802,67.47419256429272,0.1448751392411729,2,mild,1,31.0703,143.67899833877027,1.75505,1.136272946630538,1.3370575595634997,30.04,True,True,True
1387,11.827299895127776,0.15,2.995918749467826,1016239.746328859,155.55122769172024,0.109823083284368,3,strong,1,11.8272,178.44840731899995,1.27633,0.9511893120245496,0.8724969053674971,9.58,True,True,True
929,10.448826905929558,0.15,4.995918749467827,5372571.090898797,339.91052241014165,0.1044473848444829,2,mild,1,10.4519,336.1711399880455,2.06613,1.096444822727806,1.0290457566398423,24.69,True,True,True
262,0.5620640579529843,0.25,0.2459187494678262,8040.804122639987,2.3622059055484925,0.0249982688912406,0,mild,0,,,,0.9277610038466048,0.8659412690762539,29.19,False,False,False
819,22.990205845837867,0.25,20.895918749467825,11364186.142975992,586.8298535860959,0.123723175277265,2,mild,1,23.0044,702.3076172876824,2.73966,0.903161280259804,0.9440396504888,22.06,True,True,True
627,0.5146574171639853,0.25,0.1459187494678261,76392.67079973013,6.9691714966014935,0.0248550050818863,1,strong,0,,,,1.1831295629862006,1.3944048741062534,21.85,True,False,True
1097,8.762772166171066,0.15,7.795918749467827,3057961.1326005645,239.0777112388888,0.0974818258184922,2,mild,1,8.763,233.03899053608612,1.6071,1.030845559829561,0.9613595875318564,25.13,True,True,True
940,4.421044875101319,0.1,2.020918749467826,20547617.535839736,530.5414336503063,0.083708979127606,2,mild,1,4.4216,468.53726107452695,2.33178,0.9675891277491108,0.9837228552842272,27.64,True,True,True
1492,5.979040770445015,0.1,4.920918749467827,23817159.995601386,652.1552180983309,0.0953184483951077,3,strong,1,5.98,572.5040471276467,2.8063200000000004,0.974617620202494,1.0710387079289494,21.55,True,True,True
300,0.5184792152037,0.25,0.4459187494678262,13600.85130503402,2.5456029739453747,0.0248614148338266,0,mild,0,,,,1.194843717075173,1.3646098630747467,28.81,False,False,False
84,0.5288860759047338,0.15,0.1959187494678262,9893.886066560646,3.2802548453631126,0.0275543933667467,0,mild,0,,,,1.0355312214651498,1.0778250393169724,32.49,False,False,False
1479,3.293683383033012,0.15,1.0959187494678264,72983442.00932631,703.4223458729462,0.0595945634764133,3,strong,1,3.2937,711.3068672838041,3.44102,1.0706736837320667,1.1781916811083166,10.23,True,True,True
207,23.562261424150552,0.05,14.745918749467828,12432.151632508429,45.51950430403144,0.2889427981985323,0,mild,0,,,,1.030845559829561,1.149908625052538,20.73,False,False,False
318,0.6360620172658429,0.25,0.4459187494678262,12078.95613145878,3.081563676860022,0.0254390802046122,0,mild,0,,,,1.0706736837320667,1.0218597799319002,33.58,False,False,False
737,0.7777318612625289,0.25,0.5459187494678263,20531.960055119067,4.441092722274293,0.0266023208906721,1,strong,0,,,,1.0706736837320667,1.0228466566531145,10.13,True,False,True
422,0.5136628601838426,0.25,0.1959187494678261,41382.741767393694,5.121015980136886,0.0248535538573299,1,strong,0,,,,1.103473315181189,1.3747358082442007,18.22,True,False,True
727,0.5428714441187509,0.25,0.3459187494678262,52784.05664455383,5.949939645667995,0.024924346533784,1,strong,0,,,,1.016788574922794,0.9255340134827756,18.58,True,False,True
1356,44.55914681242945,0.25,10.845918749467828,56656.85772285279,56.10350440770305,0.1671315676162189,3,strong,1,44.5667,208.3105741775894,2.27392,1.194843717075173,1.4387216514981906,16.28,True,True,True
226,0.5453923356005442,0.25,0.1959187494678261,10048.001642271676,2.601217228959709,0.0249319197335588,0,mild,0,,,,1.1878152246217897,1.3052696310630585,32.88,False,False,False
762,8.677454065812004,0.15,3.1959187494678263,80864.37891701695,38.00008903114968,0.0953184483951077,2,mild,1,8.677,44.28398941334381,1.01024,1.1936723016662756,1.38630390635029,26.88,True,True,True
74,0.8648814150392898,0.15,0.4959187494678262,9483.031336931395,4.109592049772109,0.0328198658545515,0,mild,0,,,,1.0343598060562529,0.9455317029660296,29.63,False,False,False
645,0.5717357943695106,0.25,0.2459187494678262,449022.4972843723,17.80747829966172,0.0250445633152249,1,strong,0,,,,1.101130484363395,1.3231581534714647,21.29,True,False,True
764,15.15070402618129,0.15,10.195918749467827,396494.58262713056,110.45285560638088,0.1246615419043813,2,mild,1,15.1565,132.96819913578693,1.2496,1.0074172516516164,0.9895879059495724,26.24,True,True,True
1272,41.28113389294069,0.25,30.195918749467825,1602430.7454882418,298.3687823900187,0.1671315676162189,3,strong,1,41.2751,512.4892418855227,2.89751,1.0941019919100112,1.1687989770788831,17.99,True,True,True
841,10.087088096839272,0.15,9.345918749467828,1269895.6785544502,166.1518215207464,0.1050052795648371,2,mild,1,10.0878,154.34225601352117,1.44661,1.1479871007192837,1.0633256661527315,24.08,True,True,True
457,0.5000825163657459,0.25,0.1459187494678261,20274.210423328543,3.485871553907793,0.0248452009333729,1,strong,0,,,,0.9863317742915458,1.155631066746505,17.84,True,False,True
955,3.5649266075978243,0.1,2.120918749467826,68093752.37056795,865.0335213638629,0.0751883372589413,2,mild,1,3.5651,786.8189448947293,3.1625,1.112844638452367,1.0295569768985,34.45,True,True,True
292,0.5448235856907122,0.25,0.1459187494678261,12180.639108863088,2.855340707710881,0.024928721557454,0,mild,0,,,,1.0730165145498611,1.213170284272327,23.07,False,False,False
305,0.504142678478339,0.25,0.2459187494678262,7584.608244619346,2.1724942642791194,0.0248459997502946,0,mild,0,,,,0.903161280259804,0.8900660772710814,24.67,False,False,False
772,15.897889749758871,0.25,4.345918749467827,241846.0872747232,68.86276310635256,0.0998033593156288,2,mild,1,31.8023,259.36553241152893,2.44112,1.1690725780794338,1.384172619456668,25.03,True,False,False
1137,45.35956211443087,0.25,11.845918749467828,2679473.476488374,385.82332431138406,0.1671315676162189,3,strong,1,45.358,729.8199391778453,3.37029,1.0800450070032448,1.1392437783981126,14.49,True,True,True
773,20.446149861643104,0.15,9.695918749467827,1320868.7560668,237.0805371793001,0.1463968722805013,2,mild,1,20.4381,243.2219326136817,1.80829,1.096444822727806,1.0588244688271038,33.05,True,True,True
798,30.120082732584997,0.25,12.095918749467828,191271.58764516772,84.16729100872236,0.1366533436151313,2,mild,1,30.1396,164.3567031281072,1.4498,1.096444822727806,1.032693969222968,32.96,True,True,True
1326,39.66023268112109,0.25,12.045918749467829,369816.9857657065,132.70392856095046,0.1548058511525273,3,strong,1,39.6668,365.2802068184885,2.56443,1.021474236558383,1.2252791256096065,13.08,True,True,True
634,0.6897162182978616,0.25,0.5959187494678263,19419.795333129558,3.831509794638456,0.0258462925362703,1,strong,0,,,,1.1690725780794338,1.1061602172317762,16.52,True,False,True
93,0.6728692324773403,0.15,0.5959187494678263,10039.277641655008,3.7315013249652966,0.0298659126911025,0,mild,0,,,,1.0343598060562529,1.1137438636982415,32.64,False,False,False
812,23.525675209385486,0.15,0.5459187494678263,95536.0901312903,65.89802388101091,0.1512701184544283,2,mild,1,23.5442,119.6682557049455,1.37863,0.9582178044779328,1.1508414628111137,32.35,True,True,True
96,0.5087813500318676,0.25,0.3459187494678262,15058.467353301348,3.076005193518156,0.0248490454288379,0,mild,0,,,,1.194843717075173,1.4423924009232425,33.92,False,False,False
1022,6.126520959526854,0.1,3.470918749467826,62557563.23326092,1066.4943697013805,0.0961659761151556,2,mild,1,6.1256,950.9496343296408,3.0657,0.995703097562644,0.9078375705602062,29.26,True,True,True
1035,5.613522303267553,0.15,3.095918749467826,241149.41281669616,52.95340347634913,0.0772818370681184,2,mild,1,5.6135,59.78765217957186,1.14466,1.173758239715023,1.3518484673392248,24.07,True,True,True
525,0.5500653132653038,0.25,0.1459187494678261,19684.43075754125,3.667334107936816,0.0249488277330673,1,strong,0,,,,1.0425597139185332,1.0528365472683987,19.61,True,False,True
1310,22.31304761763087,0.25,13.495918749467828,19329561.53306447,732.756620445934,0.1185113657849943,3,strong,1,22.3035,911.9843409860288,3.35434,0.9043326956686604,1.0143098578724088,15.65,True,True,True
802,3.350495889921372,0.15,0.7459187494678263,21274788.425152075,382.3852470334224,0.0599833569273586,2,mild,1,3.3504,430.1121657019845,2.34795,0.9781318664291856,1.0338445361660376,21.3,True,True,True
867,4.279921931621687,0.1,2.8209187494678263,44667345.76421871,771.7283266730482,0.0826114068985817,2,mild,1,4.2796,688.560805958315,2.70347,0.9019898648510196,0.940822426994497,24.95,True,True,True
481,0.6263589833103173,0.25,0.3459187494678262,31142.851686956245,4.907721687621714,0.0253673598158335,1,strong,0,,,,0.9254181730288104,0.882257141322936,17.39,True,False,True
1398,5.288273391694313,0.15,2.045918749467826,1652011.1637023287,134.00239954463865,0.0747904647164837,3,strong,1,5.2891,149.4332600066274,1.37753,1.096444822727806,1.0290457566398423,16.14,True,True,True
379,0.6539904557811412,0.25,0.3959187494678262,119062.88162316143,9.800876780067007,0.0255602421489126,1,strong,0,,,,1.0531024525987964,1.2910685310951306,13.6,True,False,True
1166,40.29307473271369,0.25,13.645918749467826,1194493.646682871,238.4966453475635,0.1548058511525273,3,strong,1,40.2796,441.5202658478533,2.45696,0.9066755264864548,1.0677756695396516,12.93,True,True,True
97,0.5421914954067619,0.25,0.2459187494678262,10926.659844766684,2.704384343101399,0.0249206914929919,0,mild,0,,,,1.1690725780794338,1.3140661610125075,31.35,False,False,False
656,0.5094314182262297,0.25,0.3459187494678262,17364.841257480286,3.304736571912504,0.0248494609968774,1,strong,0,,,,1.096444822727806,1.033060147194224,13.25,True,False,True
690,0.8348114626773964,0.25,0.1459187494678261,38162.93160268225,6.276943665494873,0.0271123219522983,1,strong,0,,,,1.0706736837320667,1.1785715298911636,8.21,True,False,True
255,42.43740274437685,0.05,23.895918749467825,12137.928607094902,51.93570513859721,0.3335650562207792,0,mild,0,,,,1.1198731309057504,1.258815191879337,29.93,False,False,False
171,0.5525326916864265,0.25,0.5459187494678263,7996.479020908148,2.2305486329987394,0.0249589662649523,0,mild,0,,,,0.9781318664291856,0.9640395912069462,26.97,False,False,False
1033,33.742379591928554,0.25,22.845918749467828,914888.7797072588,195.2443746209754,0.1448751392411729,2,mild,1,33.769,330.236367759398,1.78189,0.9371323271177828,0.8954177455578514,29.96,True,True,True
95,0.7875555770244528,0.15,0.2959187494678262,8163.769328489114,3.6374981447168686,0.0316384923364427,0,mild,0,,,,0.9968745129715414,1.0777068448906804,21.86,False,False,False
1227,41.85128348214285,0.25,8.045918749467827,431646.42050545616,143.36872550399815,0.1548058511525273,3,strong,1,41.8866,389.2680887142084,2.79378,1.1655583318527425,1.2930789996578778,16.37,True,True,True
69,0.5006443507577838,0.25,0.2959187494678262,10713.534265809734,2.5740167669457965,0.0248452423516157,0,mild,0,,,,1.0905877456833195,1.048324589705111,34.41,False,False,False
956,48.871041313697376,0.25,38.04591874946782,36369.2408739607,49.24039051697343,0.1829982843991256,2,mild,1,48.905,113.32298436073742,1.5183300000000002,1.096444822727806,1.3024600989334614,30.61,True,True,True
334,1.2919744180537909,0.05,0.5959187494678263,8908.890099397218,8.689020004520614,0.066313210472657,0,mild,0,,,,1.016788574922794,0.9309455341487014,30.31,False,False,False
1299,3.892839531805559,0.15,2.145918749467826,40746007.59728374,575.5591667669464,0.0650034714586363,3,strong,1,3.8924,515.0524307077059,3.44795,1.1714154088972284,1.3873706244595,20.73,True,True,True
1034,8.545311600932038,0.15,8.145918749467826,9131985.470581291,403.82071407683264,0.0953184483951077,2,mild,1,8.5465,367.5837620907559,2.9693400000000003,1.194843717075173,1.4142918069078991,30.37,True,True,True
67,1.41044327008068,0.1,0.5209187494678262,12405.464144746067,7.34416779692095,0.0483738152339557,0,mild,0,,,,1.194843717075173,1.3886446965566754,23.39,False,False,False
999,13.479304085263932,0.25,13.095918749467828,22512809.647719707,612.5467281184854,0.0921442675250926,2,mild,1,13.4834,698.2329290516775,3.28878,1.140958608265676,1.1365588168985188,27.54,True,True,True
855,11.681398699427591,0.25,6.745918749467827,26341319.15978074,617.8658824473757,0.0860468231675068,2,mild,1,11.6777,705.6350733209304,3.33289,0.9219039268021187,1.145745490639091,20.55,True,True,True
1313,0.5165700533669092,0.25,0.4459187494678262,206274.6762576044,10.356223588492112,0.0248585068374299,3,strong,1,42.2714,102.06333201422488,1.2357399999999998,0.9066755264864548,1.11699052558335,8.74,True,False,False
849,9.039873196485178,0.15,8.295918749467827,5885081.381029393,331.66477223355565,0.0974818258184922,2,mild,1,9.0404,310.4093738826449,2.21375,1.0531024525987964,1.1474094337128409,26.72,True,True,True
728,0.5298293256884654,0.25,0.3459187494678262,19231.87053822826,3.547717957823672,0.0248853612723707,1,strong,0,,,,0.9781318664291856,1.001734052036268,21.02,True,False,True
388,0.587179717040406,0.25,0.4959187494678262,24719.010107803115,3.2093063003985645,0.0251247753708998,1,strong,0,,,,1.1643869164438791,1.2969850710332045,18.43,True,False,True
40,1.2685017142257906,0.1,0.9209187494678264,11229.584023949868,6.649132328673575,0.046216361043462,0,mild,0,,,,1.0542738680075054,1.1769549065759155,34.32,False,False,False
786,33.59275268191082,0.25,17.695918749467825,168760.43382567284,83.85514142100273,0.1448751392411729,2,mild,1,33.5728,168.72496959782993,1.43825,1.0847306686388336,1.0111182736619289,34.78,True,True,True
1240,5.099598478229089,0.1,2.870918749467826,162930.68010635956,50.85470746675786,0.0899660442262476,3,strong,1,5.1006,67.92986038736096,1.00386,1.021474236558383,1.1122439305738263,19.91,True,True,True
532,1.2804009325044023,0.15,1.0959187494678264,11157.18913827532,5.425725183653928,0.0386526232256988,1,strong,0,,,,1.0613023604607903,0.9692971044349776,19.41,False,False,False
514,0.5164996136454104,0.25,0.4459187494678262,108510.70234422252,6.55758051505758,0.024858256747609,1,strong,0,,,,1.1690725780794338,1.320221302359354,16.45,True,False,True
733,0.5557144540219877,0.25,0.4959187494678262,18021.266284550515,3.2759485973448648,0.0249711449893223,1,strong,0,,,,1.1936723016662756,1.386261620597344,18.96,True,False,True
688,0.7219228816271721,0.25,0.6959187494678263,155220.18008539962,12.52035508151999,0.0261094726946137,1,strong,0,,,,1.0812164224121417,1.219639987821782,8.21,True,False,True
543,0.5098428442021288,0.25,0.1459187494678261,117561.12985044804,8.594369230385354,0.024849604260208,1,strong,0,,,,0.9277610038466048,0.8962446453798025,12.76,True,False,True
1038,21.490178660973964,0.15,11.595918749467828,24417.15055496612,32.582437623975665,0.1479680869077668,2,mild,1,21.4788,48.47062507651426,0.99726,1.136272946630538,1.3080560251852755,33.68,True,True,True
596,0.6927753134681857,0.25,0.2959187494678262,26328.283483245123,4.74371230113463,0.0258630300055935,1,strong,0,,,,1.0636451912786833,0.9930627694582254,16.41,True,False,True
770,7.571642747891227,0.15,5.995918749467827,543186.818291106,93.2254744834141,0.0903180846357682,2,mild,1,7.5706,107.62205189375442,1.53747,1.112844638452367,1.353359800515599,32.14,True,True,True
1099,28.26574454452945,0.25,21.345918749467828,271387.6964679673,100.25665147749686,0.1366533436151313,2,mild,1,28.2506,227.96471277959444,2.33167,1.1936723016662756,1.4102318778856704,34.54,True,True,True
562,0.7707291957840734,0.25,0.5959187494678263,16029.114057884875,3.907150229037952,0.0265424373122285,1,strong,0,,,,1.108158976816778,1.2164268611834634,18.76,False,False,False
697,0.6033850223581716,0.25,0.1459187494678261,117880.16544395138,9.392634203953511,0.0252151901968171,1,strong,0,,,,1.0683308529142723,1.1967935480734797,14.53,True,False,True
461,0.8027016627716499,0.25,0.3959187494678262,23014.735458792773,4.775924036785598,0.0268263841302098,1,strong,0,,,,1.0894163302746342,1.1718651840958922,21.14,True,False,True
1091,39.97414918849772,0.25,25.295918749467827,230124.6668605401,104.68198254498972,0.1548058511525273,2,mild,1,39.9956,471.0450783890208,3.37326,1.194843717075173,1.4193053413035517,23.51,True,True,True
56,0.5092601866466848,0.25,0.4459187494678262,11857.326025333374,2.390715091962711,0.0248493201039524,0,mild,0,,,,1.1643869164438791,1.307593997944798,30.19,False,False,False
1351,20.98419138220481,0.15,15.395918749467826,15621971.170997206,815.3310558789798,0.1463968722805013,3,strong,1,20.9983,928.6256223938326,3.43398,1.096444822727806,1.0290457566398423,16.06,True,True,True
1082,6.10676611527516,0.1,0.2709187494678262,19122501.348926496,589.6455229269145,0.0961659761151556,2,mild,1,6.1056,506.5689771183021,2.36071,0.9511893120245496,0.9578127212529158,27.34,True,True,True
402,0.6194446864947883,0.25,0.5459187494678263,54701.805245043804,5.475971582796725,0.0253223371287426,1,strong,0,,,,0.903161280259804,0.8900660772710814,20.0,True,False,True
227,1.8540103580831369,0.1,0.2209187494678262,10879.26037601805,7.930062933373978,0.0552557614052543,0,mild,0,,,,1.1714154088972284,1.3336490247492854,24.61,False,False,False
554,0.5054376798154484,0.25,0.2459187494678262,73938.20969367905,6.793650634774048,0.0248467335463228,1,strong,0,,,,1.140958608265676,1.256809607074527,18.93,True,False,True
868,6.46368580268726,0.1,3.620918749467826,3604458.354712873,268.49425895958643,0.1007806519720537,2,mild,1,6.4627,227.5500087078729,1.6139199999999998,1.0800450070032448,0.9770140995414476,21.83,True,True,True
887,24.634979552285383,0.25,20.045918749467827,1460597.6846310124,210.3818811064999,0.123723175277265,2,mild,1,24.62,416.790087280976,2.5267,0.9066755264864548,1.1301920435778336,34.67,True,True,True
1165,23.821586252898392,0.25,11.495918749467828,1001966.8788775308,174.24876669078182,0.123723175277265,3,strong,1,23.8333,309.426482429204,2.05271,0.9722747893846996,1.0656292035463046,20.16,True,True,True
899,12.091592838313892,0.15,5.195918749467827,6105859.0301136775,390.699981767138,0.1125,2,mild,1,12.0869,358.11560775256504,2.39349,1.065988022096431,1.1549874058000833,27.29,True,True,True
891,5.122010353635383,0.15,4.045918749467827,57583646.48275206,786.8792756441067,0.074399096502858,2,mild,1,5.1213,719.3061373923456,3.47853,1.0531024525987964,1.1843938024353795,23.1,True,True,True
545,0.5018549176060588,0.25,0.4459187494678262,43718.51517276142,4.62318310220674,0.0248453701577847,1,strong,0,,,,1.194843717075173,1.4230638648009912,17.2,True,False,True
155,0.5169401773439624,0.1,0.4209187494678262,8159.387491817074,3.611728716203885,0.0314738251041608,0,mild,0,,,,1.096444822727806,1.0290457566398423,27.74,False,False,False
1467,13.503330932661145,0.15,6.095918749467827,52378504.36234273,1232.1596965284425,0.1210319607760169,3,strong,1,13.502,1053.8486128889865,3.1343400000000003,0.903161280259804,0.8816866133227489,11.14,True,True,True
996,10.013752678768132,0.15,3.745918749467826,29814003.37810937,776.0818890733532,0.1012804292516761,2,mild,1,10.0143,675.8035484605801,2.95251,1.0730165145498611,1.0371424238392517,34.66,True,True,True
559,0.5241109558914481,0.25,0.4459187494678262,10961.87158040859,2.0658314474545194,0.0248715136086517,1,strong,0,,,,1.0472453755541222,0.96334272354702,19.15,False,False,False
886,45.22416860132059,0.25,33.895918749467825,32343.760559504608,42.389569314150215,0.1671315676162189,2,mild,1,45.2157,79.51373358369514,1.00991,1.1093303922256754,1.034234105731317,24.02,True,True,True
1193,10.699713238126488,0.15,4.845918749467827,322476.5402286642,85.12733888336484,0.10673530386975,3,strong,1,10.7001,88.1067042565969,1.02531,1.0636451912786833,0.9974886688805212,19.59,True,True,True
539,0.794410342508196,0.15,0.1459187494678261,37378.31111167136,7.818286959158661,0.0317471896163986,1,strong,0,,,,1.1936723016662756,1.3991904125402623,17.23,True,False,True
874,9.277907329172567,0.15,2.345918749467826,840819.9844592947,130.3313558293206,0.1012804292516761,2,mild,1,9.2765,143.8189270508894,1.68245,1.1561870085815644,1.2811246874866846,27.06,True,True,True
143,2.746728537263361,0.15,1.6959187494678265,11326.403157638471,8.033549012119972,0.0548831631966486,0,mild,0,,,,1.1690725780794338,1.344638753635795,22.79,False,False,False
392,0.5424050099643121,0.25,0.1459187494678261,32330.02672072029,4.688957579876368,0.0249212945833817,1,strong,0,,,,1.1936723016662756,1.3863982481318544,12.9,True,False,True
1031,29.532969737541592,0.25,22.545918749467827,17219629.526714385,798.6013126366479,0.1366533436151313,2,mild,1,29.5378,981.033973082006,3.54332,1.096444822727806,1.033060147194224,27.57,True,True,True
81,0.5005781870789788,0.25,0.1459187494678261,9318.7004249237,2.392777997483201,0.0248452104003816,0,mild,0,,,,1.030845559829561,0.9412082390886132,24.43,False,False,False
307,1.037525792021714,0.1,0.5709187494678263,9745.371466279614,5.584370035384008,0.0420808055174498,0,mild,0,,,,0.9219039268021187,1.0329147255473774,22.5,False,False,False
231,0.8476079987477586,0.15,0.2959187494678262,11662.645532204418,4.505609217006038,0.0325254375266723,0,mild,0,,,,0.9968745129715414,1.0666602751226764,34.76,False,False,False
1231,22.990205845837867,0.15,15.995918749467828,5663981.393752407,513.2650339330078,0.1530070776973354,3,strong,1,22.9929,436.41176704255696,1.93974,0.9019898648510196,0.8479154555484992,20.79,True,True,True
585,0.5018715413624526,0.25,0.2959187494678262,22029.5941232284,3.694464371305783,0.0248453701577847,1,strong,0,,,,1.1854723938039953,1.3995098217609712,16.17,True,False,True
90,0.5174875212349458,0.25,0.4459187494678262,16184.2533043635,2.5077488748346,0.0248597929635412,0,mild,0,,,,1.1690725780794338,1.1047541854850325,21.74,False,False,False
376,0.5053365316587045,0.25,0.3959187494678262,25910.013700143223,4.021006750641067,0.0248466495115458,1,strong,0,,,,1.016788574922794,0.9309455341487014,9.54,True,False,True
1424,8.050397166165736,0.15,2.495918749467826,2405643.436042493,198.5869523408849,0.091400237831627,3,strong,1,8.0521,202.34095820874168,1.6770600000000002,0.995703097562644,1.0766237484350267,10.02,True,True,True
239,0.6926169649713455,0.15,0.4459187494678262,11009.40448057971,3.958756136754498,0.0301461126385702,0,mild,0,,,,0.9371323271177828,0.9160421645017864,31.28,False,False,False
1059,20.955168415317345,0.25,2.7959187494678264,8827408.752750771,475.7560448098338,0.1139153809089968,2,mild,1,20.9472,545.575392012854,2.58401,0.9418179887533716,1.0102388346977318,33.94,True,True,True
882,35.90114887505984,0.25,8.195918749467827,1026020.2332037834,206.76276998085905,0.1448751392411729,2,mild,1,35.9295,493.62514986526986,2.92512,1.0706736837320667,1.2022708125296382,27.32,True,True,True
567,0.6065008545881903,0.25,0.2959187494678262,38164.04013993837,5.346708892858539,0.0252388396485861,1,strong,0,,,,1.096444822727806,1.032693969222968,20.35,True,False,True
27,21.925567525690315,0.05,11.795918749467829,10254.707094828353,38.27477180080964,0.2675504187020754,0,mild,0,,,,1.0449025447363278,1.1252234422410738,28.3,False,False,False
1065,37.13299004802693,0.25,10.145918749467826,32040738.77354921,1220.7648912464529,0.1530070776973354,2,mild,1,37.1053,1488.1839210291416,3.74847,0.9277610038466048,0.8873255590735313,29.94,True,True,True
1495,0.7514628965351395,0.25,0.1959187494678261,184644.41699272604,13.08149465123227,0.0263584216784235,3,strong,1,39.6815,121.9657860831242,1.41163,1.0894163302746342,1.167237215106108,18.77,True,False,False
512,0.5107365509219612,0.25,0.4459187494678262,17955.52644295971,2.9211074609020398,0.0248511672938805,1,strong,0,,,,1.103473315181189,1.2451374434052789,17.83,True,False,True
339,1.1481499625690634,0.05,0.2959187494678262,10702.051497367667,9.038531385032996,0.0630683542596374,0,mild,0,,,,1.1058161459989837,1.2461734540496194,24.82,False,False,False
878,39.97414918849772,0.25,22.195918749467825,408772.9228626496,139.5183761343781,0.1548058511525273,2,mild,1,40.0078,336.3323855677,2.07207,0.948846481206755,1.0317567884723804,23.23,True,True,True
936,21.7680608365019,0.15,12.895918749467826,2653588.4923800486,351.3156993016626,0.1530070776973354,2,mild,1,21.7727,307.81273120297334,1.672,0.903161280259804,0.8702624395942471,22.78,True,True,True
283,0.5205813491003013,0.05,0.1459187494678261,9932.117367341249,5.633116754382283,0.0420507723840323,0,mild,0,,,,1.108158976816778,1.0599931067531962,22.98,False,False,False
1061,30.000800048002883,0.25,21.645918749467825,2352241.302870757,295.1610547725978,0.1366533436151313,2,mild,1,29.9768,653.7569257889847,3.54585,0.9968745129715414,1.2663958079933637,32.52,True,True,True
696,0.5680062467622564,0.25,0.1459187494678261,95873.07761478506,8.042220307084415,0.0250243519411168,1,strong,0,,,,0.9254181730288104,0.955216678719182,13.38,True,False,True
516,0.6081562965128371,0.25,0.2959187494678262,50677.619904788735,6.168165139632781,0.0252473737785319,1,strong,0,,,,1.101130484363395,1.1713274365227488,20.53,True,False,True
777,8.68740515933232,0.15,4.8959187494678265,57808784.456862144,1034.6656684637055,0.0970370849565969,2,mild,1,8.6858,1015.5196462266512,3.06999,0.9441608195711662,0.8797313159905991,25.55,True,True,True
1156,4.336268603212415,0.1,3.8209187494678254,1756537.9513965803,154.59131776786555,0.0834303550032252,3,strong,1,4.3362,143.20279356180572,1.2476200000000002,0.9254181730288104,0.9520589475998028,18.31,True,True,True
488,0.5321368133875894,0.25,0.1459187494678261,105855.19886752457,8.147455010862004,0.0248903202088127,1,strong,0,,,,1.140958608265676,1.0745688405465594,17.43,True,False,True
1194,41.39391765095485,0.25,12.495918749467828,1805283.2749196088,293.1993694302003,0.1548058511525273,3,strong,1,41.4304,659.2572776916764,2.8182,0.9441608195711662,1.0023089309651634,14.12,True,True,True
771,6.985186254557986,0.1,3.470918749467826,19820465.758189037,652.8756201949385,0.1044473848444829,2,mild,1,6.9842,551.5825811441912,2.22101,0.9066755264864548,0.8635798462836529,32.7,True,True,True
150,0.51635879181785,0.25,0.4459187494678262,15011.1747471516,2.95366204535505,0.0248580090357487,0,mild,0,,,,1.1058161459989837,1.327284691652594,21.28,False,False,False
477,0.558171191601253,0.25,0.1459187494678261,24434.073363508047,4.142784383085038,0.0249806948862196,1,strong,0,,,,0.9968745129715414,1.0783472255221662,13.94,True,False,True
575,0.6378561535396454,0.25,0.3959187494678262,103847.96467007214,9.04445999129438,0.0254479577502122,1,strong,0,,,,1.096444822727806,1.033060147194224,17.04,True,False,True
1397,9.007626711506123,0.15,2.2959187494678264,511961.5349700313,97.3692413758662,0.0970370849565969,3,strong,1,9.0082,124.47757694065167,1.37929,0.9863317742915458,1.1289306927259013,16.24,True,True,True
248,0.503004546306633,0.15,0.3959187494678262,12152.086924995492,3.546801394128929,0.0271564948518524,0,mild,0,,,,1.0613023604607903,0.9692971044349776,32.26,False,False,False
471,0.5147973123938838,0.25,0.3959187494678262,90440.25751274877,7.58377724314257,0.0248558866027727,1,strong,0,,,,1.0706736837320667,1.1938096446726605,21.42,True,False,True
1152,17.216661692798603,0.15,9.945918749467827,700018.8883837644,155.3659626754227,0.1318980441134679,3,strong,1,17.2103,220.758287510189,2.05513,1.1093303922256754,1.2631009060289906,14.41,True,True,True
323,0.548293671493152,0.15,0.3459187494678262,9770.234066316509,3.3207457324099448,0.0278700287726919,0,mild,0,,,,1.0542738680075054,1.1366754495991491,21.88,False,False,False
973,3.834708335144228,0.1,1.9709187494678264,208823359.60602644,1549.2799944550677,0.0768485885867006,2,mild,1,3.8343,1426.5872964408206,3.90379,1.030845559829561,0.9438316289297554,20.89,True,True,True
11,0.5625649315335656,0.25,0.2459187494678262,11277.713113584165,2.798525543525872,0.025,0,mild,0,,,,0.9254181730288104,1.0653352959179196,29.78,False,False,False
412,0.6187869144482072,0.25,0.4959187494678262,51393.11221381361,6.268282874443933,0.0253192055322544,1,strong,0,,,,1.0636451912786833,0.9959571917874522,18.79,True,False,True
409,0.5157787125527874,0.25,0.3959187494678262,71602.16240198277,6.754332080153122,0.0248572801658121,1,strong,0,,,,1.000388759198233,1.1166773290320262,9.11,True,False,True
480,0.522322182543759,0.25,0.3959187494678262,26198.460510454726,4.109906927405691,0.0248677666570931,1,strong,0,,,,1.1690725780794338,1.3233299947037944,14.05,True,False,True
79,0.5247099394219672,0.25,0.3959187494678262,10533.415420413696,2.612772781457793,0.0248733123196476,0,mild,0,,,,1.101130484363395,1.1462043986979946,29.61,False,False,False
1282,33.37078401708641,0.25,32.19591874946783,891225.953581339,192.7029183291104,0.1448751392411729,3,strong,1,33.3884,417.8007348159418,2.74373,1.091759161092217,1.225784225240055,16.76,True,True,True
1303,8.464155926235243,0.15,2.1959187494678263,10734868.680773089,430.2138337756583,0.0936900396693081,3,strong,1,8.4646,429.4309344924979,1.96163,0.9371323271177828,0.8644257344927772,17.13,True,True,True
792,13.798480276714749,0.15,9.795918749467829,30811157.918974686,938.2530563152944,0.1201737097952954,2,mild,1,13.7955,802.6497047519349,3.56147,1.108158976816778,1.1479514506796695,31.37,True,True,True
370,16.72259632536568,0.05,0.7959187494678263,9586.710677181418,32.63724981125677,0.2360303082374914,0,mild,0,,,,0.9277610038466048,0.851964279092523,26.36,False,False,False
1111,5.057045373323533,0.15,0.3959187494678262,2218541.456511108,151.2334665585994,0.072895286907127,2,mild,1,5.0563,148.86568787022114,1.61843,1.091759161092217,1.2113060093753931,22.68,True,True,True
657,0.5568173043798481,0.25,0.4959187494678262,16481.71850475908,3.162939175628583,0.0249758752910821,1,strong,0,,,,0.903161280259804,0.8342812138810903,18.93,True,False,True
1285,6.328689326942551,0.15,0.0959187494678261,336605.72503142303,65.89543774149556,0.0805437254904977,3,strong,1,6.328,77.68139880684652,1.00859,1.0812164224121417,1.044993033389408,15.33,True,True,True
60,0.610508835374875,0.25,0.1459187494678261,12946.494558864952,3.139615527931864,0.025261815609731,0,mild,0,,,,1.1433014390836949,1.2004556741449812,33.86,False,False,False
751,25.2088200198316,0.25,12.345918749467828,1556764.6962909712,217.19734751233284,0.123723175277265,2,mild,1,25.2225,310.8420413310776,1.96053,0.9418179887533716,1.015455443421427,32.26,True,True,True
1222,19.27559884856585,0.15,7.995918749467827,174783.83605953952,82.79050718993246,0.1405823186717711,3,strong,1,19.2699,119.65178551471077,1.1913,0.9019898648510196,0.9945321014319172,8.85,True,True,True
1128,14.186070705733254,0.15,1.3959187494678262,27063887.96182081,892.1864742078504,0.1219091462216003,3,strong,1,14.1914,860.5051695698947,3.25248,1.0847306686388336,1.0125002724630856,15.0,True,True,True
821,3.3291458680593315,0.15,0.7959187494678263,394549.96346849937,51.98458435015341,0.0598853958576391,2,mild,1,3.3293,58.088124496599626,1.20626,1.194843717075173,1.4452883612245784,29.64,True,True,True
1284,3.281555946924532,0.15,3.1959187494678263,12402168.58192006,288.99184546788933,0.0594031746053298,3,strong,1,3.281,277.42509160291485,2.63615,1.194843717075173,1.4452883612245784,9.77,True,True,True
905,5.018518952232144,0.15,0.0959187494678261,835318.6174060995,93.44601612895646,0.0730780782771583,2,mild,1,5.0181,109.11239363200391,1.10055,1.0472453755541222,0.962121661267732,24.7,True,True,True
168,0.5052859727601358,0.25,0.4959187494678262,12246.588973387436,1.9469222752954105,0.0248464885459031,0,mild,0,,,,1.0027315900160276,1.2674218002283666,28.14,False,False,False
1324,45.22416860132059,0.25,9.445918749467827,57045.435749707256,56.29556709887321,0.1671315676162189,3,strong,1,45.1928,197.82414811500084,2.07361,1.1761010705328172,1.3463087934401374,21.42,True,True,True
120,0.5453530733487976,0.05,0.1459187494678261,11175.302689598988,6.134108067450521,0.0430510899839852,0,mild,0,,,,1.140958608265676,1.1136949482246872,32.94,False,False,False
1021,21.490178660973964,0.25,5.845918749467827,627164.8447795345,126.81147371646588,0.1139153809089968,2,mild,1,21.4792,253.69420511699352,2.27502,1.159701254808256,1.3043291530069523,34.53,True,True,True
903,23.85909936850812,0.25,19.845918749467828,643239.7611752847,139.6141610833537,0.123723175277265,2,mild,1,23.8761,286.54587476768944,2.24796,1.0941019919100112,1.212687091745286,23.76,True,True,True
44,0.587635194880038,0.05,0.2459187494678262,8375.785862337463,5.508815682690819,0.044500395066372,0,mild,0,,,,0.9371323271177828,0.8504967708592526,32.27,False,False,False
270,0.6118401542867561,0.15,0.2959187494678262,13436.12073035847,4.111055921889621,0.0288691841782059,0,mild,0,,,,1.1690725780794338,1.3363165541120656,34.42,False,False,False
362,1.3462753601855408,0.05,0.9959187494678264,10902.51976936232,9.531753847606044,0.0657793514480272,0,mild,0,,,,0.9886746051092608,0.9752136504918884,20.9,False,False,False
631,1.0071787378823964,0.25,0.8959187494678262,71096.98974644746,9.403674373585895,0.0287601297435012,1,strong,0,,,,1.0706736837320667,1.0692217605143806,13.78,True,False,True
1323,5.983763513783061,0.15,4.6459187494678265,2732382.1217173263,184.23527092386288,0.0798087276702166,3,strong,1,5.9849,194.0367573376137,2.1343300000000003,1.1936723016662756,1.3991904125402623,14.24,True,True,True
521,0.6397144560667849,0.25,0.2459187494678262,366796.5839682712,17.021420014541356,0.0254605089152831,1,strong,0,,,,0.9582178044779328,1.0265863543657363,16.91,True,False,True
836,35.151508049963674,0.25,18.645918749467825,15713.406221735931,25.587599716249223,0.1448751392411729,2,mild,1,35.1676,65.05023794614485,1.14026,1.1433014390836949,1.2910310899160151,33.75,False,True,False
114,0.5114952151437638,0.25,0.1959187494678261,15968.218809458003,3.175050585123358,0.0248513366402357,0,mild,0,,,,1.1831295629862006,1.3774613997076488,23.49,False,False,False
1027,24.20211049438492,0.25,21.145918749467825,245435.9171936976,86.24066347247484,0.123723175277265,2,mild,1,24.2027,151.59428303091082,1.78266,1.1714154088972284,1.3221610652003537,23.67,True,True,True
560,0.7122506446083202,0.25,0.3959187494678262,27742.457768368877,4.938519399810268,0.0260263821530959,1,strong,0,,,,1.1198731309057504,1.0454012404202315,20.08,True,False,True
1043,20.66929405117888,0.15,15.195918749467827,622050.4276737275,159.34181301352714,0.143400348945257,2,mild,1,20.6797,249.9309076223684,2.29768,1.190158055439584,1.327201355998633,32.33,True,True,True
1344,43.41012357827106,0.25,17.495918749467826,186743.01572125783,101.85583922640036,0.1671315676162189,3,strong,1,43.3948,287.1219754468052,2.5003,1.190158055439584,1.3474608635383056,10.78,True,True,True
572,0.5124293891467253,0.25,0.3459187494678262,26935.573987149797,4.127595994671042,0.0248524025359239,1,strong,0,,,,1.190158055439584,1.3848407999955334,16.39,True,False,True
668,0.5857948602988903,0.25,0.1459187494678261,198231.8390427506,11.970236068597384,0.0251165813127618,1,strong,0,,,,0.9043326956686604,0.9077183063844484,10.97,True,False,True
1118,43.66031145393684,0.25,16.395918749467825,593917.69411909,181.6464352831086,0.1671315676162189,2,mild,1,43.6535,353.47737719250904,2.2715,0.9019898648510196,1.1032887381940837,29.89,True,True,True
832,29.941512296390925,0.25,9.595918749467828,16124379.081616964,772.7866621811435,0.1366533436151313,2,mild,1,29.9294,873.8273858311173,3.01356,1.016788574922794,0.9309455341487014,20.42,True,True,True
978,4.025220186883785,0.15,0.5959187494678263,11801615.307725891,313.60292446188885,0.0657793514480272,2,mild,1,4.0254,289.4667306786339,2.44948,1.1714154088972284,1.3147156287691069,22.71,True,True,True
258,0.5202953155904403,0.25,0.1459187494678261,9569.27245088322,2.480816111048745,0.024864308431596,0,mild,0,,,,0.9582178044779328,1.0265863543657363,25.87,False,False,False
796,11.901625816280378,0.15,1.5959187494678264,75083644.14777276,1353.2584357202866,0.1111369461277755,2,mild,1,11.9003,1254.070924672022,3.71569,1.0097600824694108,0.9581548011050962,24.68,True,True,True
57,0.8882565607336058,0.25,0.8459187494678263,8560.136749829488,2.4362664561560123,0.0276274657790519,0,mild,0,,,,0.9371323271177828,0.8837540093389243,33.94,False,False,False
70,0.5343325447509517,0.25,0.3959187494678262,11238.900194992875,2.723227580638537,0.024897052641614,0,mild,0,,,,1.1643869164438791,1.2668642320921275,24.62,False,False,False
91,27.298123646422912,0.1,10.770918749467826,10698.805467193895,29.859121257434182,0.2045032061809544,0,mild,0,,,,1.0027315900160276,1.1318439536603435,29.77,False,False,False
680,0.5065868619410219,0.25,0.1959187494678261,22401.83587931814,3.742980578941444,0.0248472874870322,1,strong,0,,,,0.9183896805754272,0.9788317972464,17.14,True,False,True
108,0.6321607764878926,0.1,0.2209187494678262,11686.431824788846,4.782230609079053,0.0340835866206305,0,mild,0,,,,0.9277610038466048,1.1191171769838169,23.76,False,False,False
890,16.134913890472554,0.15,15.895918749467826,76518.49893534841,51.81563095984273,0.1330396562549454,2,mild,1,16.1305,66.17891553447231,1.0692,1.1058161459989837,1.200207628849371,29.26,True,True,True
964,3.707104284319661,0.1,3.720918749467826,1393668.501244367,128.4763339888366,0.0770642641465033,2,mild,1,3.7065,116.59726909660188,1.64956,1.1936723016662756,1.395022407528708,30.26,True,True,True
196,0.5307015790313524,0.25,0.2959187494678262,11167.953829531009,2.7043773279347327,0.0248862412702063,0,mild,0,,,,1.1936723016662756,1.386735652068645,28.85,False,False,False
917,6.1464040288972575,0.15,3.0459187494678264,89945.28658894314,33.742375901907224,0.0805437254904977,2,mild,1,6.1458,43.176789155547866,0.98945,1.1690725780794338,1.3750735784389505,28.34,True,True,True
625,0.548750417064219,0.25,0.1459187494678261,32237.738316192837,4.6779166426076735,0.0249446301440548,1,strong,0,,,,1.1854723938039953,1.3747368052381823,10.79,True,False,True
1416,9.10506379827362,0.15,2.645918749467826,829430.1080253883,124.51251545586668,0.0974818258184922,3,strong,1,9.1078,153.17939166352113,1.7536200000000002,1.136272946630538,1.2938757569321395,17.84,True,True,True
694,0.6146200026142709,0.25,0.3459187494678262,65257.98211304156,7.039210180435334,0.0252915227250631,1,strong,0,,,,1.1854723938039953,1.365469232162987,16.44,True,False,True
971,13.989591397047164,0.25,4.695918749467826,57046.61480847653,31.63570457027128,0.0944934618692138,2,mild,1,27.9794,104.50696728105412,1.32858,1.0683308529142723,1.1867858069773625,28.92,True,False,False
1438,11.790483976198148,0.15,10.495918749467828,1786189.6290195228,214.00872430212667,0.1139153809089968,3,strong,1,11.7871,245.11918090021183,2.17184,1.1479871007192837,1.266766107034484,17.45,True,True,True
1263,6.677335921258231,0.15,4.945918749467827,77279282.93479015,1036.013211351239,0.0842749828079052,3,strong,1,6.6762,1035.990592652747,3.2514900000000004,0.9301038346643994,0.9224902244901066,19.21,True,True,True
218,27.596452817691755,0.05,5.945918749467827,13532.642398579395,45.62833532353367,0.2776287235277611,0,mild,0,,,,1.1831295629862006,1.3753606639888347,26.46,False,False,False
725,0.526423663743046,0.25,0.3959187494678262,17113.910386466978,3.3346888458758697,0.0248763146022025,1,strong,0,,,,0.9769604510202644,1.0063808281239677,17.53,True,False,True
1224,6.827792774133639,0.15,3.2959187494678264,994495.2851360288,117.12034984025551,0.0839905049435063,3,strong,1,6.8268,128.36025158452873,1.7191900000000002,1.194843717075173,1.3856892648777432,15.34,True,True,True
944,13.563774472125514,0.15,8.695918749467827,295883.2507081893,89.42507821486572,0.116917138035187,2,mild,1,13.5618,112.98593702103778,1.57135,1.091759161092217,1.3499509534902403,22.2,True,True,True
489,0.5142730970318252,0.25,0.2459187494678262,21979.32617999284,3.735656265414257,0.024854790640048,1,strong,0,,,,1.0425597139185332,1.1100092992102475,10.54,True,False,True
59,21.70568997453114,0.1,11.620918749467828,10971.558133992874,27.04509583885512,0.1829982843991256,0,mild,0,,,,1.1151874692701615,1.2160567951185932,26.77,False,False,False
167,5.275384236626455,0.05,4.1459187494678265,8853.78438826184,16.89988011816789,0.1276120842139765,0,mild,0,,,,1.0941019919100112,0.9987861448154228,24.83,False,False,False
1390,40.29307473271369,0.25,32.79591874946782,118161.11975581848,81.0216431152876,0.1671315676162189,3,strong,1,40.3384,212.7578145125526,1.75681,1.1878152246217897,1.0998647680117315,16.67,True,True,True
1485,4.311588787195879,0.15,0.2959187494678262,3500721.387530085,175.62277825656852,0.0675663346679294,3,strong,1,4.312,183.04961218063343,1.63251,0.9511893120245496,1.10186579008336,10.18,True,True,True
722,0.5084228130819516,0.25,0.1459187494678261,51012.71413951815,5.653457873596188,0.0248487802339215,1,strong,0,,,,1.1058161459989837,1.2558910251549726,21.7,True,False,True
242,0.5597383919448721,0.1,0.4209187494678262,8731.527350772687,3.885021510386672,0.0324371426233036,0,mild,0,,,,0.9183896805754272,0.9750937663713868,32.96,False,False,False
1412,0.7042061759062378,0.25,0.2959187494678262,112680.15087466252,9.896471957923213,0.0259593018301873,3,strong,1,45.5156,60.91175471422342,1.04236,1.133930115812517,1.219619719951349,18.54,True,False,False
942,27.85008726651565,0.15,15.245918749467828,1152519.019635775,253.0391954306876,0.1671315676162189,2,mild,1,27.8504,238.1280087034509,1.52438,0.9277610038466048,0.9020804232075914,30.14,True,True,True
1001,7.874662690704437,0.15,3.9459187494678254,4190950.221551862,285.2677237348987,0.099325482192478,2,mild,1,7.8729,257.0530869429916,1.7018099999999998,1.0613023604607903,0.9692971044349776,30.4,True,True,True
86,0.5668162607623101,0.15,0.4959187494678262,9330.44655093056,3.301523039739116,0.028175231909549,0,mild,0,,,,1.016788574922794,0.9234786670975028,27.41,False,False,False
615,0.5034056527626983,0.25,0.1459187494678261,26719.06065153105,4.041436338464746,0.0248457216349198,1,strong,0,,,,0.9066755264864548,0.97681972766223,14.08,True,False,True
329,0.5693723637180799,0.25,0.1959187494678261,11034.789755822732,2.7851968413773016,0.0250319198733143,0,mild,0,,,,1.1573584239904615,1.321280730909823,29.88,False,False,False
1451,34.90853658536585,0.25,4.6459187494678265,1305749.2772912893,233.2514091857476,0.1448751392411729,3,strong,1,34.8857,423.7704876494951,2.24862,1.0636451912786833,0.9974886688805212,19.23,True,True,True
294,2.918696038808276,0.1,1.2709187494678262,7557.704306955871,8.214590844386434,0.0680009725048127,0,mild,0,,,,0.9511893120245496,0.8726884734977706,28.01,False,False,False
15,0.5007270799560948,0.1,0.0709187494678261,9151.89548305368,3.769750367176679,0.0311287892744205,0,mild,0,,,,1.1198731309057504,1.1477851117250468,24.93,False,False,False
928,11.222802502020173,0.15,6.8959187494678265,57551822.323747456,1156.8986440675303,0.1085555323259812,2,mild,1,11.2248,1065.2520787332614,3.20078,0.9301038346643994,0.8955439111635226,25.02,True,True,True
814,12.99378010326068,0.25,7.995918749467827,3754475.121172719,244.12055053439843,0.0899660442262476,2,mild,1,12.9891,361.06641111703806,2.92204,1.1936723016662756,1.4042675752221547,32.75,True,True,True
65,0.5105816467692039,0.25,0.4459187494678262,14653.2512167603,2.933027428833671,0.024850835716637,0,mild,0,,,,1.190158055439584,1.327201355998633,24.29,False,False,False
1337,38.45236874487284,0.25,21.445918749467825,360885.0621940001,131.09158234463052,0.1548058511525273,3,strong,1,38.4525,284.46017183242884,2.29218,1.103473315181189,1.2410670368290528,16.5,True,True,True
297,1.3889789183012404,0.05,0.2959187494678262,14250.940104818106,11.205308726437895,0.0675663346679294,0,mild,0,,,,1.173758239715023,1.2855576235000448,29.89,False,False,False
437,0.5006443507577838,0.25,0.1459187494678261,25824.049610782768,3.9978594512527095,0.024845218684023,1,strong,0,,,,1.0847306686388336,1.2592577647952248,8.69,True,False,True
894,13.938112716628725,0.15,11.545918749467829,1041140.0981454864,172.4727803075427,0.1201737097952954,2,mild,1,13.9402,196.4842047043767,1.86296,1.155015593172667,1.213659792639477,21.2,True,True,True
423,0.5120483881374234,0.25,0.1459187494678261,14092.770701730844,2.964589253174689,0.0248520377472961,1,strong,0,,,,1.030845559829561,0.9412082390886132,19.73,False,False,False
237,0.5108054273864178,0.25,0.4459187494678262,15086.287557753669,3.00015515627124,0.0248511672938805,0,mild,0,,,,1.136272946630538,1.3589951118460035,21.1,False,False,False
321,1.2507004155799106,0.05,0.8459187494678263,11334.492146015888,9.465766129954991,0.0641339235096972,0,mild,0,,,,1.1714154088972284,1.1168177775909451,27.93,False,False,False
605,0.5598831820789603,0.25,0.1459187494678261,488261.2424621504,18.325700574853453,0.0249880920396123,1,strong,0,,,,1.159701254808256,1.1447624098241704,15.45,True,False,True
1406,29.64855409064853,0.25,13.095918749467828,13120050.564121123,697.085216219045,0.1366533436151313,3,strong,1,29.6272,984.201808320827,3.08209,0.9781318664291856,0.8971405626453007,17.77,True,True,True
393,0.9981546831984336,0.25,0.2959187494678262,73811.56020669952,9.5283328523677,0.0286534781004234,1,strong,0,,,,1.1093303922256754,1.0330623974185258,15.64,True,False,True
822,10.007138663535438,0.1,8.170918749467827,432282.70016524766,114.45294125789546,0.123723175277265,2,mild,1,10.004,116.34987340158162,1.25565,1.0027315900160276,1.063023582982797,26.21,True,True,True
314,0.6405257952606342,0.1,0.6209187494678263,9809.798721428831,2.4108348445138983,0.0342340249976143,0,mild,0,,,,1.096444822727806,1.0341833706233932,30.53,False,False,False
1167,42.31886920212165,0.25,28.495918749467823,50786.35386523293,53.11745573372328,0.1671315676162189,3,strong,1,42.297,122.42908154208035,1.3132899999999998,1.0425597139185332,1.0838660112920644,8.39,True,True,True
963,34.19936615061903,0.25,15.695918749467827,72683.03734885597,55.03144455250712,0.1448751392411729,2,mild,1,34.2006,102.68418885621048,1.37324,1.096444822727806,1.2375191059230417,22.48,True,True,True
909,3.218811360636916,0.1,2.520918749467826,222428838.9179658,1484.0032789253014,0.0714827353033349,2,mild,1,3.2191,1441.7358684557464,3.67114,0.9066755264864548,0.8829077948748772,21.01,True,True,True
775,25.292986864070954,0.15,22.595918749467828,180887.5349040836,109.81424768036968,0.1829982843991256,2,mild,1,25.2874,118.53886747382144,1.09483,0.9371323271177828,0.918276686239712,33.61,True,True,True
368,0.5016056933475169,0.25,0.4459187494678262,9090.349979058648,2.3375161736508088,0.0248453180883667,0,mild,0,,,,1.0613023604607903,1.0311390417358008,25.42,False,False,False
756,31.563275956399146,0.25,22.595918749467828,49423.98986954072,45.37987341576508,0.1448751392411729,2,mild,1,31.5756,88.0708672565826,1.0659,1.0847306686388336,1.037188234517022,34.18,True,True,True
253,1.749939333414222,0.1,0.4209187494678262,12567.360080507791,9.004429046579743,0.0582055066630974,0,mild,0,,,,1.0636451912786833,1.1982880757853016,22.97,False,False,False
180,0.5105300329302848,0.25,0.3959187494678262,15997.0761346561,3.1754133598771705,0.0248505136257376,0,mild,0,,,,1.0542738680075054,1.1353947724803537,34.39,False,False,False
1281,0.6011823647294589,0.25,0.3959187494678262,44361.23616390668,5.737694659906585,0.0252043311063204,3,strong,1,31.9599,80.5555557112475,1.07151,0.9324466654821938,1.0901988898368618,18.05,True,False,False
608,0.6357951009930601,0.25,0.2459187494678262,25754.109457339287,4.494363306984438,0.0254285231374877,1,strong,0,,,,1.1433014390836949,1.2584016038588992,18.53,True,False,True
1460,11.600900259868826,0.15,2.595918749467826,313807.7654943363,85.42748393518445,0.1085555323259812,3,strong,1,11.5984,110.27197145632591,1.59346,1.194843717075173,1.3856892648777432,21.55,True,True,True
1295,5.465692526327296,0.1,2.970918749467826,16022550.001670072,518.9282750534192,0.0925233447876994,3,strong,1,5.4661,467.5855641956801,2.31902,0.9605606352957272,0.9793348351643546,9.35,True,True,True
612,0.6086204629889616,0.25,0.4959187494678262,22400.83962306956,4.1055340455474685,0.0252560060706061,1,strong,0,,,,1.194843717075173,1.3797441523785652,19.58,True,False,True
1015,48.248520329387546,0.25,32.745918749467826,57335.77926525543,61.82544204735103,0.1829982843991256,2,mild,1,48.2801,168.74325574719342,1.81489,1.155015593172667,1.2758345286555808,30.46,True,True,True
1236,18.635465715812096,0.15,9.145918749467826,589263.8338678369,149.1186476915357,0.1379257703181171,3,strong,1,37.2792,375.1677167681198,2.07724,0.9605606352957272,0.9793348351643546,14.81,True,False,False
1129,39.04696204508773,0.15,27.395918749467825,2157291.9361910718,407.3641289475048,0.1965107659461692,3,strong,1,39.0418,567.8133808864915,2.5422100000000003,0.9183896805754272,0.9742397993816052,19.82,True,True,True
361,0.5561836520310093,0.25,0.2459187494678262,11914.14223785653,2.8600665969762664,0.0249727118444132,0,mild,0,,,,1.0941019919100112,1.2389999741452085,31.88,False,False,False
342,48.40265900803511,0.05,1.6959187494678265,8990.662571619285,47.40955223269695,0.3537718357117939,0,mild,0,,,,1.0531024525987964,1.1915124610691246,26.28,False,False,False
589,0.6600591080631988,0.25,0.3959187494678262,76065.33761388095,7.871955823288978,0.0256081858109672,1,strong,0,,,,1.1854723938039953,1.4191300895753305,14.81,True,False,True
1244,20.66929405117888,0.25,14.745918749467828,3313402.410686522,291.4773338897027,0.1139153809089968,3,strong,1,20.6709,496.16199184757926,3.41374,1.1854723938039953,1.3995098217609712,19.01,True,True,True
1363,3.2332361893101336,0.1,0.2709187494678262,234393734.42831236,1523.3942509556343,0.0714827353033349,3,strong,1,3.2329,1529.3674497309098,3.72691,0.903161280259804,0.8702624395942471,13.24,True,True,True
1052,18.9146416816938,0.15,6.795918749467827,1360087.9594286236,230.9475757021301,0.1405823186717711,2,mild,1,18.9196,213.9932039332448,1.49303,0.9254181730288104,0.9320212184210904,23.51,True,True,True
1124,14.45679202729533,0.15,12.895918749467826,30276788.54271936,957.8509490982748,0.123723175277265,2,mild,1,14.4509,845.802086176397,3.5676300000000003,1.016788574922794,1.1202183621149144,22.21,True,True,True
987,4.173808755273088,0.1,1.5209187494678262,2317096.301397648,172.35533887417412,0.081045568524703,2,mild,1,4.1742,149.2806620786446,1.57993,1.0905877456833195,1.180846169876429,27.32,True,True,True
144,21.862292119109732,0.1,0.3709187494678262,9258.824357234676,24.440611836007008,0.1800364610754255,0,mild,0,,,,1.016788574922794,0.9234786670975028,30.08,False,False,False
1332,20.01401027420108,0.25,3.745918749467826,560256.1358915777,115.4964579844002,0.109823083284368,3,strong,1,40.026,411.4664768567594,2.56025,1.0566166988253,1.152583509726372,8.98,True,False,False
174,0.5937609478324034,0.25,0.2459187494678262,10776.40114626447,2.8097685624536277,0.025158836081326,0,mild,0,,,,1.0566166988253,1.153306527489568,26.42,False,False,False
824,5.507415063649482,0.1,4.070918749467826,1916810.2940408343,181.79233577225315,0.0936900396693081,2,mild,1,5.5071,156.69487895631443,1.3233,0.9207325113932217,0.9653574817092386,20.29,True,True,True
452,0.524510126180362,0.25,0.3959187494678262,26083.33892348096,4.110152579290999,0.0248725856646611,1,strong,0,,,,1.1198731309057504,1.2718141651443684,16.72,True,False,True
42,6.880504587155963,0.05,3.5459187494678264,8495.274948509916,19.218735139701472,0.1479680869077668,0,mild,0,,,,0.9254181730288104,0.9014877121487042,22.69,False,False,False
115,38.16181147436713,0.05,30.495918749467823,9808.15541449867,52.93703919212132,0.3781687860332273,0,mild,0,,,,1.155015593172667,1.094749531393448,29.3,False,False,False
1446,29.47551485615469,0.25,3.995918749467826,299123.8602973012,99.85386994625382,0.129701310350135,3,strong,1,29.4653,221.8091114261672,2.28558,1.1936723016662756,1.4014060627445528,8.15,True,True,True
256,0.5996832767146816,0.25,0.2959187494678262,11927.09952512213,2.972354039667465,0.0251976315339484,0,mild,0,,,,0.9582178044779328,1.027578590531045,29.5,False,False,False
871,8.98625656018596,0.15,4.695918749467827,18593109.05637345,581.4262879314102,0.0961659761151556,2,mild,1,8.984,552.6152613250595,2.70281,0.9043326956686604,1.0499323949239217,32.44,True,True,True
1046,9.693419241432348,0.15,1.4459187494678265,6217371.175909938,350.87926828056936,0.1002883566628851,2,mild,1,9.6924,318.3921536155681,1.94909,1.0636451912786833,0.9974886688805212,23.91,True,True,True
269,26.958123652048886,0.05,25.145918749467825,12793.227573211008,50.583055608001786,0.3164720516971595,0,mild,0,,,,1.0343598060562529,1.0855877076173197,32.71,False,False,False
1452,9.160111879229058,0.15,8.895918749467826,21547055.92969055,640.6403928464757,0.0983904074028945,3,strong,1,9.1573,600.383399898187,2.90268,1.1643869164438791,1.0817877981131914,12.99,True,True,True
825,34.6689009592049,0.15,28.745918749467823,93530.2175029956,81.7357316089025,0.1893918594207356,2,mild,1,34.6364,162.78520808603054,1.7748499999999998,1.136272946630538,1.2703150438968949,31.9,True,True,True
33,0.500909180468566,0.25,0.1459187494678261,11781.656525556438,2.7094903722075285,0.0248452577355872,0,mild,0,,,,0.9043326956686604,1.066534141954394,26.25,False,False,False
1280,12.2479892214102,0.15,3.495918749467826,44076282.60600849,1049.7176120987074,0.1125,3,strong,1,12.247,923.698073734794,3.07351,1.016788574922794,0.9234786670975028,9.45,True,True,True
1403,6.194147574290953,0.1,5.0209187494678265,809092.2797343803,124.73759224054656,0.0988545535543052,3,strong,1,6.1936,129.9461522160447,1.27094,1.0074172516516164,1.018123805532815,8.75,True,True,True
1051,12.238096015143109,0.15,10.245918749467828,955544.2972828414,155.53454557724473,0.1132009427427743,2,mild,1,12.237,183.53226860590587,2.05997,1.1854723938039953,1.3885513183982865,32.7,True,True,True
986,13.963804611932934,0.15,2.9459187494678263,33894475.271064214,957.113838170754,0.116917138035187,2,mild,1,13.9595,840.5865692988752,3.5904000000000003,1.0542738680075054,1.1308600652454288,22.59,True,True,True
808,28.531890205626677,0.25,9.095918749467828,1022429.918624006,184.6103932271064,0.129701310350135,2,mild,1,28.5491,338.0645379650558,2.22398,1.1643869164438791,1.1045574897669506,21.29,True,True,True
47,0.9812817537005368,0.1,0.4709187494678262,12138.904415470502,6.060438018219419,0.0410452206421315,0,mild,0,,,,0.9207325113932217,0.9665112946254344,29.83,False,False,False
1307,49.18836492424739,0.25,30.095918749467828,72177.95042778373,69.36759590653439,0.1829982843991256,3,strong,1,49.1493,197.99256786509588,2.11409,1.194843717075173,1.3720068628213131,14.32,True,True,True
752,11.717535485786154,0.15,6.6459187494678265,1802507.8163494295,208.4080691468746,0.110474051467393,2,mild,1,11.7166,200.731884890572,1.56827,0.9324466654821938,1.0108108834574694,25.78,True,True,True
88,0.5623352537097556,0.15,0.3959187494678262,12514.130654250092,3.803577666946898,0.028081328278242,0,mild,0,,,,0.9441608195711662,1.127184028714764,34.54,False,False,False
670,0.8263427001482508,0.25,0.2959187494678262,41970.466482925534,6.540898266713834,0.0270373976307975,1,strong,0,,,,0.995703097562644,1.1122176403633737,10.71,True,False,True
935,14.985862864793038,0.25,11.695918749467827,14225094.292747864,513.252055122942,0.0970370849565969,2,mild,1,14.9825,577.6153741465719,2.8535099999999995,1.0027315900160276,1.0842196717060184,25.54,True,True,True
1444,15.507366244507624,0.25,12.695918749467827,215568.91489677725,65.01416359966694,0.0998033593156288,3,strong,1,31.021,234.8745379322826,2.32265,1.1843009783950975,1.3839584685040962,17.63,True,False,False
794,5.172722977656541,0.15,3.645918749467826,2970569.6607872,178.2436492868485,0.0742057969746436,2,mild,1,5.1728,171.94754295603815,1.6474699999999998,0.9441608195711662,1.1472994455314385,20.48,True,True,True
125,20.391114615478728,0.05,10.945918749467827,11744.50624550146,38.315313918689,0.2503092147131164,0,mild,0,,,,1.1843009783950975,1.3254599996979992,31.47,False,False,False
209,0.5667102544349388,0.25,0.2459187494678262,12688.187438126952,2.9792552477923744,0.0250187819953132,0,mild,0,,,,1.0941019919100112,1.2512109947808594,27.45,False,False,False
1465,10.609800953499228,0.15,6.545918749467827,28898621.788061094,796.9532889652638,0.105572392253238,3,strong,1,10.61,671.8567539547449,3.17207,1.0343598060562529,1.1175363926065134,14.73,True,True,True
309,0.5433386811716366,0.25,0.4459187494678262,9717.825676124863,1.7361327023270792,0.0249249642272797,0,mild,0,,,,1.1151874692701615,1.0094339703841704,24.98,False,False,False
1421,7.197560425533957,0.15,4.495918749467827,4547688.759832818,262.4964288309121,0.0879391124952054,3,strong,1,7.1991,263.1796609272937,1.82545,1.101130484363395,1.027545440013922,10.38,True,True,True
536,0.5657579787735617,0.25,0.4959187494678262,39617.876813292176,4.973424410214648,0.0250151190764368,1,strong,0,,,,0.9886746051092608,1.0201294298313328,21.27,True,False,True
380,0.5118408081075556,0.25,0.2959187494678262,60077.361365467616,6.162432643393893,0.0248520377472961,1,strong,0,,,,0.9781318664291856,1.196774660195742,13.67,True,False,True
440,0.5721676186581687,0.25,0.4459187494678262,28729.3170664861,4.505134012842936,0.0250455536526813,1,strong,0,,,,1.1690725780794338,1.1088340000609995,19.82,True,False,True
1289,5.72596161187375,0.1,4.0209187494678265,632371.6241622111,105.32919358083812,0.0944934618692138,3,strong,1,5.7266,100.2427157895642,1.2804,1.0894163302746342,1.1678216151995,16.22,True,True,True
185,8.301831445064948,0.05,1.5459187494678264,10764.85008356842,22.91537994934515,0.1566701870842482,0,mild,0,,,,1.0531024525987964,1.198205732437104,34.3,False,False,False
419,0.7224392287944976,0.25,0.3459187494678262,33396.38008839215,5.455735023079907,0.0261094726946137,1,strong,0,,,,0.9816461126558772,1.11233848249667,10.56,True,False,True
284,0.6609229082634861,0.1,0.2709187494678262,9396.20230904374,4.372344957264682,0.0346296319278952,0,mild,0,,,,1.1690725780794338,1.1615038306498875,27.47,False,False,False
1270,18.10112834127798,0.25,13.295918749467829,5172033.638501683,339.0192927483524,0.106148978486855,3,strong,1,18.1087,432.2737472018115,2.40218,0.983988943473672,1.0550750966429898,20.83,True,True,True
610,0.782673534942842,0.25,0.5959187494678263,499805.908380145,21.97508269164162,0.0266429945211518,1,strong,0,,,,1.0531024525987964,1.1860357814017444,8.47,True,False,True
491,0.5698006239144935,0.25,0.1459187494678261,27115.93572982976,4.372833213474845,0.0250338371401021,1,strong,0,,,,1.0683308529142723,1.352319894565763,14.81,True,False,True
162,0.5242741793699621,0.25,0.1459187494678261,14491.25030255311,3.021428486969876,0.0248722259227722,0,mild,0,,,,1.1433014390836949,1.1239471882193182,25.16,False,False,False
29,0.5730982533293342,0.25,0.1959187494678261,10684.156855326666,2.7497869511922906,0.0250505434915277,0,mild,0,,,,0.9371323271177828,0.8993061044334844,25.22,False,False,False
1126,4.12944308474175,0.15,1.8459187494678264,1016994.5939599104,93.43215362030344,0.0667227272407531,3,strong,1,4.1301,107.37588168827034,1.48643,1.096444822727806,1.3099307779321727,21.27,True,True,True
856,35.56406487101669,0.25,20.145918749467825,3292401.676409954,370.3827792753708,0.1448751392411729,2,mild,1,35.5959,584.4937770493996,2.49183,1.030845559829561,0.9412082390886132,27.76,True,True,True
112,0.6922688529553481,0.25,0.5459187494678263,10326.673171944352,2.9708948797083385,0.0258630300055935,0,mild,0,,,,0.995703097562644,1.033381748347994,25.08,False,False,False
1174,31.828502312948263,0.25,25.195918749467825,16834.651906052193,26.484784866387745,0.1448751392411729,3,strong,1,31.8394,53.6412289691124,1.1066,1.194843717075173,1.3797441523785652,14.2,True,True,True
1069,8.012082623350123,0.15,5.445918749467827,242405.1098573831,62.781737008034966,0.0910350932694978,2,mild,1,8.0125,76.78780433821416,1.03686,0.9816461126558772,1.0805161232087914,30.24,True,True,True
1459,0.525674813729682,0.25,0.1959187494678261,449542.7683027357,17.07431624293944,0.0248740485383381,3,strong,1,20.3455,55.68137534963831,0.98241,1.0812164224121417,1.2022507411353562,9.71,True,False,False
274,0.5077412816223348,0.25,0.1459187494678261,8668.205125163373,2.3140267776763803,0.0248480415214232,0,mild,0,,,,0.9441608195711662,1.0290308278114242,32.41,False,False,False
304,0.5166757489809092,0.25,0.1459187494678261,9927.727702656011,2.5143916332337595,0.024857763701636,0,mild,0,,,,0.903161280259804,0.8816866133227489,28.69,False,False,False
870,9.463347234402306,0.15,6.8959187494678265,2088097.4207963268,204.35740362396103,0.1007806519720537,2,mild,1,9.4653,224.7983547707345,2.28591,1.1854723938039953,1.3922583114999834,24.68,True,True,True
1408,7.437830064711279,0.15,1.8459187494678264,160110207.0183118,1575.540793182321,0.0889347710589736,3,strong,1,7.4362,1595.7721771500562,3.77773,0.9066755264864548,0.8635802998749542,17.28,True,True,True
324,0.5079966416915903,0.25,0.3459187494678262,10447.837190824455,2.5605730148362857,0.0248485245182933,0,mild,0,,,,1.1655583318527425,1.0850887676887295,23.26,False,False,False
768,21.429387813415243,0.25,16.095918749467824,72531.65685875168,44.88616987532392,0.1185113657849943,2,mild,1,42.8471,234.0827876908306,2.32485,1.1690725780794338,1.3876101017774092,20.49,True,False,False
102,0.836886499901244,0.15,0.3459187494678262,8709.751467452747,3.8751532711518055,0.0324043035772915,0,mild,0,,,,0.9441608195711662,0.982109130127738,21.41,False,False,False
926,9.934956980202282,0.15,0.8459187494678263,224722.30981878235,66.38011600146753,0.0998033593156288,2,mild,1,9.9377,82.89306398528304,1.2243,0.9722747893846996,1.2279650579266292,30.62,True,True,True
744,0.5074351882173681,0.25,0.2959187494678262,56428.81093518502,5.946124605914622,0.0248479266954289,1,strong,0,,,,1.0472453755541222,0.966966908201129,14.61,True,False,True
282,0.5104440330506513,0.25,0.2459187494678262,10326.275754829636,2.550841040842343,0.02485035613732,0,mild,0,,,,1.0905877456833195,1.0945513344652966,25.12,False,False,False
3,0.5164996136454104,0.25,0.1459187494678261,16341.79962619066,3.211288067525452,0.024857763701636,0,mild,0,,,,1.0636451912786833,1.2075798817453265,24.4,True,False,True
566,0.5816792087347862,0.25,0.3459187494678262,38612.19928458805,5.266749368570901,0.025094983021744,1,strong,0,,,,1.021474236558383,1.1114710995229011,18.34,True,False,True
1187,9.199043267609088,0.1,8.870918749467826,316439.9034561506,94.41292335986822,0.1193337237508642,3,strong,1,9.2005,85.80948317264041,1.0758,1.0894163302746342,1.0605255910857914,20.82,True,True,True
1070,24.12503618876057,0.15,20.845918749467828,918392.5272465514,235.9240410947084,0.1745226094445269,2,mild,1,24.1232,269.8008416403663,1.98671,1.1690725780794338,1.104511097191802,20.04,True,True,True
801,24.16351188078937,0.25,1.3459187494678264,38165.59929570696,32.56002972959116,0.1185113657849943,2,mild,1,48.3411,226.9168787550745,2.20935,1.0847306686388336,1.339332404626744,28.49,True,False,False
306,0.9191331917412516,0.15,0.6459187494678262,8162.280062753856,3.929915842525841,0.0336225158558395,0,mild,0,,,,0.9301038346643994,0.8869498098403743,20.54,False,False,False
1468,39.55668662148263,0.25,9.145918749467826,3525057.7988935625,409.7070846170563,0.1548058511525273,3,strong,1,39.5649,727.0757978349269,3.3888800000000003,0.9722747893846996,1.14768737017173,13.43,True,True,True
864,48.095360246256455,0.25,18.645918749467825,7641987.303187322,651.5787367441277,0.1671315676162189,2,mild,1,48.0741,951.9796598661686,2.85032,0.9043326956686604,0.8436009136878277,29.57,True,True,True
695,0.5449019634198751,0.25,0.2459187494678262,54949.29767619642,6.078908252211122,0.024929356312449,1,strong,0,,,,0.9254181730288104,0.8713066659492057,12.92,True,False,True
1237,34.82829080270276,0.25,14.895918749467826,9374572.68367646,624.9857559602345,0.1448751392411729,3,strong,1,34.8162,746.0322228297763,2.58566,0.9254181730288104,0.8644699073962916,17.3,True,True,True
811,34.58975186790886,0.25,5.095918749467827,1155991.2216157727,219.468222986056,0.1448751392411729,2,mild,1,34.5785,439.88369902702846,2.98936,1.108158976816778,1.3015670353386304,24.15,True,True,True
961,4.513231732085634,0.1,1.0209187494678262,812258.3610776952,106.2137755946897,0.0842749828079052,2,mild,1,4.5136,94.60513457341987,1.03147,0.9371323271177828,0.9684038406808596,32.24,True,True,True
36,0.7419320852300635,0.1,0.4209187494678262,8892.351512458152,4.513528477626595,0.0363843904062543,0,mild,0,,,,0.9090183573042492,0.944158967843738,22.59,False,False,False
1093,3.601363761869889,0.1,2.970918749467826,5745933.796978951,251.9741676880545,0.0753897687783055,2,mild,1,3.6016,225.53876773454348,1.6462599999999998,0.9886746051092608,1.001025360670931,33.3,True,True,True
285,0.5022042479190473,0.25,0.1459187494678261,8952.11271674738,2.339657484138077,0.0248453997428272,0,mild,0,,,,0.983988943473672,1.0539658941847136,30.43,False,False,False
1252,0.5865432330011172,0.25,0.1459187494678261,30998.504978927744,4.740017287013231,0.0251189094249316,3,strong,1,40.7106,66.92172605080535,1.03741,1.030845559829561,1.1580414888909232,12.81,True,False,False
1362,3.7576721697522353,0.1,2.0709187494678263,12064292.790909909,373.4589575287973,0.0770642641465033,3,strong,1,3.758,322.9366072618004,2.07405,1.096444822727806,1.0539447350193618,17.13,True,True,True
1032,15.635391366891476,0.25,8.295918749467827,21389644.43607239,647.6146947561988,0.0998033593156288,2,mild,1,15.6285,752.3676366409111,3.32255,1.1690725780794338,1.106149247364664,22.26,True,True,True
182,0.5182132103860299,0.25,0.3959187494678262,13727.820338021984,2.9631378127734296,0.0248603240673941,0,mild,0,,,,1.1936723016662756,1.4014060627445528,21.43,False,False,False
137,0.5352575174071547,0.25,0.2459187494678262,15985.517782329393,3.249916039913627,0.0248990629554036,0,mild,0,,,,0.974617620202494,1.031569712376135,27.09,False,False,False
1455,5.025176975881696,0.15,0.4959187494678262,7793213.147551358,283.4473559287574,0.072895286907127,3,strong,1,5.025,278.7302350638748,2.23938,1.0636451912786833,1.2248784970221072,15.65,True,True,True
1141,4.421044875101319,0.15,0.9459187494678264,15664237.161373746,378.2226780189109,0.0687453921394543,3,strong,1,4.4205,393.3683085631195,2.46279,1.1690725780794338,1.1339266261413372,9.41,True,True,True
1176,6.7789141625276255,0.15,5.695918749467827,63921784.38524119,952.203747679886,0.0851466509644063,3,strong,1,6.7792,917.3267759705072,3.78455,1.0800450070032448,1.1410625924259497,17.58,True,True,True
198,0.6899989143655202,0.15,0.6459187494678262,14126.581368343624,2.819518803862169,0.0301151618177486,0,mild,0,,,,1.1561870085815644,1.2868261754507344,30.95,False,False,False
506,0.7865334689012652,0.25,0.4459187494678262,21039.76578691581,4.5218147181096775,0.0266842775124369,1,strong,0,,,,0.9324466654821938,0.8660193478529917,9.42,True,False,True
109,0.5707665688593838,0.1,0.0709187494678261,8390.073225921391,3.839960371134439,0.0326485899995396,0,mild,0,,,,0.9863317742915458,1.025554091374301,31.88,False,False,False
1490,10.073674596032182,0.1,2.270918749467826,386540.6960951265,109.0575989092463,0.1246615419043813,3,strong,1,10.0762,112.60330436809691,1.16798,1.0449025447363278,1.0051181017230697,13.12,True,True,True
184,0.5124120586191606,0.25,0.3959187494678262,16352.541960794566,3.2160789473470635,0.0248524025359239,0,mild,0,,,,0.9781318664291856,1.2367251845294047,25.89,True,False,True
1203,7.932382120872379,0.1,2.3209187494678263,408856.70898710046,101.10102731761692,0.1125,3,strong,1,7.9338,96.23936983565213,1.32902,1.1690725780794338,1.2371215927810373,10.42,True,True,True
1172,4.361232583564002,0.15,1.9959187494678263,24260833.4482618,469.6307393557567,0.068594452796128,3,strong,1,4.3613,545.7291222813597,2.37193,0.9043326956686604,0.9271938854670052,18.05,True,True,True
983,8.270110823179136,0.15,7.495918749467827,1499706.354959394,161.4987605261035,0.0940891139548072,2,mild,1,8.2683,175.97858922289052,2.00288,1.1690725780794338,1.378739664768204,32.12,True,True,True
564,0.7744323479816071,0.25,0.1959187494678261,164123.80243443954,12.52023395526584,0.026562249430917,1,strong,0,,,,1.0097600824694108,1.0840548951161253,19.73,True,False,True
1220,3.2893928894113103,0.15,0.3959187494678262,33197695.387089,474.4145036446504,0.0595945634764133,3,strong,1,3.2894,469.8822027445924,3.29098,1.1936723016662756,1.3863982481318544,9.87,True,True,True
818,19.0573900669572,0.15,16.995918749467826,5464926.346877352,462.9371848668512,0.1405823186717711,2,mild,1,19.054,578.551809282739,3.26161,1.0941019919100112,1.238278002325182,26.58,True,True,True
1268,4.391571415187146,0.1,4.320918749467826,3140723.152926412,207.42132203466537,0.083708979127606,3,strong,1,4.3908,223.79383852870265,1.95349,1.1655583318527425,1.192461553215802,12.85,True,True,True
1347,5.511421884013772,0.15,0.4959187494678262,33072051.155226994,611.3063824952271,0.076212676918218,3,strong,1,5.5118,596.6594387311694,3.2466500000000003,1.0812164224121417,1.2137506374915694,16.35,True,True,True
1164,28.803095475842994,0.25,2.6959187494678263,14748876.913087675,701.1627702867974,0.129701310350135,3,strong,1,28.776,1061.979339228402,3.53078,1.0027315900160276,0.9893953843090022,18.79,True,True,True
504,0.7238889382222239,0.25,0.4459187494678262,45380.82716113784,6.368265488121633,0.0261259523094517,1,strong,0,,,,1.0472453755541222,0.962121661267732,8.56,True,False,True
922,26.440621199034005,0.25,3.395918749467826,2218751.280743244,259.29690953663504,0.123723175277265,2,mild,1,26.4518,510.760852635916,3.22014,1.1468156853103866,1.3011375422937022,26.29,True,True,True
1213,5.233473013569103,0.15,4.545918749467827,1857452.823721597,142.0904803485072,0.0747904647164837,3,strong,1,5.234,149.43824611402715,1.68674,1.1093303922256754,1.2600115296006489,13.15,True,True,True
1491,4.818992604206157,0.15,4.095918749467827,3679501.048736467,190.8682882325828,0.0714827353033349,3,strong,1,4.8195,195.677385123058,1.89288,1.000388759198233,1.2356913892998649,8.96,True,True,True
247,0.5689233828098241,0.25,0.4959187494678262,9567.19086949889,2.193886921276439,0.0250319198733143,0,mild,0,,,,0.9277610038466048,0.9123649365748904,24.01,False,False,False
186,0.5126201023497238,0.25,0.4459187494678262,9581.032641271053,2.246278562731074,0.0248531605896388,0,mild,0,,,,0.974617620202494,0.8960711178787525,28.09,False,False,False
438,0.6415292857188681,0.15,0.3459187494678262,43931.81805501727,7.615497318794361,0.029350909282069,1,strong,0,,,,1.194843717075173,1.4530971238891328,8.83,True,False,True
949,3.3022980357276523,0.1,1.3709187494678263,3122936.0020506238,178.96958635909306,0.072713919698109,2,mild,1,3.3021,169.2777723330952,1.4712500000000002,1.096444822727806,1.0326276845101443,32.98,True,True,True
573,0.5471452474656299,0.25,0.3459187494678262,32864.19216604049,4.713071148689855,0.024939170699575,1,strong,0,,,,0.9722747893846996,1.2327287413606465,10.38,True,False,True
950,22.412067059139943,0.15,11.745918749467828,4507143.450250706,457.85868898758287,0.1530070776973354,2,mild,1,22.4156,447.1590420324866,2.32716,0.9769604510202644,1.0049685961845718,33.85,True,True,True
1039,9.346589315869169,0.15,8.945918749467827,1287652.930115224,159.68117554697494,0.1002883566628851,2,mild,1,9.3463,155.21977536017394,1.33034,0.9183896805754272,0.9750937663713868,24.51,True,True,True
1291,22.378963073480044,0.25,1.8959187494678265,12013882.527522145,577.6841343656906,0.1185113657849943,3,strong,1,22.3618,810.0377424458384,3.32838,1.0285027290118087,1.0679170793854795,14.05,True,True,True
747,0.605797595468806,0.15,0.1959187494678262,12678.95415798509,3.9748358234063472,0.0287781369207557,1,strong,0,,,,0.9968745129715414,1.037681193932027,19.03,False,False,False
1321,28.693997015724836,0.15,15.695918749467827,2501255.677573674,395.3839650875519,0.1772148042592244,3,strong,1,28.7018,413.3070423820295,2.09539,1.030845559829561,0.9412082390886132,14.77,True,True,True
145,0.5208318865298661,0.05,0.3959187494678262,11882.01645049233,5.530311105888004,0.0382406537072979,0,mild,0,,,,1.194843717075173,1.3594757581869763,33.98,False,False,False
842,29.0795060196584,0.25,3.2959187494678264,25524.844093393272,29.16895843951995,0.129701310350135,2,mild,1,29.0606,68.35061368044735,1.02927,1.0495882063719166,1.1368819241147927,20.64,True,True,True
1196,4.951277802351605,0.15,4.845918749467827,37538752.2690834,622.0911879081917,0.072895286907127,3,strong,1,4.9516,575.8676495913296,3.38921,1.1093303922256754,1.2897169100404304,12.82,True,True,True
1425,16.966032869956678,0.15,8.145918749467826,829532.7640768008,169.12888006373666,0.1318980441134679,3,strong,1,16.9692,197.7116570936322,1.92148,1.140958608265676,1.2478919590211066,14.89,True,True,True
119,0.584754854796631,0.25,0.2459187494678262,11504.794552165027,2.881096591595748,0.0251085149628847,0,mild,0,,,,1.0437311293274305,1.1312591594854218,28.41,False,False,False
290,3.653469084531913,0.05,1.3459187494678264,11796.073116169438,16.281286642811146,0.10673530386975,0,mild,0,,,,1.0941019919100112,1.3158205414866837,28.96,False,False,False
401,0.708453931955927,0.25,0.6459187494678262,25350.30162384088,4.650572004955382,0.0259977149012858,1,strong,0,,,,0.9183896805754272,0.9455797177916142,19.43,True,False,True
32,0.5721460119521471,0.15,0.3459187494678262,11360.868951219236,3.655916872400819,0.0282389857296282,0,mild,0,,,,0.9781318664291856,1.0408599357896138,21.53,False,False,False
229,0.5177881699409804,0.25,0.4459187494678262,10259.281499307672,1.7255020292431609,0.0248603240673941,0,mild,0,,,,0.9043326956686604,1.0195228582456808,27.3,False,False,False
206,0.5764342739260863,0.25,0.3959187494678262,11181.249065141408,2.821527510110565,0.0250679858614596,0,mild,0,,,,1.0812164224121417,1.2123146201893693,31.45,False,False,False
46,15.555129215580534,0.05,3.845918749467826,10434.055800056633,32.30178911462433,0.2239526708070477,0,mild,0,,,,0.983988943473672,0.8874770747686305,25.14,False,False,False
454,0.6106318622042917,0.25,0.2459187494678262,29606.648859241992,4.725229040650604,0.0252647368151615,1,strong,0,,,,1.1058161459989837,1.0766467773571469,18.88,True,False,True
1209,16.450247310294905,0.15,2.595918749467826,7196410.270370129,485.74466308653706,0.1286438110784691,3,strong,1,16.4507,469.66821374417583,2.45949,1.096444822727806,1.0363506701165113,10.26,True,True,True
277,0.5112708298679377,0.15,0.2459187494678262,11104.856955723984,3.418965210599314,0.0272883931521699,0,mild,0,,,,1.1843009783950975,1.105023344921046,26.05,False,False,False
906,24.91859653786092,0.25,10.295918749467829,5360231.838216762,403.027626627196,0.123723175277265,2,mild,1,24.9038,828.9649051195375,3.81832,1.0683308529142723,1.2110484156276409,23.09,True,True,True
1296,6.962715735333711,0.15,2.4459187494678263,4839194.100328241,262.9284014525693,0.0854434658091638,3,strong,1,6.9631,269.8653530203787,1.85119,1.096444822727806,1.0290457566398423,17.55,True,True,True
739,0.7156823638535913,0.25,0.5959187494678263,57705.78209716187,7.142962387453699,0.0260608102988146,1,strong,0,,,,1.0027315900160276,1.193872423575968,9.74,True,False,True
584,0.5068241072502592,0.25,0.1459187494678261,76342.46206460544,6.769883191322712,0.0248473880998974,1,strong,0,,,,1.0941019919100112,0.9978397758404838,19.81,True,False,True
310,32.65161739736166,0.1,31.020918749467825,13497.88054769992,36.73946181927537,0.2239526708070477,0,mild,0,,,,1.1690725780794338,1.360936012239626,31.98,False,False,False
1274,23.97235096691705,0.15,16.345918749467824,16744223.350604516,964.486718720968,0.1671315676162189,3,strong,1,23.9735,815.4539009384192,2.78333,0.903161280259804,0.8900660772710814,17.31,True,True,True
719,0.5195637874137365,0.25,0.1459187494678261,95642.0434956818,7.81264724236678,0.0248625436911272,1,strong,0,,,,1.065988022096431,1.095598835602523,19.67,True,False,True
338,14.73804704541435,0.1,1.7209187494678264,8147.973698819293,19.244802957043305,0.1512701184544283,0,mild,0,,,,0.983988943473672,0.9360744408318008,28.23,False,False,False
175,0.5309619545998236,0.25,0.1959187494678261,9837.09432183969,2.538545859631869,0.0248866848720719,0,mild,0,,,,1.0542738680075054,1.0582395855626654,34.39,False,False,False
591,0.5285539655730754,0.25,0.2459187494678262,96087.12433401513,7.91701596375775,0.0248811053034052,1,strong,0,,,,0.9675891277491108,1.0812866974744273,10.14,True,False,True
365,0.5773348488236795,0.25,0.5459187494678263,10544.343065330106,2.128670931050761,0.0250732566959593,0,mild,0,,,,1.129244454176928,1.282411408714483,29.34,False,False,False
1461,24.12503618876057,0.25,5.695918749467827,15265819.987388693,680.147488180648,0.123723175277265,3,strong,1,24.137,855.1557661163325,3.36314,1.096444822727806,1.050218315818066,19.0,True,True,True
14,0.6537364900851018,0.25,0.5459187494678263,10369.94341753652,2.8930273552243304,0.025562204785144,0,mild,0,,,,1.1761010705328172,1.100914579295636,31.68,False,False,False
1348,30.793471566413466,0.25,8.795918749467827,74147.75064944247,52.40432221693541,0.1366533436151313,3,strong,1,30.7921,123.78715166003356,1.45728,1.0683308529142723,1.1960861886276208,18.88,True,True,True
840,17.845288092037165,0.15,8.845918749467828,898165.0889240444,184.1005763802733,0.1379257703181171,2,mild,1,17.8518,201.24003250249416,1.70555,1.0238170673761682,1.0979043916083564,30.81,True,True,True
1197,36.861959647096405,0.25,16.295918749467827,7772048.10304698,608.3564158587652,0.1548058511525273,3,strong,1,36.8527,1021.2230573852734,3.49316,0.9019898648510196,0.998195088037472,16.76,True,True,True
759,3.871947835379941,0.15,1.0959187494678264,449982.0036510027,59.64201530243582,0.0641339235096972,2,mild,1,3.8722,70.64331827451483,1.2628,1.194843717075173,1.3720068628213131,29.43,True,True,True
205,0.5093457880453237,0.15,0.4959187494678262,13703.028657018209,2.9202897132636325,0.0272549385312569,0,mild,0,,,,1.140958608265676,1.3879571013707095,26.83,False,False,False
245,0.7416415447820564,0.1,0.5709187494678263,10112.97531985574,4.813348973296061,0.0363843904062543,0,mild,0,,,,1.108158976816778,1.2527473992345148,30.82,False,False,False
386,0.5076222014278196,0.25,0.2959187494678262,11289.422853055194,2.659618998315357,0.0248479266954289,1,strong,0,,,,0.9582178044779328,0.869757306697665,12.79,False,False,False
632,0.5303114941423375,0.25,0.2959187494678262,46841.13548448486,5.538525870446595,0.0248862412702063,1,strong,0,,,,0.9582178044779328,1.1508414628111137,20.5,True,False,True
455,0.616470588235294,0.15,0.1959187494678262,26249.73903777828,5.769811783100126,0.0289494761640184,1,strong,0,,,,1.190158055439584,1.3449645176255065,12.38,True,False,True
931,8.672487063108901,0.15,3.6959187494678254,33962026.93445854,778.7584777623673,0.0953184483951077,2,mild,1,8.6744,730.4681866923737,3.16228,1.0074172516516164,1.0684566935074489,21.31,True,True,True
355,0.6172491498138314,0.1,0.5209187494678262,12136.077906225288,4.807945389560963,0.0337126536332584,0,mild,0,,,,1.0812164224121417,1.1460377726436846,22.94,False,False,False
1367,18.77401589586332,0.15,15.845918749467828,272467.1098859274,104.39676429582046,0.1419701412105178,3,strong,1,18.7846,128.80547383464364,1.24014,1.0941019919100112,0.9978397758404838,8.23,True,True,True
736,0.6988466781778316,0.25,0.5459187494678263,43200.12714868169,6.107848171173617,0.0259216632868188,1,strong,0,,,,1.1690725780794338,1.2371215927810373,18.94,True,False,True
1370,4.469297879694409,0.15,4.345918749467827,109757437.55983728,1005.7779507753098,0.069050436795597,3,strong,1,4.4696,992.923874597247,3.5745600000000004,0.9371323271177828,1.03590963028313,12.21,True,True,True
681,0.5213157474926483,0.25,0.3459187494678262,161715.73070581743,10.201185067107176,0.0248658445835075,1,strong,0,,,,1.0683308529142723,1.1849950501730206,15.5,True,False,True
1456,25.85407473800331,0.25,1.9459187494678265,16529173.396086777,707.7316174268744,0.123723175277265,3,strong,1,25.8547,768.4605273111292,2.9278700000000004,0.9558749736601384,0.9644911865557798,11.34,True,True,True
1083,26.30291446007084,0.25,13.345918749467828,4125312.5485548656,370.823972101538,0.129701310350135,2,mild,1,26.3156,693.8888205288031,3.3825,1.0027315900160276,1.1726006104842637,30.22,True,True,True
1256,6.240067561383511,0.1,4.620918749467827,311363.61983809207,78.13558098864549,0.0998033593156288,3,strong,1,6.24,82.43932318467334,1.07888,0.9219039268021187,1.0850835746670564,10.96,True,True,True
1110,45.08958095352612,0.25,18.845918749467824,34823.18188473551,43.98432920732837,0.1671315676162189,2,mild,1,45.1416,150.15473476016095,1.78717,1.1655583318527425,1.331844758811601,32.08,True,True,True
280,0.6199516173630264,0.25,0.4959187494678262,15495.490967280131,3.445858302154752,0.0253286339005609,0,mild,0,,,,1.1058161459989837,1.182881267708626,21.98,False,False,False
715,0.5667738534727391,0.25,0.4459187494678262,28031.72678644404,4.430582441939292,0.0250215556244587,1,strong,0,,,,1.0905877456833195,0.990031825024515,13.78,True,False,True
193,0.5474417922235855,0.25,0.1459187494678261,9033.818944011526,2.478809728216381,0.024939170699575,0,mild,0,,,,0.9769604510202644,0.8775469033346743,20.49,False,False,False
1443,23.562261424150552,0.15,4.345918749467827,696611.4847188554,172.17154789026551,0.1463968722805013,3,strong,1,23.5559,219.59133096090787,1.73789,0.974617620202494,1.0709567801521185,12.12,True,True,True
123,0.5453138167495449,0.05,0.3959187494678262,9497.809471150918,5.655011624083689,0.0430510899839852,0,mild,0,,,,0.9675891277491108,0.996345368783078,34.58,False,False,False
1402,8.067543727544587,0.15,6.745918749467827,6236639.105536583,322.40345080702275,0.0921442675250926,3,strong,1,8.0662,313.84470497666865,2.29889,1.0730165145498611,1.184999164464875,14.17,True,True,True
1482,21.55131539246253,0.25,2.045918749467826,503293.320637034,113.59998652909748,0.1139153809089968,3,strong,1,43.0956,348.77574063076094,1.84118,0.9019898648510196,0.9002857370338654,8.58,True,False,False
131,0.7893609541692277,0.05,0.0959187494678261,10980.380311916426,7.29203363521628,0.0508540422632149,0,mild,0,,,,1.112844638452367,1.1535132192104316,26.22,False,False,False
1212,15.030462753271737,0.15,13.195918749467827,775963.4590894398,154.51795604787665,0.1246615419043813,3,strong,1,15.0305,172.47297763225572,1.38666,1.0449025447363278,0.9641990810964728,17.92,True,True,True
1447,0.5344456349122927,0.25,0.1959187494678261,294340.59854312794,13.936288042726844,0.024897052641614,3,strong,1,7.8226,80.74565642293736,1.10077,0.9183896805754272,1.118650075095233,15.54,True,False,False
994,8.30638283733345,0.15,4.095918749467827,2115116.523521822,189.33946393202024,0.092907263154642,2,mild,1,8.3072,180.16097699122892,1.63163,1.0425597139185332,1.1100654190755448,30.7,True,True,True
1392,5.005255693668141,0.1,1.3209187494678265,350862.9656260851,74.04210854579696,0.0892744685253213,3,strong,1,5.0047,86.38087719692919,1.1374,1.0343598060562529,1.1175363926065134,17.9,True,True,True
677,0.5542102167255872,0.25,0.1459187494678261,102778.8912181029,8.255031555917125,0.0249649765621918,1,strong,0,,,,1.0683308529142723,1.245088893539364,18.96,True,False,True
979,7.329880030297848,0.15,1.9459187494678265,1311319.8053414323,138.8672559836653,0.0866635473106224,2,mild,1,7.3312,144.2686207043594,1.48819,1.0542738680075054,1.1314352315176643,26.78,True,True,True
100,1.6384748567652148,0.05,0.0959187494678261,8427.21509938981,9.249620708036415,0.0723553852114389,0,mild,0,,,,0.903161280259804,0.9013977029480308,28.76,False,False,False
1108,22.478569715861404,0.25,13.195918749467827,10480757.725185975,539.5666400297035,0.1185113657849943,2,mild,1,22.4956,663.4032977968851,2.90246,1.096444822727806,1.0290457566398423,33.99,True,True,True
364,0.5392582291751302,0.25,0.4459187494678262,12534.217236282102,2.2476371260704777,0.0249125033522901,0,mild,0,,,,0.9582178044779328,0.9267407157840634,28.64,False,False,False
848,10.714846986884588,0.15,4.595918749467827,3344077.514678324,272.6038034575423,0.106148978486855,2,mild,1,10.7135,249.06707416675755,1.67244,0.903161280259804,0.967719834490438,21.35,True,True,True
1255,8.90701361630869,0.15,2.095918749467826,4210133.166402536,275.4237739384459,0.0957393311482476,3,strong,1,8.9067,279.2197120419274,1.54352,0.9066755264864548,0.8435221276284373,20.49,True,True,True
1234,9.475183666765632,0.15,7.695918749467827,6498983.833256786,358.7377164076865,0.1002883566628851,3,strong,1,9.4779,349.26129560396714,2.28162,1.0343598060562529,1.114872853198094,18.79,True,True,True
846,26.86253089294029,0.25,21.745918749467823,7029072.856408547,484.047960998651,0.129701310350135,2,mild,1,26.8497,565.274862951267,2.3162700000000003,1.000388759198233,0.8896447117072934,31.33,True,True,True
927,31.96279406750767,0.25,5.3959187494678265,124936.94709373836,68.02421875189103,0.1366533436151313,2,mild,1,31.9522,124.1820262654262,1.70379,1.1878152246217897,1.3961881572032784,24.28,True,True,True
1202,0.5454512395792612,0.25,0.1459187494678261,72778.23582654912,6.98136622547481,0.0249325666919166,3,strong,1,48.0154,355.2495046037442,2.82777,1.194843717075173,1.3700442620584616,16.31,True,False,False
568,0.5786578471127289,0.25,0.4959187494678262,28875.519815208016,4.112513712972037,0.0250807437099485,1,strong,0,,,,0.9219039268021187,1.1342320275843971,21.83,True,False,True
1133,42.797021228030125,0.25,29.895918749467825,906847.6428836316,224.4558411016432,0.1671315676162189,3,strong,1,42.746,485.5507651247928,2.71645,1.1198731309057504,1.1257492082055678,13.2,True,True,True
448,0.6438191940917747,0.25,0.1959187494678261,105857.75434112849,9.16955950728755,0.0254860425854548,1,strong,0,,,,1.1198731309057504,1.1865599676090524,9.02,True,False,True
1450,38.25817476916799,0.25,7.245918749467827,933009.3255389556,210.781914551166,0.1548058511525273,3,strong,1,38.3018,554.6896587958566,3.05338,1.1198731309057504,1.1838947041502157,14.63,True,True,True
278,0.5469872215878985,0.1,0.5209187494678262,14272.287284817829,2.654530618796986,0.032146793725976,0,mild,0,,,,1.021474236558383,1.1503301520602482,21.03,False,False,False
1432,28.213110128844164,0.25,4.8959187494678265,9524180.732208803,563.4471502045484,0.129701310350135,3,strong,1,28.2196,670.739317505681,2.66508,0.9675891277491108,0.939703022542381,18.94,True,True,True
658,0.5185324489410004,0.25,0.1959187494678261,22429.055934586344,3.788139886134145,0.0248605931888134,1,strong,0,,,,1.0074172516516164,1.1375593697107511,21.94,True,False,True
624,0.6525820268568209,0.25,0.3959187494678262,33743.79675814136,5.212381268174453,0.0255504743553473,1,strong,0,,,,1.1690725780794338,1.331344276117417,17.75,True,False,True
914,4.600946599633753,0.15,3.645918749467826,41074914.91579549,628.4513544894083,0.0704778765514577,2,mild,1,4.6009,577.6496003637103,3.17955,1.0636451912786833,1.2080660404421373,23.65,True,True,True
1430,13.84893082690106,0.15,5.545918749467827,53562.88384337004,38.30765288661485,0.1177060296894969,3,strong,1,13.8444,55.78907171768336,1.05567,1.0847306686388336,1.2906570805795,14.26,True,True,True
862,0.5087642653775732,0.25,0.3459187494678262,12442.47452946198,2.7960829979835973,0.0248490454288379,2,mild,1,35.5183,45.62877035993273,1.02674,1.1936723016662756,1.3880284091234625,33.74,False,False,False
275,2.0198599247779088,0.05,0.6959187494678263,10582.03197294892,11.50110428010552,0.0800514075335422,0,mild,0,,,,1.1093303922256754,1.298036321196064,20.91,False,False,False
827,16.504005105409092,0.15,7.095918749467827,85435803.06053181,1762.5993517894046,0.1354158787039558,2,mild,1,16.4958,1735.384892083881,3.88146,0.9043326956686604,0.8508528634089901,32.2,True,True,True
77,0.5049996633223351,0.25,0.1959187494678261,9952.037503292127,2.49010972037311,0.0248462648561971,0,mild,0,,,,1.0894163302746342,1.134398495833561,34.8,False,False,False
880,6.232367007242252,0.1,2.020918749467826,76631197.0500391,1208.1563841540442,0.0983904074028945,2,mild,1,6.2322,957.561316817577,3.86969,1.0800450070032448,1.141958008261179,30.74,True,True,True
340,0.5092601866466848,0.05,0.3459187494678262,10627.574412470272,5.731653591931291,0.0414371019981195,0,mild,0,,,,1.173758239715023,1.180623315026127,21.45,False,False,False
146,0.5388938009698255,0.25,0.3459187494678262,11649.985712892583,2.784089587686404,0.0249102512391483,0,mild,0,,,,1.1878152246217897,1.3214947945592548,29.72,False,False,False
1294,41.96720852802104,0.15,20.045918749467827,110766.55673086962,100.34782994929986,0.2135635553092116,3,strong,1,41.9847,119.1422143101747,1.1514799999999998,1.0472453755541222,0.96334272354702,10.74,True,True,True
494,0.5812106168245157,0.25,0.4459187494678262,37534.55039031439,5.192732985154432,0.025094983021744,1,strong,0,,,,1.108158976816778,1.194346671004295,10.02,True,False,True
475,1.00370916356789,0.25,0.1959187494678261,12726.89231009893,3.971224300044334,0.0287243153142859,1,strong,0,,,,1.1690725780794338,1.3215774098787534,16.6,False,False,False
52,0.5029377573660204,0.25,0.2959187494678262,12593.924193563713,2.7959716736722307,0.0248455831724495,0,mild,0,,,,0.9277610038466048,1.0510879303735254,26.37,False,False,False
1109,3.1219754854313355,0.1,1.9209187494678264,144056336.35276258,1185.507347819603,0.0709747231786683,2,mild,1,3.1219,1009.9731540398516,3.74484,0.9968745129715414,1.076057819860632,27.0,True,True,True
363,0.5503050626084595,0.25,0.2459187494678262,16303.909778474628,3.326936473549252,0.024948121997024,0,mild,0,,,,1.1093303922256754,1.2241605128199564,25.38,True,False,True
1067,29.70668620771607,0.15,0.8459187494678263,266049.53355375014,115.33636320643856,0.1586041597913043,2,mild,1,29.695,156.14577273833993,1.26302,0.9090183573042492,0.9230014174674646,34.82,True,True,True
1208,17.887424721245004,0.25,13.295918749467829,4930186.519370365,330.99803689818555,0.106148978486855,3,strong,1,17.8885,437.1422311640647,2.68004,1.0472453755541222,1.1705424001897828,11.1,True,True,True
1248,33.00728385009792,0.15,30.695918749467825,56345.255370143816,62.33682443547774,0.1861122600665755,3,strong,1,33.0214,94.83275117344164,1.02674,0.9441608195711662,0.9628055003171648,8.66,True,True,True
266,0.6153938939403014,0.25,0.2459187494678262,11145.441361992462,2.909080560140147,0.0252915227250631,0,mild,0,,,,1.1761010705328172,1.1594944502461504,27.1,False,False,False
630,0.5348984746683251,0.25,0.1959187494678261,79387.73518745635,7.238863539137523,0.024897551601796,1,strong,0,,,,0.9277610038466048,0.8651155962549014,17.57,True,False,True
518,0.6496718398150365,0.25,0.1459187494678261,25478.783378057637,4.51887328457831,0.0255292505190542,1,strong,0,,,,0.9324466654821938,0.9162963278773808,17.68,True,False,True
353,0.5535622549482734,0.25,0.3959187494678262,8695.12653312124,2.4378994540098278,0.0249627041882446,0,mild,0,,,,1.096444822727806,1.033060147194224,30.05,False,False,False
1198,8.593781332538859,0.15,0.7459187494678263,34296263.51813412,782.5811632728823,0.0953184483951077,3,strong,1,8.5923,649.4242321502162,3.723500000000001,1.0472453755541222,1.3342719907229643,16.35,True,True,True
603,0.7285883809595051,0.25,0.5959187494678263,139937.24889026937,11.228071677489243,0.0261761768501056,1,strong,0,,,,1.1093303922256754,1.242519650628925,12.1,True,False,True
