file_id,label,activity_class,teff,logg,star_mass_msun,star_radius_rsun,rotation_period_days,inclination_deg,sigma_ppm,tau_days,spot_enable,spot_count,spot_radius_deg,spot_contrast,spot_lifetime_days,spot_latitude_deg,spot_longitude_deg,spot_domega,flare_enable,flare_mean_period_days,flare_amplitude_ppm,planet_present,planet_period_days,planet_radius_rjup,planet_radius_earth,planet_sma_au,orbital_angle_deg,transit_depth_ppm,seed,white_bin,act_rms,exp_flares,n_transits,transit_snr_raw,transit_snr_det,detect_raw,detect_det
1003,2,mild,6373.3,4.31,1.129244454176928,1.2309197169994996,23.34,84.06,10.54,0.817,1,1,0.96,0.681,16.0,9.47,264.86,0.177,1,59.71,68.4,1,3.3447,0.11532,1.26852,0.04558,298.52,88.5624643903712,25292915,65.72236864418497,45.44341045705956,4.521739065203096,80,43.50344614638632,52.890178425320464,1.0,1.0
1359,3,strong,6310.6,4.284,1.1198731309057504,1.2622446115185475,18.23,50.15,107.21,3.962,1,2,2.205,0.558,14.0,-5.33,224.0,0.134,1,1.273,544.9,1,16.6958,0.25945,2.85395,0.13276,245.46,426.3047595881882,1716977898,68.4339013159988,228.0196055734332,212.0919399711523,16,41.66857946929719,144.9564437182493,1.0,1.0
713,1,strong,5639.7,4.506,0.9582178044779328,0.9049090692431206,16.15,58.25,73.23,4.009,1,5,1.916,0.49,18.3,-1.14,227.76,0.105,1,5.69,342.7,0,,,,,,,1473751144,61.88116556236394,246.0611232687543,47.45044632395024,0,,,,
316,0,mild,6162.2,4.528,1.0941019919100112,1.0032833263319128,34.36,61.59,12.11,1.029,1,2,1.065,0.76,10.3,3.15,92.61,0.163,1,41.53,36.7,0,,,,,,,1034902810,62.94815922536319,42.57908478930312,6.501156744119356,0,,,,
1301,3,strong,5282.6,4.317,1.0812164224121417,1.1890727666689471,15.37,28.19,92.52,3.971,1,4,2.215,0.474,16.2,-3.0,252.79,0.105,1,1.244,260.7,1,12.6726,0.13075,1.43825,0.10918,298.03,122.00184883407616,668162769,64.88459449432227,227.90863426327192,217.0362054527949,21,12.797907116413786,46.73920823427816,1.0,1.0
345,0,mild,6006.9,4.327,1.065988022096431,1.1716799321641116,20.3,82.6,5.65,1.204,1,2,0.755,0.647,6.0,-3.67,128.99,0.196,1,75.85,26.4,0,,,,,,,345162777,65.13553885340487,33.69951575189374,3.5595654526470257,0,,,,
442,1,strong,5925.0,4.525,1.016788574922794,0.9284620153149762,12.34,39.39,90.27,4.088,1,5,2.24,0.572,10.7,-5.72,162.37,0.123,1,1.221,129.6,0,,,,,,,1398711950,63.072811395819855,148.6756220555462,221.1245205432243,0,,,,
787,2,mild,5312.6,4.526,0.903161280259804,0.8558677871759652,26.74,65.85,13.9,1.64,1,2,1.095,0.698,13.2,-4.43,223.32,0.138,1,23.45,42.2,1,23.062,0.13358,1.46938,0.15327,313.75,245.7929367994159,1191501944,60.32955731994279,62.20726234837626,11.51356245557684,11,49.2915251803495,70.8018665655275,1.0,1.0
332,0,mild,6184.1,4.363,1.0683308529142723,1.1266816925875762,34.81,31.05,31.11,0.894,1,3,1.237,0.712,17.0,-10.45,209.05,0.212,1,47.83,67.0,0,,,,,,,994178163,64.49694598915762,53.18446547543309,5.64484715833738,0,,,,
1131,3,strong,5588.4,4.396,1.000388759198233,1.0484742760947012,8.23,36.4,128.19,1.958,1,2,2.29,0.496,7.3,-14.45,141.52,0.09,1,3.677,206.4,1,14.9604,0.09447,1.03917,0.11884,270.69,81.91664435705867,1464764994,64.49552715764936,154.50249492366913,73.42753320187023,18,11.011587294258575,28.584937966689257,1.0,1.0
519,1,strong,5723.3,4.427,0.9219039268021187,0.973557061833379,21.09,71.05,29.87,1.975,1,5,2.54,0.503,21.8,3.65,139.83,0.114,1,2.271,113.6,0,,,,,,,625662821,63.7778465751084,412.6513184022377,118.8872917583782,0,,,,
189,0,mild,5506.3,4.211,1.1936723016662756,1.4042675752221547,30.36,58.55,12.36,1.331,1,1,1.31,0.699,14.7,-19.75,326.77,0.196,1,22.07,24.3,0,,,,,,,1265955204,67.1786993836876,41.96499864613286,12.233486161453415,0,,,,
1092,2,mild,5650.2,4.231,1.194843717075173,1.39227834020187,20.71,45.75,28.29,1.267,1,3,1.387,0.668,9.7,2.31,210.29,0.187,1,42.28,15.5,1,11.1822,0.16992,1.86912,0.10385,0.86,150.29230573510242,196930002,66.88971631371217,59.04912159651343,6.385833481156028,24,46.652387234461735,62.22991780359201,1.0,1.0
1388,3,strong,5859.6,4.277,0.9781318664291856,1.1903815171925896,21.13,86.39,44.75,4.832,1,5,2.548,0.504,20.5,1.94,247.81,0.119,1,4.606,122.9,1,23.7131,0.32854,3.61394,0.16035,303.52,768.6064730262117,104074365,66.72495383046466,449.4880187473608,58.617681194806096,11,34.36696217712554,234.0475833714621,1.0,1.0
958,2,mild,6010.4,4.373,0.9816461126558772,1.0664358727861625,29.36,24.46,29.26,1.863,1,3,1.253,0.742,12.6,1.81,284.4,0.182,1,57.4,77.4,1,35.2966,0.25609,2.81699,0.20929,300.67,581.856153368963,753673331,64.74664954502006,77.68992029433598,4.703711490997855,7,94.25837343640632,147.22950978844025,1.0,1.0
432,1,strong,5541.7,4.309,1.0812164224121417,1.2007405391058144,21.95,28.32,36.72,1.517,1,5,1.89,0.561,23.8,5.75,114.91,0.128,1,2.004,319.5,0,,,,,,,1466063941,65.50647967347022,191.6764475170036,134.7270656603178,0,,,,
1037,2,mild,5350.4,4.355,1.0542738680075054,1.1314352315176643,21.67,37.12,10.3,2.325,1,3,0.88,0.706,10.0,4.38,178.59,0.198,1,39.27,15.7,1,15.8425,0.31894,3.50834,0.12564,257.94,801.7859947583567,1620169929,65.18662218249922,111.14412639172562,6.875300218570839,17,141.49540933813978,279.6843495748673,1.0,1.0
286,0,mild,6205.8,4.398,1.108158976816778,1.1019611746888422,29.6,33.37,7.23,0.574,1,3,1.327,0.644,16.9,12.19,172.42,0.188,1,21.56,37.4,0,,,,,,,1773224544,63.73266515350472,57.328806671477466,12.52286825525403,0,,,,
817,2,mild,5863.9,4.456,0.995703097562644,0.9757149080258852,31.71,89.54,6.91,0.934,1,3,1.04,0.748,13.2,-4.45,151.7,0.196,1,24.55,18.0,1,22.6989,0.16688,1.83568,0.15667,16.41,295.163453455928,924199902,63.42026866624452,49.24549095021161,10.997679820092744,11,66.93133578208878,84.74003361473838,1.0,1.0
1179,3,strong,6372.2,4.224,1.1714154088972284,1.3785394000076667,12.63,85.99,33.06,4.828,1,4,1.875,0.57,9.6,8.86,130.33,0.08,1,4.652,217.2,1,45.1357,0.13485,1.48335,0.26153,21.11,96.55247645364967,1586234577,67.30236970116135,168.49448097077533,58.03805666020569,5,8.47448795614658,22.846149697314058,1.0,1.0
1366,3,strong,5223.7,4.396,0.9418179887533716,1.0147494813671305,18.91,45.43,146.91,2.732,1,5,2.148,0.571,20.4,12.53,223.61,0.098,1,3.073,172.2,1,11.3401,0.17801,1.95811,0.09683,82.42,310.50672204930123,53075395,64.91402310982652,303.8232576744285,87.85975905736312,23,24.12639427539453,115.46967838607571,1.0,1.0
988,2,mild,6273.4,4.372,1.0847306686388336,1.12313034665574,22.68,22.67,24.23,1.207,1,3,1.077,0.759,8.4,-3.17,205.16,0.209,1,27.0,23.4,1,42.079,0.2349,2.5839,0.24327,28.41,441.3728264611979,866491713,64.5784721555188,59.91976617443291,9.999742206788031,6,78.98027582604618,107.74147956920535,1.0,1.0
421,1,strong,6040.7,4.341,1.0730165145498611,1.1581241339967083,13.68,74.72,69.83,1.111,1,5,2.058,0.541,11.0,-11.58,167.36,0.107,1,4.182,100.2,0,,,,,,,1226683627,65.27270155719872,174.88952034643026,64.56074595487252,0,,,,
1050,2,mild,5755.2,4.369,0.9219039268021187,1.0388468676517166,28.27,13.74,16.36,1.92,1,2,1.265,0.669,15.6,-1.37,150.96,0.138,1,48.15,93.4,1,43.5534,0.09863,1.08493,0.23579,101.5,90.95254988556982,1706759204,64.25025812459985,47.27395611401694,5.607332078572728,6,17.863964186544333,22.17845467936207,1.0,1.0
1369,3,strong,5690.6,4.393,0.983988943473672,1.0428979250597366,21.34,74.11,119.02,1.448,1,4,2.487,0.469,20.8,-5.04,246.94,0.129,1,3.713,278.8,1,34.1286,0.3413,3.7543,0.20481,145.89,1080.6594409680008,1453736893,64.93565624423019,422.2669291782315,72.71560452013921,7,40.73505156682012,268.00778131903905,1.0,1.0
1293,3,strong,5631.5,4.357,0.9371323271177828,1.0615284038467212,8.58,79.1,42.46,3.574,1,2,2.51,0.647,6.4,8.21,60.25,0.113,1,2.609,695.9,1,6.1583,0.25207,2.7727700000000004,0.06434,207.81,568.9563729286233,2001686838,66.80965213723215,276.6820335492478,103.48525856009078,43,61.00322582842484,259.8964026562137,1.0,1.0
678,1,strong,5224.0,4.36,1.0800450070032448,1.1376947088489036,14.9,57.48,90.87,1.299,1,3,2.313,0.513,17.1,-6.24,121.74,0.105,1,4.835,420.5,0,,,,,,,2102140451,64.91163860972517,288.48441568407725,55.84137323335612,0,,,,
839,2,mild,6041.3,4.253,1.1573584239904615,1.3288941080439474,28.24,65.88,10.14,2.272,1,3,1.13,0.711,17.1,-6.31,168.86,0.184,1,29.54,19.6,1,32.2963,0.16129,1.77419,0.20838,221.5,148.6394241812778,155356244,66.89061184994932,64.07326808359174,9.139913323739908,8,30.075890529401,41.64763366688992,1.0,1.0
913,2,mild,5378.3,4.348,1.016788574922794,1.1190789419652072,27.56,42.22,22.03,2.41,1,3,1.363,0.665,9.7,10.08,105.61,0.175,1,48.77,49.4,1,19.5939,0.0994,1.0934,0.14303,124.09,79.60699010849383,1080084125,64.41796077199949,62.62040143464333,5.536047561682937,13,18.26510085163916,25.472904186272658,1.0,1.0
1322,3,strong,6360.2,4.275,1.129244454176928,1.281154300535453,10.23,31.48,27.12,3.165,1,4,2.205,0.511,9.4,16.39,137.78,0.101,1,1.181,253.8,1,7.195,0.14335,1.57685,0.07596,237.64,126.32589947995976,1101053254,66.97418803902207,202.87038111821045,228.61392005357905,37,18.295161916498188,58.3593998045427,1.0,1.0
216,0,mild,6095.1,4.439,1.133930115812517,1.0608222116129074,20.74,78.7,6.57,1.777,1,1,0.84,0.76,7.7,-18.54,159.54,0.129,1,47.05,57.4,0,,,,,,,1899954943,63.61834941335165,37.295522883767816,5.738428046403334,0,,,,
509,1,strong,6338.9,4.421,1.1690725780794338,1.104511097191802,21.52,48.36,127.99,1.01,1,4,1.905,0.5,24.6,-6.9,92.2,0.126,1,1.499,181.3,0,,,,,,,765125699,64.40259099645932,194.7094164632184,180.11543667997122,0,,,,
992,2,mild,5559.8,4.504,0.9019898648510196,0.8814894778039915,22.89,89.76,11.9,1.021,1,1,0.89,0.775,14.4,-3.79,86.55,0.239,1,20.74,25.9,1,16.4431,0.11185,1.23035,0.12227,201.52,162.45668757615917,1808621899,61.58007656879703,40.25523856201487,13.017986479425115,16,44.40355534047151,53.049352603046685,1.0,1.0
356,0,mild,5749.4,4.486,0.9781318664291856,0.9347227558266832,33.66,75.3,25.67,1.666,1,2,1.62,0.684,24.1,-14.09,225.12,0.183,1,43.8,21.4,0,,,,,,,1168140903,62.69066558319679,56.280943514682384,6.16422464802002,0,,,,
1338,3,strong,5606.4,4.287,1.0636451912786833,1.2230209229582891,16.87,87.53,145.01,4.665,1,2,2.605,0.451,19.5,-0.24,258.9,0.109,1,1.114,263.4,1,4.7032,0.10234,1.12574,0.05608,77.19,70.65175166618023,714365801,66.16735844251086,324.04969521916405,242.36359029019465,57,7.541870243295628,37.6978666394613,1.0,1.0
937,2,mild,5590.2,4.254,1.1714154088972284,1.3361428898458128,23.53,27.34,8.8,0.953,1,3,1.763,0.671,14.4,-5.47,160.34,0.234,1,25.61,40.6,1,7.318,0.21073,2.31803,0.07776,9.65,250.9844450327508,1689291838,66.40174617079923,69.30952645571305,10.542484950537949,36,81.23090999212015,117.42009010083292,1.0,1.0
921,2,mild,5377.4,4.497,0.903161280259804,0.8873739834322333,27.17,84.51,15.98,1.797,1,2,1.125,0.715,15.0,15.31,164.7,0.161,1,76.49,16.2,1,10.9085,0.15129,1.66419,0.09305,245.08,293.29654333727314,1539034081,60.8955470114208,59.28690706241874,3.529782188302744,24,79.61924407746794,111.12134365313491,1.0,1.0
1045,2,mild,5228.1,4.245,1.1854723938039953,1.3606717596785471,32.54,58.9,12.9,1.083,1,3,1.41,0.752,22.0,-5.9,201.42,0.192,1,31.2,26.9,1,5.7379,0.27261,2.99871,0.06639,352.0,405.0202200175535,2054624103,66.96613360768424,108.42706046037095,8.653623063566567,47,109.10001504253556,207.6225422351472,1.0,1.0
1265,3,strong,5929.5,4.216,1.1690725780794338,1.3901854366527164,8.21,37.31,61.69,4.76,1,3,2.597,0.519,8.8,13.75,167.34,0.115,1,3.587,105.0,1,37.2692,0.14459,1.59049,0.23003,93.39,109.15180664663956,917260458,66.69118779848645,140.1435316797757,75.26987443079923,7,12.893927293657017,30.0065766239077,1.0,1.0
1477,3,strong,5985.1,4.507,1.0613023604607903,0.9692971044349776,15.79,83.49,104.98,2.311,1,2,2.21,0.579,19.2,-8.88,163.17,0.085,1,1.445,145.1,1,6.512,0.18634,2.04974,0.06961,144.35,372.9050233481655,387070641,63.38771106870682,182.1576817762452,186.8463941752781,41,54.43107143847707,165.61890730409743,1.0,1.0
685,1,strong,6072.3,4.262,1.0449025447363278,1.2511795687761116,15.22,38.84,131.42,2.052,1,4,2.44,0.544,15.9,12.12,200.53,0.098,1,1.254,127.3,0,,,,,,,585165803,66.60655962407489,295.45319431234884,215.30545421313943,0,,,,
571,1,strong,6016.7,4.348,1.1058161459989837,1.1662762178261077,14.23,89.92,123.93,3.95,1,2,2.67,0.509,15.1,-19.66,164.26,0.13,1,1.971,286.2,0,,,,,,,1852196467,65.02297642214985,290.14781584101826,136.98276995600042,0,,,,
211,0,mild,5966.3,4.515,1.0613023604607903,0.9692971044349776,21.64,46.6,18.26,2.199,1,1,0.79,0.668,7.9,-6.96,97.66,0.178,1,49.14,15.7,0,,,,,,,691122879,62.63545523469625,34.316244498169084,5.494363849883534,0,,,,
1072,2,mild,5371.4,4.509,0.903161280259804,0.880556140763373,28.58,73.05,21.65,2.264,1,2,0.885,0.744,14.2,0.45,197.85,0.168,1,65.18,31.4,1,15.6622,0.10278,1.13058,0.11842,166.78,137.46844139734606,587932703,61.112617442593,42.33179263215938,4.142268174030022,17,37.99007598140131,46.2139943232146,1.0,1.0
352,0,mild,6131.7,4.25,1.129244454176928,1.3164695906611792,28.27,24.77,12.04,2.483,1,2,1.585,0.723,10.9,-4.62,198.09,0.231,1,41.62,19.4,0,,,,,,,433562475,66.62313243925894,40.06368425270357,6.487098500319003,0,,,,
1419,3,strong,5376.1,4.39,0.9511893120245496,1.0316330073371842,13.22,27.28,122.76,4.672,1,3,1.943,0.55,11.7,-18.8,208.33,0.095,1,1.285,134.8,1,11.1216,0.17272,1.89992,0.0959,204.04,282.83599747386194,1947772020,63.81234090462886,131.86159875901254,210.11131485079912,24,47.77056353669096,109.66434465039434,1.0,1.0
530,1,strong,6067.5,4.548,1.030845559829561,0.9412082390886132,14.13,84.42,53.78,2.127,1,4,1.992,0.544,14.1,2.55,168.52,0.101,1,4.196,113.4,0,,,,,,,1555011471,62.655329665405255,174.24449408565698,64.34533831822614,0,,,,
407,1,strong,5632.8,4.439,0.9582178044779328,0.9780774049896748,19.03,32.12,139.88,2.182,1,3,2.24,0.507,16.8,1.58,188.68,0.111,1,5.839,111.8,0,,,,,,,313823394,63.036542178214894,202.59453809893617,46.23960260032143,0,,,,
1413,3,strong,6058.9,4.549,1.030845559829561,0.9412082390886132,13.08,76.98,148.66,4.597,1,4,2.15,0.565,15.3,-8.8,215.55,0.101,1,3.294,133.4,1,14.7053,0.14927,1.6419700000000002,0.11866,287.68,253.78941657704496,85057505,63.00048875247431,240.08578398728943,81.96510005563961,18,21.631668550572968,85.22609110779055,1.0,1.0
1180,3,strong,5414.1,4.323,1.0613023604607903,1.172133024301499,16.33,43.29,28.27,1.808,1,3,1.91,0.474,17.7,7.3,154.56,0.09,1,1.878,105.9,1,3.6338,0.0999,1.0989,0.04718,171.59,73.29545653906335,1745269164,64.92350716226584,173.78055505198225,143.76626175893338,74,14.910077549835025,42.60398233319802,1.0,1.0
288,0,mild,5304.0,4.494,0.9043326956686604,0.9077183063844484,28.41,43.96,14.28,2.437,1,2,1.765,0.758,19.1,19.12,60.5,0.197,1,39.98,26.9,0,,,,,,,1625434682,62.63350231832365,79.26922066900394,6.753202590877361,0,,,,
1384,3,strong,5890.1,4.202,1.194843717075173,1.435304704547194,10.19,89.32,61.16,1.164,1,4,2.125,0.535,12.5,-13.68,212.45,0.099,1,3.502,119.4,1,15.0452,0.19949,2.19439,0.12656,147.07,194.91888845892265,2061309790,67.7524953458594,182.84032794922544,77.09681313057592,17,24.8582404150044,71.54129173167007,1.0,1.0
1185,3,strong,5428.3,4.49,0.9043326956686604,0.8943949419346711,12.76,68.94,53.16,3.729,1,5,2.564,0.512,12.9,-4.31,152.72,0.11,1,3.264,154.3,1,21.5847,0.31339,3.44729,0.14672,4.06,1238.8293385892484,7908889,62.93121956400969,299.1877888108715,82.71845575468042,12,74.3433694190007,361.1775458667377,1.0,1.0
1048,2,mild,6172.6,4.453,1.0847306686388336,1.022870703185121,28.81,76.69,8.75,1.671,1,1,0.8,0.713,5.8,-13.91,124.38,0.15,1,65.74,77.0,1,32.4995,0.11307,1.24377,0.20479,266.87,123.29719224623295,653958145,63.36251197374434,37.99550310532264,4.106982652620579,8,27.76831451534237,32.378180908075066,1.0,1.0
1005,2,mild,6097.5,4.411,1.140958608265676,1.0986397875163436,25.92,45.35,39.01,2.26,1,3,1.11,0.699,14.1,-6.96,235.55,0.192,1,23.38,23.8,1,4.6239,0.25356,2.78916,0.05676,240.28,537.4656611465153,1233406157,65.40065534318033,120.04276882738498,11.548034199455811,58,130.79472108700318,273.3907767979321,1.0,1.0
462,1,strong,5931.0,4.45,1.0495882063719166,1.0111474364766129,15.85,21.06,34.57,4.388,1,5,2.392,0.606,18.5,2.23,171.3,0.111,1,1.037,437.3,0,,,,,,,858392206,63.86046788518127,199.27480223112087,260.3597295885023,0,,,,
178,0,mild,5813.6,4.366,0.9441608195711662,1.0567044278153517,32.98,56.09,11.17,1.292,1,1,1.28,0.718,19.7,-11.29,312.06,0.176,1,32.31,69.6,0,,,,,,,1487328377,64.40931830783123,49.56273994272225,8.35633053492036,0,,,,
693,1,strong,5599.2,4.229,1.194843717075173,1.3856892648777432,18.94,88.85,46.71,4.9,1,3,2.477,0.451,19.7,0.75,190.81,0.115,1,2.238,142.4,0,,,,,,,57594337,66.68785381418185,230.8917155533688,120.64032152961433,0,,,,
1060,2,mild,5876.6,4.44,1.0027315900160276,0.9987291207890532,22.35,62.22,12.92,1.624,1,1,0.84,0.785,16.3,14.72,227.72,0.162,1,77.99,83.9,1,4.4768,0.18565,2.04215,0.05321,143.39,348.65376790265395,20685485,64.15552549613888,72.86608287359519,3.4618930578699434,60,117.74026118457267,178.17253757179054,1.0,1.0
121,0,mild,5760.7,4.415,0.9207325113932217,0.9853398624399704,26.71,19.08,11.45,1.444,1,2,1.515,0.676,16.5,1.62,187.08,0.187,1,50.73,19.2,0,,,,,,,1538935651,63.56295564176639,41.7531840452155,5.322157295156257,0,,,,
939,2,mild,5331.0,4.546,0.9043326956686604,0.8396614315936923,26.86,80.76,5.29,2.201,1,3,1.27,0.735,10.1,-1.24,155.74,0.18,1,57.26,27.8,1,8.0827,0.21073,2.31803,0.07622,9.64,635.5419268356494,2008078254,61.512835823857536,102.44005270006716,4.715212008090759,33,133.12039318246445,258.5886083179432,1.0,1.0
148,0,mild,5913.7,4.425,0.983988943473672,1.006796501977003,30.65,54.77,21.62,2.14,1,2,0.97,0.666,13.0,-10.91,65.84,0.204,1,36.47,21.4,0,,,,,,,2014949186,63.30306670990542,39.91380736751488,7.403154362031173,0,,,,
828,2,mild,5348.0,4.491,0.9043326956686604,0.8870393474183039,24.58,73.43,11.95,1.426,1,1,0.66,0.656,16.8,17.71,295.58,0.205,1,34.93,45.2,1,46.6158,0.3224,3.5464,0.24513,40.39,1332.9202899631762,77179833,61.37767998440238,119.75740653161266,7.729545937110704,5,132.8201674643819,291.2067658424055,1.0,1.0
1007,2,mild,5564.1,4.246,1.1690725780794338,1.3387984985603738,31.15,39.73,6.88,2.168,1,3,1.513,0.727,19.2,-3.69,188.33,0.152,1,62.07,15.8,1,8.1365,0.22902,2.51922,0.0834,359.46,295.2679233129034,568328903,66.83510478763527,68.77243187966245,4.349815363030077,33,93.33278339853209,133.9191636186882,1.0,1.0
1481,3,strong,5923.3,4.434,1.0542738680075054,1.02642175308866,17.81,34.74,44.7,1.617,1,3,2.173,0.553,19.5,5.82,247.96,0.09,1,4.852,103.8,1,4.9424,0.20897,2.29867,0.05779,25.19,418.23085769136793,1339537287,64.74634743640993,146.73602313331662,55.6457212661329,54,82.89436084984595,205.3407602479769,1.0,1.0
1409,3,strong,6137.1,4.479,1.0941019919100112,1.0005483949609275,13.7,46.76,65.66,2.407,1,4,2.627,0.459,14.5,0.39,167.03,0.088,1,4.779,162.5,1,5.0197,0.26974,2.96714,0.05912,120.55,733.3552227521607,1937634791,65.59747910267748,245.26648224472555,56.49571868241826,53,89.49205793965783,346.36821987261413,1.0,1.0
164,0,mild,5495.8,4.27,1.1433014390836949,1.2981457927134306,23.39,50.19,19.56,1.155,1,2,1.895,0.73,11.5,-0.09,178.02,0.173,1,43.51,60.6,0,,,,,,,1075022054,66.09851544297838,66.04601781202005,6.205310034090482,0,,,,
128,0,mild,5290.2,4.459,0.9277610038466048,0.93624844027476,34.83,46.3,29.08,1.659,1,2,1.21,0.692,17.6,4.47,44.12,0.207,1,25.17,15.6,0,,,,,,,1157495927,62.74734331637509,56.23069875943155,10.726779482847707,0,,,,
1104,2,mild,5812.4,4.213,1.194843717075173,1.4193053413035517,31.14,61.74,5.37,1.709,1,2,0.69,0.72,13.2,9.89,140.48,0.195,1,35.18,29.9,1,49.3247,0.21538,2.36918,0.27931,110.92,232.3587080656527,949241426,66.96073881107485,44.28653990433816,7.674617384402413,5,47.30915306632207,56.72019079231138,1.0,1.0
555,1,strong,5668.9,4.396,0.9019898648510196,0.9945321014319172,12.67,56.53,86.06,3.591,1,4,1.958,0.557,13.6,10.66,164.22,0.1,1,3.539,221.6,0,,,,,,,594348192,64.01583802753183,272.4302628435462,76.29077128659985,0,,,,
959,2,mild,6076.2,4.379,1.030845559829561,1.0845806320822975,28.29,68.59,11.92,1.829,1,1,1.61,0.711,11.7,-9.78,230.47,0.139,1,33.4,15.4,1,5.7996,0.13236,1.45596,0.06382,253.77,150.27602872693762,173676926,64.98920499537505,50.74629963121948,8.083623939619068,46,56.66329558980112,71.89128023577798,1.0,1.0
152,0,mild,5627.6,4.396,0.9254181730288104,1.0103387800037036,27.21,27.21,20.47,1.834,1,1,1.02,0.725,15.2,-6.79,249.86,0.161,1,49.07,16.9,0,,,,,,,429853160,63.72990841243732,39.67005814526739,5.502201744105907,0,,,,
1105,2,mild,6152.5,4.253,1.1878152246217897,1.350709220379895,34.04,17.51,10.15,1.87,1,2,1.215,0.697,18.3,-16.12,325.35,0.204,1,20.13,52.8,1,7.7666,0.14677,1.61447,0.08128,302.54,119.13811971612576,1733205759,66.72098865495676,45.46253599547161,13.412470918195574,34,45.13294896497515,54.614272872210506,1.0,1.0
441,1,strong,5887.6,4.414,0.9324466654821938,0.9921688952361836,15.69,79.16,118.65,3.42,1,4,2.077,0.554,14.5,8.16,193.74,0.074,1,4.547,207.7,0,,,,,,,99470478,64.70145733382316,293.3134330978603,59.37828009308927,0,,,,
948,2,mild,5636.3,4.481,0.9183896805754272,0.9133812424351104,28.7,75.74,17.69,1.324,1,1,1.19,0.795,10.7,-14.77,173.22,0.155,1,29.84,36.1,1,3.5702,0.09427,1.0369700000000002,0.04444,293.09,107.48372752179938,1343038486,62.76433153089808,43.86374673194,9.048024114721075,75,48.08243270770441,58.66078906685284,1.0,1.0
1373,3,strong,6149.5,4.314,1.140958608265676,1.2312142005821924,18.27,59.59,33.33,1.268,1,2,2.135,0.516,18.8,-2.0,181.56,0.076,1,1.925,149.2,1,17.1334,0.10903,1.19933,0.13591,271.57,79.1269952969809,611646477,65.5807228644087,125.57270658510252,140.25612445884514,15,12.443714651920349,26.88068580749784,1.0,1.0
902,2,mild,5811.5,4.322,1.0905877456833195,1.190726852800738,25.42,79.25,11.68,1.19,1,2,1.2,0.678,9.2,12.2,134.05,0.196,1,32.95,21.6,1,47.0935,0.09697,1.06667,0.2627,350.56,66.91914412576635,1314124640,65.20207287998852,44.43363393493691,8.19402244562297,5,12.79330341321424,15.481531881792051,1.0,1.0
951,2,mild,5372.2,4.335,1.0905877456833195,1.179999401656683,32.21,58.26,33.64,1.526,1,1,1.97,0.691,12.6,-19.49,217.32,0.136,1,46.75,18.7,1,10.2123,0.13558,1.49138,0.09482,78.56,133.20715937848416,1734861579,65.21896938296915,57.86001344848539,5.775252183599505,26,40.5513811443703,54.20951429662241,1.0,1.0
1246,3,strong,5624.8,4.315,1.0472453755541222,1.178814746164912,11.19,60.31,58.75,1.441,1,3,2.057,0.574,9.8,-21.29,171.55,0.072,1,2.549,270.2,1,11.4195,0.33752,3.71272,0.10078,310.42,827.1947835993201,1587831278,66.84819256420965,190.07433125067425,105.9211610762169,23,105.06663038161302,316.68080717105164,1.0,1.0
317,0,mild,6180.5,4.461,1.0847306686388336,1.011166861450188,32.13,55.13,38.96,1.241,1,3,1.38,0.697,16.1,14.52,129.41,0.196,1,77.25,18.9,0,,,,,,,854214709,63.60816943214972,76.56957705182218,3.4950555285861085,0,,,,
159,0,mild,6206.0,4.397,1.108158976816778,1.1031289833543958,30.5,73.92,23.77,1.853,1,3,0.873,0.733,14.1,6.22,243.76,0.181,1,39.81,48.1,0,,,,,,,75356846,64.11055986639958,43.3189260738739,6.782040682825341,0,,,,
975,2,mild,6122.0,4.238,1.140958608265676,1.3426298846789466,28.4,65.48,21.53,1.332,1,2,1.685,0.727,12.8,-0.36,282.1,0.143,1,51.04,27.0,1,8.0292,0.21435,2.35785,0.082,269.11,257.17825108749906,1346024790,66.3487854524848,87.99547195794246,5.289832280236616,33,70.97111701912833,117.88374883510612,1.0,1.0
1063,2,mild,5800.0,4.247,1.190158055439584,1.3551195014367636,29.22,75.65,5.8,2.134,1,3,1.27,0.698,16.7,-14.22,145.56,0.185,1,57.53,27.0,1,13.3931,0.18946,2.08406,0.11697,148.96,197.2330804147896,1527639967,66.67313680903142,69.58713124601107,4.693082558374359,20,52.64129820984478,76.09028862215371,1.0,1.0
1079,2,mild,5730.5,4.264,1.133930115812517,1.3039131138057587,34.92,80.1,10.55,0.911,1,1,0.69,0.79,26.8,7.69,299.75,0.186,1,43.32,34.6,1,4.433,0.25279,2.7806900000000003,0.05507,253.2,379.24717605833246,1373563859,67.00787314905112,89.12430084671844,6.232526306169826,60,124.62350967422915,207.37936266343763,1.0,1.0
463,1,strong,5653.3,4.292,0.9254181730288104,1.1364386218514873,21.93,67.35,64.7,4.453,1,5,2.208,0.515,18.6,19.33,116.83,0.101,1,5.002,167.5,0,,,,,,,1924249105,65.70267224176406,268.85965670047574,53.97701710981145,0,,,,
204,0,mild,5489.8,4.503,0.9371323271177828,0.8988711294622787,24.2,31.47,25.1,0.724,1,1,1.3,0.714,17.2,-15.71,97.7,0.249,1,32.83,25.3,0,,,,,,,1865533370,61.62005201167264,41.47208115563561,8.223973182554886,0,,,,
264,0,mild,6085.1,4.508,1.0472453755541222,0.959862358546666,32.22,47.43,27.04,1.426,1,3,1.583,0.698,14.4,7.48,161.07,0.202,1,56.96,26.6,0,,,,,,,1114152339,62.66297409220077,59.70203016525775,4.74004634099854,0,,,,
910,2,mild,5464.0,4.283,1.1479871007192837,1.2778006595721785,28.4,33.32,30.91,1.077,1,1,1.33,0.627,12.1,-19.81,229.68,0.192,1,21.46,38.7,1,19.948,0.19386,2.13246,0.15072,110.72,232.24698408257092,215600918,65.61003818918415,52.32301874345182,12.581222720562762,13,59.91532789482631,76.6350130690635,1.0,1.0
1023,2,mild,6087.5,4.31,1.0706736837320667,1.1985336302615697,30.83,48.78,22.08,1.167,1,1,1.15,0.753,9.7,-9.79,302.27,0.234,1,24.82,40.4,1,46.491,0.09573,1.05303,0.25886,53.69,64.371784800513,491490864,65.63687190751928,45.20066341004189,10.878043496505915,5,12.235174555735794,14.855715406546624,1.0,1.0
157,0,mild,5586.8,4.202,1.1936723016662756,1.4170809055867684,28.94,89.94,8.66,0.876,1,1,1.05,0.778,11.6,10.26,118.12,0.208,1,62.48,36.4,0,,,,,,,1848484549,66.66420302584626,40.39697459853351,4.321271440193292,0,,,,
1054,2,mild,5925.6,4.255,1.0027315900160276,1.2354739720224746,30.69,85.19,12.81,1.663,1,3,1.32,0.661,20.4,-3.63,218.67,0.169,1,59.9,60.3,1,4.2858,0.12488,1.37368,0.05168,133.99,103.09045616675644,1031126726,66.75504600595185,54.336125714199525,4.507396320255039,62,44.074416132128015,56.82926362297095,1.0,1.0
872,2,mild,6304.7,4.473,1.096444822727806,1.0327498913742568,33.0,36.21,10.63,2.183,1,1,1.95,0.624,18.9,8.75,130.93,0.135,1,66.87,58.1,1,20.3877,0.16077,1.76847,0.15061,123.57,244.52292924965096,193961487,63.53334360317742,71.18269342341713,4.037580971785208,13,50.44672296463757,75.75905171684994,1.0,1.0
1188,3,strong,6062.0,4.425,1.1058161459989837,1.0666548749025688,16.91,38.17,63.39,2.368,1,2,1.97,0.502,15.4,6.64,313.99,0.132,1,3.88,128.0,1,38.9423,0.15153,1.66683,0.23251,174.14,203.6335270438883,1594961517,63.66051514365068,126.66339639673,69.58583494414353,6,21.714641504648714,48.354881264552944,1.0,1.0
633,1,strong,6285.9,4.369,1.0636451912786833,1.1164679046496857,21.74,64.25,28.44,2.105,1,3,2.31,0.499,22.7,2.69,253.17,0.112,1,3.23,181.0,0,,,,,,,43222245,64.75177460179899,218.03695157866932,83.58917634157179,0,,,,
1002,2,mild,6287.8,4.442,1.129244454176928,1.0611042817166476,28.8,73.13,8.19,2.071,1,3,1.007,0.72,13.5,8.19,224.5,0.199,1,76.9,19.5,1,19.8093,0.12286,1.35146,0.1492,31.83,135.2710216729757,676763408,63.1360599912684,40.90154026985104,3.510962803423626,13,35.53141896234653,42.33588914507794,1.0,1.0
251,0,mild,5484.6,4.313,1.0812164224121417,1.197888962766238,32.91,66.52,8.42,2.429,1,1,0.54,0.666,10.0,-15.49,225.38,0.186,1,67.26,21.7,0,,,,,,,275503736,65.17246623619617,34.31963832422463,4.014169485329719,0,,,,
1386,3,strong,5783.5,4.543,0.983988943473672,0.8773680280909079,15.13,49.2,133.58,4.953,1,3,1.71,0.5,14.1,6.0,135.29,0.108,1,1.089,613.2,1,5.9023,0.28713,3.15843,0.06357,3.73,1080.6707961863235,1820509663,70.10049425335258,296.74687906752496,247.92749273028176,45,99.07596440464955,430.94828746596016,1.0,1.0
105,0,mild,5251.8,4.202,1.1936723016662756,1.3863982481318544,30.94,60.37,35.97,2.013,1,2,1.54,0.749,9.9,-7.76,171.05,0.179,1,29.79,17.6,0,,,,,,,1866278795,66.5783772065874,46.22272850405888,9.0632104593245,0,,,,
64,0,mild,5562.1,4.516,0.9675891277491108,0.8981935336050195,20.68,15.19,35.01,2.175,1,1,0.59,0.77,6.1,16.63,204.28,0.19,1,34.69,24.1,0,,,,,,,436895138,61.12068805832065,45.821469833102455,7.78302218458567,0,,,,
134,0,mild,6399.3,4.203,1.1936723016662756,1.439271378413762,22.42,77.19,20.31,0.62,1,2,1.435,0.752,11.4,-1.68,52.84,0.196,1,28.07,15.1,0,,,,,,,596734633,68.38083270175218,54.42524292496486,9.618562151167684,0,,,,
1445,3,strong,5873.7,4.501,1.0542738680075054,0.9551297217590484,15.79,81.56,79.53,1.225,1,4,2.393,0.541,11.9,-6.5,242.95,0.106,1,4.146,141.7,1,6.5232,0.09328,1.02608,0.06954,112.05,96.23925173135756,1429332731,62.56659605077394,229.0993180260357,65.12133130325057,41,11.34052984960473,43.04616982942185,1.0,1.0
537,1,strong,6272.5,4.538,1.096444822727806,1.0290457566398423,20.47,83.38,75.95,1.823,1,5,2.112,0.494,15.2,5.43,130.08,0.095,1,4.725,289.5,0,,,,,,,1917534502,63.44207982893629,268.77415037917024,57.14138403878876,0,,,,
738,1,strong,5696.0,4.223,1.194843717075173,1.3992943221597969,14.66,89.6,53.43,1.531,1,3,2.473,0.483,13.0,4.11,214.17,0.108,1,1.808,456.5,0,,,,,,,626220206,67.91711216959847,284.0119461428791,149.33243339783013,0,,,,
195,0,mild,5539.8,4.486,0.9090183573042492,0.9042826686720816,30.29,52.95,14.49,1.346,1,3,1.007,0.689,18.3,6.57,206.25,0.183,1,70.6,18.4,0,,,,,,,565523409,62.41295224333839,36.51630246162564,3.824264016760296,0,,,,
293,0,mild,5442.0,4.248,1.194843717075173,1.366325865960993,29.39,88.97,9.7,0.767,1,2,1.225,0.692,11.8,10.76,202.19,0.168,1,26.71,33.5,0,,,,,,,2090214360,66.31883354170944,45.40299501658628,10.108312975787229,0,,,,
399,1,strong,5738.4,4.255,1.129244454176928,1.3102833526710698,12.13,13.33,61.36,2.319,1,5,2.332,0.487,13.6,-8.29,210.35,0.098,1,2.914,331.9,0,,,,,,,871033325,66.64025552369716,169.26629790802966,92.65375414662898,0,,,,
130,0,mild,5979.8,4.295,1.0531024525987964,1.2027326769469389,25.58,64.53,5.5,2.074,1,2,1.405,0.676,9.7,0.95,69.31,0.186,1,57.2,74.5,0,,,,,,,758475978,65.93117424695157,71.71156575918624,4.720158034672672,0,,,,
1435,3,strong,6195.3,4.427,1.103473315181189,1.0632929792146952,12.86,89.31,95.09,3.483,1,3,1.74,0.49,13.6,5.74,126.75,0.073,1,2.46,1185.0,1,11.4758,0.0917,1.0087000000000002,0.10289,184.04,75.0468833395002,211639506,64.73016304658175,441.65135766032887,109.75326812328328,23,4.054298139341589,27.957845140616723,0.0,1.0
708,1,strong,6346.9,4.262,1.1843009783950975,1.3331012720708642,8.78,55.3,42.51,1.627,1,4,2.218,0.542,8.6,3.62,246.7,0.091,1,3.882,636.9,0,,,,,,,986547195,66.48490696053304,279.7357602269561,69.54998443670192,0,,,,
147,0,mild,6303.0,4.305,1.159701254808256,1.254279145851236,21.72,81.97,15.9,1.191,1,3,1.0,0.738,9.3,-4.33,91.2,0.178,1,25.98,42.7,0,,,,,,,1734810111,65.70842309494968,69.17378879743785,10.392341785345527,0,,,,
1153,3,strong,5545.7,4.209,1.1936723016662756,1.4102318778856704,14.19,66.35,94.71,4.675,1,3,1.703,0.482,15.7,25.78,205.73,0.092,1,2.81,152.0,1,10.6564,0.09279,1.02069,0.10053,89.04,43.68387709136898,1125063592,66.63334478924052,171.87715036104086,96.0829322360416,25,6.688851910830079,18.504735623719576,0.0,1.0
966,2,mild,5779.8,4.242,1.1761010705328172,1.3577617379397946,28.24,61.83,33.64,0.508,1,3,1.267,0.638,18.6,-0.1,210.04,0.215,1,56.22,92.9,1,27.6588,0.16982,1.86802,0.18893,311.75,157.84485237819266,152147278,66.73354234666681,80.22708848640897,4.802437559289877,9,29.53949598834812,46.192118967621816,1.0,1.0
1349,3,strong,5572.5,4.213,1.1936723016662756,1.413261840410218,10.8,32.11,131.71,4.16,1,3,2.107,0.431,10.0,0.12,193.68,0.088,1,5.602,352.8,1,14.0377,0.1835,2.0185,0.12081,249.07,170.10878942730653,1715536316,66.75890328552757,198.7426742402104,48.19582998630433,19,20.926392749111468,65.71905430130307,1.0,1.0
860,2,mild,6052.8,4.338,1.0905877456833195,1.1712147227451914,28.02,56.41,5.57,2.052,1,3,0.997,0.674,10.9,-0.22,262.44,0.17,1,62.64,53.1,1,16.0076,0.24391,2.68301,0.12795,71.64,437.60880173028113,1075404697,65.58429421976412,72.01184737602796,4.310233709822428,16,100.44488078878211,149.17379613555988,1.0,1.0
1247,3,strong,5659.5,4.429,0.9301038346643994,0.9776502735703546,8.29,61.03,25.96,2.274,1,5,2.606,0.549,8.2,9.86,99.3,0.082,1,2.934,190.7,1,13.5843,0.15151,1.66661,0.10876,53.68,242.33460006304708,249645367,63.3631809285239,226.7625577172887,92.02216754712911,19,22.890516083373665,85.05799565750631,1.0,1.0
587,1,strong,6307.8,4.371,1.1714154088972284,1.16436757261421,9.39,77.19,98.64,1.042,1,5,2.352,0.497,9.1,-15.67,238.98,0.093,1,3.003,160.3,0,,,,,,,945948869,64.72641905773483,251.432490037756,89.90777208900329,0,,,,
1238,3,strong,5807.8,4.54,0.9968745129715414,0.8905506017652866,9.13,39.03,53.19,2.112,1,2,2.63,0.499,10.4,-19.87,161.06,0.082,1,1.089,158.4,1,37.5902,0.11822,1.30042,0.21938,238.89,177.81344219149008,1849279681,62.1734394582711,102.22367318975353,247.92749273028176,7,22.426773844634237,43.15795540384728,1.0,1.0
156,0,mild,5610.7,4.431,0.9558749736601384,0.9829882894125938,26.04,70.88,6.89,1.557,1,1,1.82,0.786,18.0,2.3,354.46,0.193,1,28.2,16.0,0,,,,,,,608448275,63.569208211036674,52.676058939150494,9.574221261818328,0,,,,
139,0,mild,6263.9,4.234,1.0847306686388336,1.3159838066965908,29.73,16.19,25.46,1.729,1,2,1.15,0.713,11.2,0.15,112.29,0.166,1,55.15,24.2,0,,,,,,,1594147237,67.08083237839658,45.814647780617335,4.895612685100216,0,,,,
474,1,strong,5275.2,4.223,1.1936723016662756,1.386735652068645,20.57,55.21,42.85,3.388,1,3,2.243,0.511,20.5,0.21,170.69,0.1,1,1.305,1145.9,0,,,,,,,583861929,69.61488163655794,455.8843302284516,206.89121807147652,0,,,,
1071,2,mild,6044.1,4.203,1.0706736837320667,1.34699781423134,27.86,52.83,20.51,2.008,1,2,1.34,0.67,11.2,1.84,87.52,0.162,1,32.52,15.0,1,35.2746,0.13601,1.4961099999999998,0.21534,144.68,102.87451041735768,1268033570,67.57696484857954,49.64022757860612,8.30236899087567,7,22.26328476715202,27.62440172891741,1.0,1.0
531,1,strong,5263.0,4.223,1.1936723016662756,1.3863982481318544,9.47,39.31,111.75,3.175,1,5,2.226,0.529,8.3,3.2,154.42,0.101,1,2.496,130.2,0,,,,,,,1678686036,66.30455351508438,202.12303113375012,108.17028829458208,0,,,,
609,1,strong,5686.8,4.379,0.9019898648510196,1.015910976124226,8.44,51.99,74.67,4.001,1,5,2.28,0.497,7.0,-0.78,167.35,0.105,1,4.079,229.5,0,,,,,,,538814974,64.36928352219292,220.23310686046096,66.19098788508872,0,,,,
1466,3,strong,6286.6,4.376,1.1198731309057504,1.1347601463084436,19.89,42.49,107.18,1.387,1,5,2.298,0.537,25.3,1.53,253.52,0.116,1,1.46,180.8,1,5.7811,0.16989,1.86879,0.06546,95.61,226.16602526183723,1814547766,64.9784423761393,318.7693275015487,184.9267394406006,46,21.793762086115606,109.11382653314662,1.0,1.0
1354,3,strong,6297.6,4.233,1.1433014390836949,1.3552841084610352,13.88,38.35,103.69,2.279,1,5,2.09,0.499,13.3,-9.84,144.4,0.077,1,3.227,155.6,1,16.5577,0.16306,1.79366,0.13294,21.61,146.0609315513006,1996212972,67.86793320370722,137.1903879083662,83.66688552317225,16,22.89842033412641,51.64183169418736,1.0,1.0
1462,3,strong,6246.0,4.512,1.0636451912786833,0.998001423223508,13.14,27.49,44.72,3.8,1,2,2.49,0.55,12.7,20.05,179.0,0.074,1,1.655,281.3,1,11.6485,0.12515,1.3766500000000002,0.10266,133.65,158.67162475091746,857810741,63.41315832431333,150.66770941956068,163.13778826784102,23,22.87303259515247,58.96288725304926,1.0,1.0
1414,3,strong,6236.7,4.286,1.108158976816778,1.2535828800503592,21.97,30.58,105.84,2.547,1,2,2.1,0.523,20.4,12.03,183.74,0.081,1,2.333,773.1,1,42.2884,0.12693,1.39623,0.24582,282.9,103.44805686420558,14330767,66.64396714376443,293.4250153620942,115.72783522643672,6,5.710078551921086,25.781053849080926,0.0,1.0
732,1,strong,5720.6,4.268,0.9769604510202644,1.2011206212698458,21.52,36.76,26.24,2.937,1,5,2.254,0.486,23.4,6.01,184.36,0.105,1,1.519,101.4,0,,,,,,,1453388933,66.36748381753296,419.49867340386845,177.74393652618622,0,,,,
335,0,mild,6243.2,4.54,1.0636451912786833,0.9974886688805212,26.88,28.08,9.87,0.595,1,1,1.09,0.787,17.2,18.72,154.35,0.165,1,29.35,23.5,0,,,,,,,310207018,62.85044866917384,35.95762626817225,9.199081416806708,0,,,,
1094,2,mild,5647.6,4.318,0.9254181730288104,1.10397290210206,27.41,48.42,21.32,1.458,1,1,0.58,0.78,16.9,16.53,194.94,0.205,1,22.15,38.2,1,9.2624,0.09255,1.01805,0.08411,19.99,70.91463983338349,1862282638,65.53746199039797,42.49622137589613,12.189302012789025,29,24.89001799831069,29.664649933113186,1.0,1.0
557,1,strong,6035.9,4.279,1.1878152246217897,1.3072227282326787,19.21,33.38,108.63,2.181,1,2,2.505,0.497,20.0,22.59,350.81,0.104,1,1.966,105.8,0,,,,,,,1250547138,66.61108046363356,222.164388503215,137.33114933025274,0,,,,
1368,3,strong,6229.5,4.323,1.108158976816778,1.1999864521726846,17.37,82.43,34.12,4.619,1,4,2.485,0.513,21.2,-16.88,300.77,0.098,1,1.275,141.5,1,8.6438,0.21439,2.35829,0.0853,121.28,322.07442856455805,311664293,65.85695263519953,304.00510303794067,211.75924673198188,31,29.353058796187767,138.6408546993347,1.0,1.0
1178,3,strong,5412.4,4.539,0.9371323271177828,0.8610475123042713,16.01,34.23,30.13,2.685,1,4,2.188,0.535,16.8,-4.43,73.48,0.115,1,2.736,112.2,1,15.5667,0.15115,1.6626500000000002,0.1194,238.88,310.9295172207266,1030131096,60.40629830171142,157.63431516640267,98.68166651435556,17,37.15178613099194,103.82473765601544,1.0,1.0
700,1,strong,6172.3,4.313,1.1761010705328172,1.2602055301032309,17.87,36.1,83.81,2.344,1,2,2.585,0.557,22.9,-26.82,165.55,0.097,1,2.935,241.4,0,,,,,,,1710277981,65.25281094209988,121.955914876625,91.99081416806708,0,,,,
1489,3,strong,6360.8,4.254,1.096444822727806,1.2972273121695113,19.85,55.0,64.14,1.554,1,4,2.333,0.52,17.1,0.07,319.61,0.097,1,1.352,136.4,1,9.4464,0.12474,1.37214,0.09018,40.64,93.29947369823464,411415745,67.42047258853422,165.9876310069123,199.69899377461303,28,14.831838141521702,39.412883119126086,1.0,1.0
240,0,mild,6107.8,4.402,1.140958608265676,1.1110805778139057,30.8,43.68,7.24,1.963,1,3,1.26,0.743,15.8,-9.31,229.19,0.186,1,22.74,28.4,0,,,,,,,883941566,63.81459592961159,47.5667793349369,11.873044836555712,0,,,,
707,1,strong,6303.9,4.208,1.136272946630538,1.388735080421414,9.38,71.46,79.15,2.939,1,3,2.08,0.499,7.7,12.0,190.87,0.098,1,1.298,134.2,0,,,,,,,1422559491,67.95207584642395,163.40631288597407,208.00696423981267,0,,,,
1017,2,mild,5614.3,4.431,0.9558749736601384,0.9829882894125938,31.64,74.69,17.13,2.238,1,3,1.507,0.692,10.1,10.88,216.25,0.196,1,39.0,31.6,1,4.6758,0.15787,1.7365700000000002,0.05391,321.49,260.2569956614477,644759607,64.0035918392285,76.0328763857582,6.922898450853253,57,84.29161508293402,130.88884200794823,1.0,1.0
654,1,strong,6197.3,4.208,1.108158976816778,1.371855996241783,18.72,37.61,59.61,3.661,1,3,2.547,0.47,15.5,7.8,24.94,0.13,1,1.297,318.2,0,,,,,,,98741281,67.97561334403073,241.35498235695044,208.1673396941225,0,,,,
1217,3,strong,5990.3,4.48,1.0613023604607903,0.9814536187718216,14.77,69.5,26.3,2.665,1,4,2.325,0.566,15.9,-16.14,171.8,0.102,1,2.671,122.4,1,28.009,0.10914,1.20054,0.18411,87.2,124.77518421678064,931922395,62.53421648152435,255.16541648267847,101.08312975787229,9,8.038790528359907,33.77226737132963,1.0,1.0
89,0,mild,6312.0,4.29,1.1198731309057504,1.254064184969093,30.39,32.91,38.96,0.801,1,1,1.51,0.681,7.4,10.15,102.64,0.182,1,31.82,53.4,0,,,,,,,1014618759,66.57926734802795,51.80794331483949,8.485010672007444,0,,,,
5,0,mild,5952.8,4.404,0.9722747893846996,1.023010730345238,29.75,53.94,5.96,1.332,1,1,1.24,0.679,8.5,3.51,61.41,0.133,1,72.11,29.6,0,,,,,,,570951394,64.22734102860313,40.67854837560056,3.744183047889015,0,,,,
464,1,strong,5340.8,4.505,0.903161280259804,0.8720501675034124,12.58,47.5,138.76,2.261,1,2,2.42,0.468,17.4,9.69,190.91,0.119,1,2.875,206.6,0,,,,,,,1623815292,61.07980628961466,259.3892382856923,93.91062246374848,0,,,,
375,1,strong,5737.5,4.271,0.9886746051092608,1.2044025333495405,8.31,77.99,144.95,2.037,1,4,2.215,0.577,7.8,-2.04,177.33,0.098,1,5.48,257.6,0,,,,,,,843658604,66.8868085183397,259.1965803650705,49.26880284366366,0,,,,
1162,3,strong,6385.6,4.429,1.194843717075173,1.1297978804835545,17.7,72.41,40.89,4.275,1,4,2.49,0.524,17.5,8.09,148.32,0.086,1,4.83,533.6,1,21.9844,0.18753,2.06283,0.16297,219.36,277.99685202831216,1946746866,64.1423837715984,357.911377122152,55.89918003794552,12,15.096464523236788,85.5795877000787,1.0,1.0
1127,3,strong,5306.0,4.3,1.0847306686388336,1.2206223391522184,16.7,50.48,38.94,2.924,1,5,2.09,0.542,15.7,2.15,160.25,0.105,1,1.916,129.5,1,6.7253,0.35199,3.871890000000001,0.07165,232.44,839.069442555009,1051865050,67.98828032646959,273.6395010633156,140.91494759043678,40,93.02101787012596,385.77428921914895,1.0,1.0
991,2,mild,5802.9,4.493,0.9324466654821938,0.9057104765455144,22.24,35.4,15.04,1.4,1,1,1.88,0.77,16.6,-4.95,272.45,0.203,1,23.25,54.6,1,21.7385,0.10061,1.10671,0.14892,52.92,124.50976042368482,1994830356,62.31426522896273,47.81250679097167,11.612603853044169,12,29.15384046649043,36.74678270225541,1.0,1.0
341,0,mild,5361.0,4.203,1.1936723016662756,1.3901488364083945,26.51,61.91,6.02,1.216,1,1,1.87,0.778,18.3,-13.84,17.41,0.213,1,49.51,33.0,0,,,,,,,442577436,66.44938761965679,49.73880027833266,5.453303162659601,0,,,,
617,1,strong,5306.6,4.534,0.903161280259804,0.8515240997642207,9.41,18.51,46.56,3.521,1,3,2.087,0.523,8.8,1.37,218.08,0.097,1,3.113,133.3,0,,,,,,,671835478,60.61899355283341,122.62990482979431,86.73081901165335,0,,,,
1245,3,strong,5755.5,4.475,1.0097600824694108,0.9638661476404444,15.72,65.54,124.8,4.572,1,4,2.118,0.495,13.9,0.9,154.63,0.09,1,1.291,125.8,1,4.5467,0.12024,1.32264,0.05389,260.69,157.02339476077964,224428261,62.77802352469271,170.99487734683223,209.13480990184112,59,27.571172189940366,79.9996213865729,1.0,1.0
268,0,mild,5773.3,4.413,0.9441608195711662,0.998007781033012,22.65,15.68,22.0,1.062,1,1,0.84,0.761,17.6,-18.32,93.8,0.184,1,24.9,52.9,0,,,,,,,164816480,63.47643389374492,41.50887734542032,10.843093959167746,0,,,,
366,0,mild,5812.3,4.497,0.995703097562644,0.9318897989674242,21.31,26.78,5.47,1.774,1,1,1.29,0.623,14.2,13.56,345.01,0.237,1,69.94,24.1,0,,,,,,,306852194,62.23464342580468,39.79207049462822,3.860352296014825,0,,,,
425,1,strong,6121.3,4.309,1.1058161459989837,1.2191526415548586,13.34,67.85,77.24,1.222,1,5,2.478,0.523,9.8,-3.28,251.98,0.089,1,2.694,452.8,0,,,,,,,460526819,65.9543934515584,287.48626423480937,100.22013347560387,0,,,,
1150,3,strong,6082.4,4.443,1.091759161092217,1.036591352655906,15.53,50.27,50.02,4.558,1,5,2.386,0.595,19.5,-1.51,189.88,0.099,1,2.27,242.3,1,28.6961,0.16896,1.85856,0.18888,149.41,268.07265812357946,760052660,63.50004152370763,188.22960608699972,118.9396650146594,9,23.457640471909656,73.38433846688262,1.0,1.0
1399,3,strong,5970.3,4.351,1.0894163302746342,1.1533855362753775,13.35,58.81,34.72,1.272,1,5,2.124,0.531,15.0,13.6,159.31,0.107,1,4.3,1140.1,1,21.8616,0.15548,1.71028,0.15744,234.23,183.35803419181627,1387735462,65.2750428989272,440.7580631146552,62.78907897285509,12,8.329742009707095,56.85855480040429,1.0,1.0
534,1,strong,6323.7,4.403,1.129244454176928,1.1057689192933688,16.56,82.05,63.11,3.218,1,4,2.143,0.492,17.1,-2.73,201.24,0.093,1,5.618,127.2,0,,,,,,,464815161,64.7521900011379,225.04178809720443,48.05856881154804,0,,,,
648,1,strong,5862.8,4.449,1.0027315900160276,0.9871311346900882,8.19,86.96,98.02,3.606,1,3,2.373,0.508,9.1,-11.84,116.11,0.097,1,2.073,362.5,0,,,,,,,1991602208,63.56143430912254,271.2337890527946,130.24266260650114,0,,,,
1320,3,strong,6036.1,4.326,1.0472453755541222,1.1606524385355783,13.2,26.17,54.65,3.544,1,4,2.38,0.464,11.1,-2.39,180.31,0.092,1,2.151,208.3,1,47.534,0.12331,1.35641,0.26079,236.35,113.89170676843122,1313293084,65.88334937500929,219.5182484755292,125.51977665424307,5,7.462292679645706,25.95946079987784,1.0,1.0
1287,3,strong,5910.2,4.42,1.0074172516516164,1.0239931259881472,10.76,8.69,26.42,4.377,1,3,1.85,0.491,10.5,-4.12,182.6,0.08,1,4.132,667.9,1,4.0185,0.27991,3.07901,0.04959,97.96,753.9501434147317,94759789,67.94891449561085,265.98442919441135,65.34197472973787,67,94.55197599345212,382.00784323248416,1.0,1.0
37,0,mild,5913.5,4.303,1.0800450070032448,1.212495554469449,29.95,58.79,28.46,0.536,1,2,1.185,0.764,13.3,10.74,146.78,0.209,1,40.82,15.2,0,,,,,,,270639508,65.50255765633518,42.99624911065804,6.614234188713299,0,,,,
788,2,mild,5615.8,4.389,0.9371323271177828,1.0230126078697177,23.89,69.91,38.77,1.371,1,3,1.3,0.749,11.5,-7.22,196.56,0.191,1,30.29,16.2,1,17.3638,0.19231,2.11541,0.12842,78.09,356.5674093799069,656808116,64.01614013614196,85.10365472466336,8.913603155605047,15,70.42048330694865,117.1465260023814,1.0,1.0
1311,3,strong,5491.3,4.251,1.1690725780794338,1.3289237738254556,19.78,87.02,67.46,1.735,1,3,2.243,0.485,21.1,-6.4,318.68,0.106,1,1.258,474.0,1,23.4838,0.09386,1.03246,0.16907,94.53,50.33392994023628,908054026,66.27841572551186,301.60283968600817,214.62085817430597,11,3.3913218061008563,15.80059363822628,0.0,1.0
851,2,mild,5261.0,4.266,1.1690725780794338,1.3146634695028483,33.67,85.47,9.64,1.288,1,1,1.45,0.753,25.3,-8.97,25.55,0.193,1,28.92,31.6,1,8.9464,0.22444,2.46884,0.08885,206.85,294.08387448737204,879555560,66.10697987885852,70.07451013037544,9.335858906752312,30,88.82531938310439,129.44246680814084,1.0,1.0
259,0,mild,5702.2,4.205,1.1831295629862006,1.422558615246342,27.93,78.78,6.55,0.92,1,3,1.187,0.729,17.0,-7.29,243.72,0.211,1,35.83,15.2,0,,,,,,,1527732424,67.61521935133675,58.47398553607943,7.5353904432954755,0,,,,
1226,3,strong,5687.9,4.223,1.194843717075173,1.3992943221597969,9.15,52.73,137.23,1.619,1,3,2.25,0.552,7.3,7.59,138.58,0.066,1,5.866,186.1,1,27.0093,0.15662,1.72282,0.18695,172.99,126.40847080359464,1969413749,67.04605751945242,197.17855607964125,46.026771152962304,9,11.954148186592224,37.13324602394788,1.0,1.0
1171,3,strong,5631.7,4.425,0.9066755264864548,0.9651213587734176,14.34,67.9,36.34,2.578,1,3,2.44,0.531,14.7,-1.09,175.2,0.093,1,2.647,860.7,1,16.0308,0.20344,2.2378400000000003,0.12043,283.48,448.3412750656731,1839775455,64.5402284423548,361.8600269912594,101.99963716784168,16,25.534066787224905,145.42203492458495,1.0,1.0
804,2,mild,5372.2,4.462,0.9066755264864548,0.923875733591034,21.91,46.49,40.0,0.685,1,3,1.637,0.656,10.6,0.44,284.57,0.179,1,41.26,19.4,1,27.3178,0.14856,1.63416,0.17181,37.79,260.901480398914,2007005714,63.11634740445767,81.57921882148389,6.543699456695999,9,42.465885655600125,69.39776961323739,1.0,1.0
1378,3,strong,6156.2,4.325,1.140958608265676,1.216497857707295,9.12,77.39,143.4,2.974,1,3,2.117,0.583,7.4,-1.27,95.94,0.115,1,1.314,819.2,1,7.8186,0.22122,2.43342,0.08056,135.29,333.6767610496562,1362249751,69.87512662499513,319.97188049257886,205.4741549340007,34,29.80483237812096,139.69863361348993,1.0,1.0
583,1,strong,5872.8,4.279,1.108158976816778,1.2651359327139582,10.86,56.23,105.5,1.305,1,3,2.29,0.486,11.3,-0.32,86.47,0.109,1,4.7,586.5,0,,,,,,,240573575,66.14145262919256,323.9381422592269,57.44532757090997,0,,,,
24,0,mild,5450.9,4.384,1.0121029132872053,1.0658026847919673,22.46,32.82,7.06,2.173,1,3,1.27,0.718,11.9,-5.48,139.19,0.159,1,39.63,16.2,0,,,,,,,716461466,63.84742326697975,39.0751294200359,6.812844804019098,0,,,,
510,1,strong,6172.1,4.357,1.030845559829561,1.113585428544172,11.9,49.94,111.89,3.764,1,4,2.188,0.486,9.5,17.95,152.62,0.084,1,5.646,179.0,0,,,,,,,1024035505,64.79608206635194,245.83440890459795,47.82023372002779,0,,,,
783,2,mild,5334.9,4.456,0.9066755264864548,0.9292294737245288,29.28,61.13,17.44,1.376,1,1,0.6,0.79,13.2,-4.97,355.64,0.184,1,60.31,16.3,1,27.9562,0.35468,3.90148,0.17448,267.95,1470.033828119438,1653513830,64.85029977227636,157.542003253449,4.476754096887363,9,145.84061575412824,383.1359869044748,1.0,1.0
1288,3,strong,6243.0,4.467,1.1093303922256754,1.036031135945384,16.45,66.76,36.71,2.848,1,2,2.43,0.441,13.1,-0.62,196.28,0.088,1,2.237,1220.6,1,40.4501,0.30396,3.34356,0.23873,174.3,868.534629266666,296699642,65.74905670301163,431.6088467266924,120.69425104303838,6,29.81061358703492,197.9489689522866,1.0,1.0
1184,3,strong,5472.1,4.407,0.9418179887533716,1.0069576008015118,20.84,24.15,25.43,3.403,1,2,2.715,0.484,22.1,18.62,107.15,0.133,1,3.48,240.5,1,6.0945,0.12146,1.33606,0.06401,226.94,146.80608829665772,147092535,63.61415226158954,159.44975915472872,77.5842067768037,44,25.646277380357127,69.20985264890913,1.0,1.0
858,2,mild,6338.1,4.393,1.129244454176928,1.1206003915295086,33.56,83.74,27.22,1.176,1,3,1.147,0.664,17.8,-4.46,197.72,0.166,1,37.31,21.0,1,4.1541,0.17694,1.9463399999999995,0.05266,49.98,251.5650986469404,709315847,64.63667122134095,89.21040753338448,7.236479216919776,64,79.30237745952329,135.16121777264487,1.0,1.0
446,1,strong,5677.2,4.223,1.194843717075173,1.3954401755357515,14.78,66.05,54.39,1.788,1,5,2.546,0.504,18.2,-20.34,228.95,0.096,1,2.676,371.1,0,,,,,,,1436266336,66.69434375450295,355.08685111904526,100.89425993395996,0,,,,
389,1,strong,6286.7,4.344,1.0847306686388336,1.1604831887183549,20.11,62.71,62.19,3.068,1,2,1.99,0.449,24.9,-10.09,154.53,0.066,1,1.973,277.1,0,,,,,,,1422047542,65.04784103972256,204.78045752757004,136.84391261189907,0,,,,
346,0,mild,6335.9,4.334,1.1433014390836949,1.205118596566895,29.73,23.65,38.06,1.602,1,1,1.3,0.63,8.0,15.37,241.66,0.121,1,30.24,18.5,0,,,,,,,432036405,65.61514706157325,50.60735272167302,8.928341256060744,0,,,,
1376,3,strong,5809.8,4.473,1.101130484363395,1.0064711453548494,19.29,70.03,78.29,1.009,1,5,2.382,0.556,21.0,11.24,125.06,0.093,1,1.695,147.1,1,4.8346,0.18788,2.06668,0.05778,141.77,351.60766014407346,613364752,63.42535595944717,243.17096796811148,159.28792895768547,55,43.96505374701839,174.20002194157635,1.0,1.0
619,1,strong,5883.7,4.262,1.0437311293274305,1.2502730045770207,15.95,62.72,37.44,2.702,1,5,2.088,0.554,14.7,-2.09,172.25,0.102,1,3.656,217.6,0,,,,,,,127043251,66.51776127188425,197.82220288835023,73.84929966719827,0,,,,
580,1,strong,5434.2,4.389,0.948846481206755,1.027637443446992,14.45,78.55,137.77,1.353,1,4,2.63,0.501,16.2,2.09,310.62,0.107,1,3.243,221.9,0,,,,,,,215800709,64.4750485097201,393.3394988506988,83.25409792885503,0,,,,
904,2,mild,6114.3,4.225,1.190158055439584,1.3930146655174167,29.64,72.59,20.92,0.947,1,2,1.36,0.703,20.8,-15.79,103.68,0.168,1,67.37,35.6,1,39.7649,0.30513,3.35643,0.24162,143.78,484.12590620062593,2076397281,67.20251201592147,73.80908661621228,4.007615252831777,6,83.05431345486186,123.36519481155064,1.0,1.0
387,1,strong,5227.1,4.291,1.1878152246217897,1.2880345879225326,16.7,10.22,33.11,3.336,1,3,2.05,0.517,19.7,-1.43,156.59,0.085,1,2.614,105.0,0,,,,,,,16028432,65.10620194944298,106.30196829788018,103.28731430117708,0,,,,
219,0,mild,5425.0,4.368,1.0238170673761682,1.0974561851322575,32.64,47.28,24.18,1.374,1,1,0.57,0.703,22.5,-3.66,214.09,0.215,1,36.62,29.5,0,,,,,,,959025717,64.39757383561258,39.49015789463157,7.372830136080745,0,,,,
263,0,mild,5371.4,4.373,0.9863317742915458,1.068000184326068,23.6,30.37,5.58,0.66,1,3,1.163,0.723,14.1,-2.33,147.71,0.2,1,79.51,96.9,0,,,,,,,1923441155,64.04265016668052,41.45314424191067,3.395711729131893,0,,,,
215,0,mild,5934.3,4.515,1.016788574922794,0.9314673116172068,28.5,76.36,7.48,1.19,1,2,0.935,0.664,16.4,-2.55,184.05,0.172,1,31.01,67.8,0,,,,,,,1583021322,63.48078209981209,41.31477551646665,8.706644294849301,0,,,,
273,0,mild,5290.3,4.434,0.9207325113932217,0.9674053847264288,24.63,80.81,5.15,0.811,1,2,1.335,0.717,7.0,5.64,286.17,0.205,1,27.17,41.9,0,,,,,,,1487651044,63.35936680732106,55.79948599625196,9.937174809837204,0,,,,
0,0,mild,5726.7,4.501,0.9781318664291856,0.9190898795385184,30.46,81.16,6.08,2.451,1,3,1.62,0.7,12.4,5.11,269.99,0.202,1,26.19,24.9,0,,,,,,,191664964,62.18688868621832,67.94218480822101,10.30901258431756,0,,,,
28,0,mild,6055.9,4.471,1.030845559829561,0.9688073544177326,32.98,48.01,23.27,2.102,1,1,0.85,0.732,23.6,0.59,243.82,0.121,1,20.84,22.8,0,,,,,,,2000519686,62.76609562938935,41.206936338236105,12.955520133554552,0,,,,
1183,3,strong,5249.0,4.336,1.0905877456833195,1.1768055031022375,11.28,58.16,62.51,2.838,1,2,1.685,0.511,10.2,-3.19,36.52,0.124,1,2.116,1035.7,1,13.6222,0.12772,1.40492,0.1149,280.53,118.85249982225196,1531117248,66.62830065441074,344.023573899844,127.59595443444086,19,8.063089622001465,42.40596892334797,1.0,1.0
1084,2,mild,5407.7,4.455,0.9019898648510196,0.9309159474976652,28.88,53.5,12.87,1.617,1,1,1.11,0.642,12.9,14.31,189.78,0.181,1,70.51,84.6,1,6.9621,0.28969,3.18659,0.06894,177.87,977.115604907844,921977892,66.2357159103485,163.71072214170084,3.829145363541013,38,152.68752684549978,407.1061555118271,1.0,1.0
1107,2,mild,5260.4,4.319,1.0812164224121417,1.1886224707091904,27.22,62.65,18.37,2.172,1,1,1.49,0.647,18.4,-18.11,28.75,0.241,1,59.59,59.6,1,26.1099,0.13484,1.48324,0.17679,357.03,129.85225541754795,1526186561,64.77349944774501,49.80318761004217,4.530844765619682,10,30.74541775504015,38.782876898813775,1.0,1.0
111,0,mild,5777.7,4.4,1.0355312214651498,1.0625327525317525,20.74,43.01,11.59,1.666,1,2,1.45,0.694,9.8,9.96,218.98,0.206,1,22.67,30.2,0,,,,,,,1485730251,64.02974581319086,49.43278689388821,11.909706201291437,0,,,,
606,1,strong,6061.6,4.306,1.0905877456833195,1.215018318360475,12.92,83.9,33.08,3.374,1,5,1.862,0.551,11.0,17.42,247.0,0.098,1,1.187,854.8,0,,,,,,,2038553378,67.90411610456643,331.6587062772902,227.4583315781608,0,,,,
166,0,mild,5571.1,4.271,1.1655583318527425,1.306281971678939,24.76,69.85,5.94,0.817,1,2,1.34,0.663,8.1,5.4,225.95,0.188,1,32.94,31.2,0,,,,,,,2024747215,66.00929629665221,38.46171696331919,8.196510005563962,0,,,,
650,1,strong,6004.1,4.221,0.9816461126558772,1.2688992122541063,12.3,6.76,75.34,1.862,1,2,2.03,0.534,10.4,1.54,198.36,0.08,1,1.144,353.7,0,,,,,,,1161029372,67.35321026440829,150.07414794644345,236.00790173363364,0,,,,
12,0,mild,5398.6,4.3,1.1561870085815644,1.2572141610399028,22.3,87.52,6.36,0.542,1,1,0.76,0.63,12.4,-4.25,114.48,0.208,1,40.25,58.5,0,,,,,,,1965520740,65.51531635031641,39.6570615723508,6.707901604553463,0,,,,
1457,3,strong,6152.3,4.493,1.0941019919100112,1.0032833263319128,8.74,56.46,54.02,1.771,1,2,2.385,0.546,7.5,-7.62,219.87,0.081,1,3.386,130.3,1,27.5417,0.10537,1.15907,0.18392,45.73,111.29781871146793,202899036,63.19653566125971,101.69562212024113,79.73805067432866,9,15.78270199940476,29.9019201261194,1.0,1.0
526,1,strong,5274.3,4.338,1.0905877456833195,1.1771708197157238,19.6,65.02,113.48,1.136,1,2,2.56,0.538,15.1,4.47,20.22,0.125,1,3.079,125.6,0,,,,,,,1500365469,65.40379511480701,239.61255533014676,87.68854809460112,0,,,,
1114,2,mild,6392.6,4.498,1.096444822727806,1.0358469882241317,32.47,89.02,14.71,1.404,1,2,1.105,0.767,15.4,-3.65,178.87,0.184,1,39.59,47.5,1,23.8739,0.30041,3.30451,0.16732,343.55,848.6672389621297,1598783964,63.76101480968708,104.9618403368678,6.819728203669534,11,128.6526743504024,247.79903802440828,1.0,1.0
1026,2,mild,5766.0,4.393,0.9605606352957272,1.03211362381327,34.38,52.47,7.69,1.754,1,3,1.493,0.685,19.8,-1.74,205.59,0.173,1,20.41,33.9,1,6.6195,0.10193,1.1212300000000002,0.06808,68.17,98.41219287688196,1391618037,64.23338859560228,90.42499886771348,13.228468377426598,40,25.95640911859408,44.82108665228087,1.0,1.0
160,0,mild,6048.7,4.546,1.030845559829561,0.9412082390886132,34.57,61.86,33.79,2.011,1,2,0.915,0.714,19.4,0.44,170.51,0.161,1,39.14,15.6,0,,,,,,,1114739577,62.81004164256947,47.052039950389855,6.8981359116831085,0,,,,
831,2,mild,6209.4,4.305,1.091759161092217,1.2170644824354455,32.8,50.36,9.8,0.968,1,1,0.85,0.641,19.8,3.42,45.53,0.139,1,53.1,19.8,1,42.1086,0.35188,3.87068,0.24391,128.61,843.4549116138156,908291383,65.97949004538532,89.7005801146266,5.084614681417643,6,124.17959620908448,209.5767738567905,1.0,1.0
319,0,mild,5914.5,4.538,1.016788574922794,0.9234786670975028,21.79,68.89,18.61,1.934,1,2,1.145,0.705,7.3,-2.11,62.8,0.215,1,45.8,29.0,0,,,,,,,1496517036,62.79279987260585,43.29636043980512,5.895044532385958,0,,,,
254,0,mild,6005.1,4.359,1.065988022096431,1.1296842317951408,24.32,79.98,5.72,1.2,1,1,1.49,0.778,9.3,6.81,53.74,0.163,1,72.54,21.7,0,,,,,,,1523395531,64.56850257138464,42.00200785502725,3.7219884144372326,0,,,,
373,0,mild,5447.7,4.489,0.9371323271177828,0.9175635416996052,21.39,78.37,14.52,1.541,1,2,1.425,0.711,14.1,-11.26,112.06,0.192,1,50.77,36.1,0,,,,,,,852850467,62.73553950139373,63.14858693941056,5.317964143850244,0,,,,
1049,2,mild,5302.6,4.427,0.9207325113932217,0.9674053847264288,23.99,82.64,23.76,1.539,1,1,1.1,0.713,19.1,-13.95,199.88,0.182,1,27.14,59.4,1,15.7046,0.23374,2.57114,0.1194,90.6,589.0456603226121,1923301500,63.485783076269,89.14277526548783,9.94815915929539,17,115.58599824853717,199.25103173903196,1.0,1.0
689,1,strong,5320.9,4.205,1.1936723016662756,1.3880284091234625,12.97,62.54,111.68,4.68,1,2,2.18,0.504,12.5,-18.66,280.94,0.079,1,4.045,115.3,0,,,,,,,2123323420,66.64764639505204,164.32604625884014,66.74735218375201,0,,,,
397,1,strong,6047.7,4.463,1.112844638452367,1.0295569768985,11.43,51.81,50.61,1.479,1,2,1.985,0.558,8.1,25.02,220.82,0.08,1,1.523,152.4,0,,,,,,,1832291406,63.45180664722303,115.79740714143438,177.27711069158036,0,,,,
1146,3,strong,6267.1,4.471,1.096444822727806,1.0290457566398423,20.93,67.09,139.92,4.701,1,4,1.887,0.514,18.6,-5.57,179.58,0.09,1,1.107,127.1,1,13.8951,0.10755,1.1830500000000002,0.11664,33.36,110.2176988084516,832388428,63.70580985598316,243.3207591630405,243.89615138507395,19,9.764847083546622,38.55340545670364,1.0,1.0
1177,3,strong,6295.5,4.473,1.096444822727806,1.032693969222968,13.14,59.36,46.23,3.718,1,5,2.278,0.548,12.2,0.79,209.49,0.102,1,2.867,152.2,1,31.1775,0.19274,2.12014,0.19991,133.42,351.4797508183675,1345859611,63.754443947416846,248.7044670091077,94.17266814903276,8,22.689255003512155,91.37209175180078,1.0,1.0
649,1,strong,5950.1,4.478,1.0706736837320667,0.9890201816425208,13.51,46.69,38.78,4.056,1,2,2.465,0.549,16.6,-8.7,327.21,0.057,1,3.356,176.5,0,,,,,,,11994814,63.039358262045,132.51723061812794,80.45084612135783,0,,,,
1428,3,strong,5622.8,4.367,0.974617620202494,1.070266746677168,19.87,89.77,70.31,4.406,1,2,1.875,0.476,24.2,16.58,256.24,0.09,1,1.792,273.6,1,6.6699,0.18501,2.03511,0.06875,260.97,301.5131266924445,812397841,65.39366908157118,216.30934131211893,150.66575869602502,40,39.70215183281847,137.196972942672,1.0,1.0
885,2,mild,5487.0,4.341,1.065988022096431,1.1512255432703058,29.35,40.44,19.58,0.561,1,2,1.82,0.697,15.5,8.93,102.6,0.168,1,35.62,19.8,1,40.904,0.12109,1.33199,0.23734,318.51,111.6337737830493,148649440,65.24853286838864,72.26089250038221,7.579815822102103,6,18.26653054809436,27.25629072726614,1.0,1.0
1218,3,strong,5936.8,4.347,1.0027315900160276,1.1117644321455111,8.85,10.14,68.0,1.917,1,4,2.2,0.564,10.4,21.18,289.37,0.092,1,1.687,678.3,1,5.247,0.16876,1.85636,0.05915,230.51,232.49486423877192,1479015866,66.2020038263364,258.5628850582678,160.04329554432536,51,28.52476944432704,115.00196311398112,1.0,1.0
823,2,mild,5363.8,4.318,1.0812164224121417,1.191635225379027,22.98,88.48,27.29,1.959,1,1,0.62,0.625,7.7,-4.0,349.74,0.182,1,59.98,16.1,1,4.426,0.18541,2.03951,0.05415,27.63,244.275282695173,1192679762,65.38279856640324,64.0021092803443,4.501384454539461,61,95.02175412738517,132.96976056046805,1.0,1.0
1228,3,strong,5789.7,4.498,0.9418179887533716,0.9056847771871052,18.87,88.92,36.82,1.202,1,2,2.44,0.444,11.8,3.77,263.85,0.117,1,5.075,353.1,1,7.7698,0.17663,1.94293,0.07526,90.08,383.7732356339873,848014146,63.10500214718811,316.6886063118348,53.20059893266539,34,30.94134120235892,158.3299914109322,1.0,1.0
1014,2,mild,6042.2,4.41,1.0812164224121417,1.073007456216816,26.73,37.34,20.36,0.813,1,2,1.155,0.669,10.3,10.46,202.94,0.186,1,28.21,57.5,1,11.157,0.23901,2.62911,0.10029,128.27,500.6411532862226,464223262,64.57448540082446,83.58917510088222,9.570827351410028,24,117.1338709000404,191.600014512921,1.0,1.0
1439,3,strong,6148.7,4.269,1.1093303922256754,1.2759105357417138,10.86,73.37,38.26,4.158,1,4,2.103,0.557,8.2,6.42,276.36,0.127,1,2.365,274.6,1,30.0837,0.18113,1.99243,0.19597,92.56,203.34814228322327,57590280,67.16828742623147,189.46696904352328,114.16196176882742,8,18.489143857963125,55.33415089321842,1.0,1.0
1219,3,strong,6115.5,4.519,1.0472453755541222,0.9626988264973784,20.48,88.26,38.17,2.69,1,4,2.143,0.536,23.8,-4.1,124.87,0.104,1,4.228,475.1,1,12.815,0.11977,1.31747,0.10883,160.59,156.17628804849596,1487514529,62.9003289586243,277.3536855907131,63.85833481156028,21,12.371076673663472,55.934431630944914,1.0,1.0
124,0,mild,6089.0,4.475,1.0683308529142723,0.991586242024223,22.05,84.68,11.33,2.286,1,1,0.95,0.72,8.8,-1.6,65.35,0.155,1,41.68,37.6,0,,,,,,,919986586,62.62720119588388,35.9267435218982,6.477760066777276,0,,,,
1241,3,strong,6099.6,4.458,1.030845559829561,0.9921551723316394,18.18,79.49,104.81,2.878,1,3,2.343,0.508,17.1,-17.85,250.62,0.111,1,1.232,453.9,1,16.3101,0.29222,3.21442,0.12715,336.57,875.307305918562,1714511612,65.15273207019901,277.69640233265966,219.15019446694552,16,63.93893698056884,279.9230776652699,1.0,1.0
1201,3,strong,5771.9,4.335,0.9219039268021187,1.08081626517241,12.17,48.59,27.57,1.805,1,4,1.94,0.475,10.9,3.75,167.9,0.097,1,1.253,201.8,1,5.8601,0.10618,1.16798,0.06191,350.44,97.38264824794278,93435700,65.15002388230108,250.09015939194185,215.47728617979,46,11.935364383891232,47.34515777380932,1.0,1.0
75,0,mild,5505.7,4.247,1.194843717075173,1.3720068628213131,34.16,58.3,11.54,0.949,1,3,1.313,0.71,18.9,1.52,242.02,0.163,1,54.9,24.0,0,,,,,,,880573064,66.84932547149764,50.08408888902167,4.917906003338377,0,,,,
717,1,strong,5737.6,4.3,0.9183896805754272,1.1229894026791083,19.78,60.49,70.24,2.134,1,3,2.463,0.522,19.7,4.81,119.33,0.094,1,3.919,585.3,0,,,,,,,1842576766,66.48183192646569,281.11850503562937,68.89335023814158,0,,,,
1469,3,strong,5487.1,4.48,0.9277610038466048,0.9209084926958896,17.31,44.81,37.27,4.126,1,3,2.093,0.544,13.8,15.65,219.97,0.084,1,1.594,484.7,1,35.7183,0.13647,1.50117,0.20702,238.4,221.58548532972355,928883478,63.07334548068419,203.4786740537164,169.3808278439629,7,16.01710012321017,54.09772062770872,1.0,1.0
1115,2,mild,5521.5,4.261,1.173758239715023,1.3249512959737453,27.48,17.46,32.56,1.131,1,2,1.455,0.716,12.1,-7.45,146.5,0.195,1,64.46,27.3,1,24.0598,0.21696,2.38656,0.17205,2.95,270.5573882692004,2004688394,66.30359863608452,56.9693481501208,4.188536139982577,11,64.51551434620188,85.05920350933043,1.0,1.0
1221,3,strong,5445.8,4.385,1.0355312214651498,1.0778250393169724,20.2,52.82,52.5,2.174,1,3,2.233,0.537,25.2,-3.87,169.27,0.128,1,3.999,431.6,1,37.5746,0.12193,1.34123,0.22212,125.05,129.12920954535304,1631523274,64.18402620662631,253.79135276198065,67.51513868048934,7,8.136683774454463,33.18636659695336,1.0,1.0
485,1,strong,6062.7,4.402,1.0449025447363278,1.0668120432255843,21.77,31.07,29.62,3.192,1,4,2.183,0.57,19.2,7.47,216.44,0.104,1,1.315,140.7,0,,,,,,,1863651572,63.79539584847876,189.7735924166112,205.3179008237847,0,,,,
876,2,mild,5650.2,4.305,0.9254181730288104,1.120503303074367,34.35,47.36,25.6,2.345,1,3,1.333,0.724,17.8,-1.19,154.52,0.211,1,20.18,75.9,1,7.4191,0.1601,1.7611,0.07255,301.69,205.99480300471257,1024480566,66.02188775193854,69.38417620715414,13.379238829696574,36,63.7837146185973,92.52920589565107,1.0,1.0
1024,2,mild,5823.6,4.481,1.0027315900160276,0.951814800935094,20.82,68.64,25.28,1.366,1,3,1.18,0.759,9.6,2.02,137.38,0.187,1,51.09,19.2,1,34.3893,0.21278,2.34058,0.20715,175.04,504.2623965317777,1071056268,62.6062532006496,70.44084959063815,5.284655305994849,7,82.16685573569337,123.68614244351328,1.0,1.0
1200,3,strong,5940.8,4.285,0.995703097562644,1.1895234536884187,16.86,30.16,91.87,1.891,1,3,2.163,0.541,18.8,7.68,177.36,0.114,1,2.518,180.9,1,30.959,0.17627,1.93897,0.19268,278.46,221.56985445255532,1625894770,66.7013839640782,171.19889330690947,107.22519443339034,8,21.772732772266057,59.97459508145012,1.0,1.0
1013,2,mild,5434.1,4.541,0.9254181730288104,0.8576057355377524,24.66,31.31,10.2,1.36,1,1,0.99,0.788,6.0,-11.29,84.63,0.151,1,75.12,37.7,1,17.3967,0.19339,2.12729,0.12805,183.28,513.0888242630904,1735989200,60.60320837795432,65.54874829983024,3.594156543973334,15,110.94511561158596,163.42746201256526,1.0,1.0
73,0,mild,5368.1,4.437,0.9207325113932217,0.9638560245768406,32.22,78.77,8.16,1.052,1,3,0.843,0.708,14.0,-0.85,259.34,0.166,1,56.34,21.9,0,,,,,,,2136368731,62.52684179455931,35.29022573412149,4.792208725297779,0,,,,
214,0,mild,6396.3,4.322,1.1714154088972284,1.236530865356846,24.28,75.82,12.83,2.213,1,3,1.107,0.686,11.6,-0.48,184.9,0.204,1,25.22,21.3,0,,,,,,,729370708,65.47265969352593,51.61641914456935,10.705513068329774,0,,,,
468,1,strong,6348.0,4.403,1.096444822727806,1.090197856061491,15.11,71.87,53.58,3.805,1,5,1.942,0.506,11.7,1.33,141.9,0.105,1,1.259,235.4,0,,,,,,,1979018030,63.89093230163452,197.33928031230013,214.45038886678068,0,,,,
1056,2,mild,6280.7,4.315,1.1468156853103866,1.2334221973843231,25.33,54.35,6.15,0.632,1,1,0.7,0.682,7.9,5.9,339.16,0.143,1,20.35,37.5,1,21.038,0.18016,1.98176,0.15611,333.69,215.27475743658889,1135290138,65.71539317216902,44.41024704575496,13.267471232593458,12,55.9701177190364,67.55250526609751,1.0,1.0
72,0,mild,6247.5,4.511,1.0636451912786833,0.998001423223508,24.72,24.52,11.53,1.036,1,2,1.25,0.737,12.1,-2.98,69.68,0.194,1,25.51,48.4,0,,,,,,,1654733208,62.989359287069135,36.6372416731349,10.58381182215903,0,,,,
642,1,strong,6202.6,4.538,1.0636451912786833,0.9969272807916868,12.13,23.58,101.99,4.254,1,3,1.957,0.602,10.7,17.47,175.55,0.092,1,1.222,152.5,0,,,,,,,1994937981,63.028611827199086,163.91368855751318,220.94356758042295,0,,,,
522,1,strong,5430.7,4.297,1.0636451912786833,1.211995879598586,8.91,55.58,79.07,3.628,1,5,2.194,0.541,8.3,9.97,163.78,0.084,1,1.071,107.8,0,,,,,,,1976543906,65.98643854341822,183.27071451470889,252.09434134759744,0,,,,
92,0,mild,6139.4,4.53,1.0472453755541222,0.96334272354702,20.33,10.3,17.46,2.028,1,1,1.68,0.734,15.4,-18.31,160.18,0.248,1,42.69,17.1,0,,,,,,,1584884939,62.94313127492323,34.727955094132135,6.32450315257149,0,,,,
1474,3,strong,5250.8,4.318,1.0472453755541222,1.168369520028635,21.82,31.25,140.73,4.937,1,5,2.528,0.521,21.7,7.25,145.69,0.11,1,3.866,105.5,1,19.6755,0.26148,2.87628,0.14485,274.78,505.3780755029855,1034149979,65.17413322834847,241.4122376497388,69.8378271037964,13,42.38763967617563,162.629612700537,1.0,1.0
331,0,mild,5232.3,4.312,1.0531024525987964,1.1840485319689935,22.88,73.21,39.07,1.106,1,1,0.8,0.687,12.9,-5.42,225.35,0.222,1,39.02,53.5,0,,,,,,,1338655245,65.6633064109053,51.294146325257664,6.919350066203918,0,,,,
672,1,strong,6338.9,4.376,1.1843009783950975,1.1688615906915076,20.43,44.99,33.47,1.731,1,4,2.047,0.483,21.4,8.91,104.11,0.082,1,2.37,158.1,0,,,,,,,1454947430,64.85458324078421,186.74750086775563,113.92111374821808,0,,,,
763,2,mild,6143.6,4.357,1.140958608265676,1.1721546060176151,28.19,24.78,7.65,1.324,1,1,0.82,0.772,11.8,-1.04,25.48,0.226,1,33.01,17.3,1,25.6734,0.26185,2.8803500000000004,0.17797,310.27,503.5414680271557,842432788,64.49151882376857,67.45281913666152,8.179128736239832,10,102.44607301971791,148.2442384940013,1.0,1.0
191,0,mild,6302.6,4.482,1.096444822727806,1.0327498913742568,21.56,41.56,6.61,0.639,1,2,0.65,0.764,9.1,-10.3,238.56,0.181,1,23.16,31.4,0,,,,,,,601789576,63.66804088492079,32.26840769247645,11.65773055195496,0,,,,
900,2,mild,6030.9,4.369,1.0730165145498611,1.1216078082155745,28.5,34.23,18.74,0.973,1,3,1.21,0.712,15.7,-7.32,235.61,0.203,1,56.69,37.3,1,14.3458,0.32234,3.5457400000000003,0.11829,52.13,833.3860705512137,1196368841,65.09291456539404,122.3075822386392,4.762621971834131,18,137.42483370731506,292.5091795375781,1.0,1.0
1191,3,strong,5936.7,4.457,1.0542738680075054,1.005736058689903,9.18,81.36,92.96,4.152,1,4,1.833,0.509,9.9,9.52,234.31,0.101,1,5.429,137.4,1,11.2257,0.13898,1.5287799999999998,0.09986,334.61,192.67991874229585,696735587,63.0399301104856,154.592388155202,49.73163374162403,24,27.75794432577425,73.51266759619045,1.0,1.0
1186,3,strong,6046.9,4.399,1.140958608265676,1.119342920799293,12.47,68.05,80.37,4.469,1,3,1.9,0.479,16.9,5.52,144.95,0.118,1,2.412,161.8,1,3.7094,0.09459,1.04049,0.049,341.93,72.05498286132942,1213753801,64.24911982251527,200.5811200890175,111.9374127625526,72,12.33773003070164,40.445242881034055,1.0,1.0
1101,2,mild,5200.7,4.284,1.1468156853103866,1.2823340696447898,34.57,78.22,12.9,2.235,1,1,1.82,0.78,20.5,15.04,323.95,0.135,1,26.43,74.7,1,9.0847,0.14194,1.5613400000000002,0.08919,179.36,123.62523268860548,50215674,65.55823195734413,75.08340929242328,10.215400665277215,29,35.24525681096735,53.587824683649416,1.0,1.0
576,1,strong,5864.9,4.376,1.000388759198233,1.074642822286266,8.53,76.11,29.21,1.087,1,3,2.337,0.508,8.9,5.79,155.86,0.11,1,5.837,1167.0,0,,,,,,,327770671,65.28365299431579,440.6231329227279,46.25544621950949,0,,,,
1215,3,strong,6251.2,4.24,1.0941019919100112,1.3094081639281805,8.24,64.41,48.83,2.564,1,5,1.958,0.515,8.6,-9.95,175.51,0.094,1,3.774,265.3,1,7.3106,0.20186,2.22046,0.07596,345.27,239.80063639430912,163255700,66.81326125616383,185.1400402946839,71.54028605810198,36,37.88967745854488,111.6201983367841,1.0,1.0
746,1,strong,6001.7,4.201,1.194843717075173,1.4482379537570689,17.64,65.57,37.17,4.605,1,5,2.496,0.522,17.5,14.99,222.05,0.087,1,1.076,129.6,0,,,,,,,1098390865,67.88511563090815,315.98273472863946,250.92289924096363,0,,,,
1145,3,strong,5530.3,4.208,1.1936723016662756,1.406894669028047,11.02,26.02,105.42,2.112,1,2,2.485,0.566,13.4,-0.27,294.2,0.075,1,1.334,140.7,1,3.5421,0.29749,3.27239,0.04824,79.32,451.15051503495255,333205536,68.39067820556433,175.99985697083537,202.39358289600963,76,97.75133168127454,269.8828203533757,1.0,1.0
524,1,strong,6070.0,4.475,1.0683308529142723,0.9910178497752004,21.36,47.61,32.57,4.557,1,5,2.38,0.506,22.1,-4.18,172.6,0.095,1,1.784,347.7,0,,,,,,,57236820,62.73110497858081,215.6990293540807,151.34138990093996,0,,,,
1155,3,strong,5899.5,4.32,0.9511893120245496,1.1165385448944445,11.48,84.98,30.65,4.006,1,3,2.367,0.528,13.3,2.09,145.19,0.069,1,3.679,711.4,1,7.7255,0.22561,2.48171,0.07522,179.93,411.9733591416919,2121200175,66.26208028137862,287.0621855050446,73.38761608678361,34,40.31725479520404,179.2561833901494,1.0,1.0
861,2,mild,5632.6,4.519,0.9207325113932217,0.8740212024716607,27.84,82.79,5.57,1.311,1,1,1.03,0.718,14.0,-19.27,160.24,0.184,1,20.82,22.9,1,39.5621,0.2133,2.3463,0.22106,78.34,600.9490553754521,199574472,61.72053009852261,63.71089004662122,12.967965397851914,6,95.83034506503498,137.72710419715767,1.0,1.0
1417,3,strong,5496.9,4.335,1.0894163302746342,1.1737683746559575,18.78,32.71,59.08,3.414,1,3,2.52,0.504,21.0,14.57,138.07,0.099,1,1.837,173.9,1,8.9779,0.17004,1.87044,0.08699,327.45,211.7567519370383,1257050241,65.24836562969374,250.51848167428253,146.97498072034668,30,22.76902132012753,90.33722801636904,1.0,1.0
1102,2,mild,6249.2,4.261,1.0941019919100112,1.2826831149405231,28.27,63.29,15.18,1.401,1,3,1.517,0.69,13.7,5.4,217.63,0.194,1,23.23,20.2,1,3.0435,0.32537,3.57907,0.04235,325.45,649.2562533051374,1062281964,69.61537795784601,168.19201576655885,11.62260179006788,88,148.3238647682228,387.836237531192,1.0,1.0
383,1,strong,5990.1,4.495,1.0613023604607903,0.9730144528869668,17.15,58.35,61.64,2.559,1,4,2.16,0.452,20.9,-5.64,234.55,0.113,1,2.063,582.9,0,,,,,,,369734638,62.83161543421044,270.9073672165135,130.8739891339199,0,,,,
203,0,mild,5833.6,4.317,1.0613023604607903,1.1865888958631587,22.23,50.69,16.84,0.59,1,3,1.117,0.687,12.5,1.56,80.13,0.201,1,63.07,85.5,0,,,,,,,814467427,65.33529198746092,43.53831296163407,4.280847305902598,0,,,,
183,0,mild,5516.5,4.26,1.1690725780794338,1.331344276117417,33.95,69.29,5.47,1.63,1,2,0.925,0.742,15.8,-2.53,154.13,0.228,1,38.91,65.1,0,,,,,,,694868665,66.11113926704436,42.59898734090119,6.938911323137417,0,,,,
103,0,mild,5270.5,4.35,1.101130484363395,1.163780262864324,30.47,32.94,38.91,1.417,1,1,1.34,0.643,19.8,8.94,312.97,0.186,1,47.83,31.3,0,,,,,,,1403875500,64.81207224350219,58.15768965752985,5.64484715833738,0,,,,
1030,2,mild,5294.7,4.422,0.9675891277491108,1.0029737687787732,28.02,72.69,5.06,0.914,1,1,1.36,0.623,19.8,19.02,81.57,0.243,1,39.73,61.9,1,31.3389,0.19721,2.16931,0.19241,262.79,390.1023788133408,352346429,62.88591945688061,58.92473119477688,6.795696943953609,8,75.55871299460283,103.5454247199148,1.0,1.0
767,2,mild,5966.0,4.216,1.1690725780794338,1.3924741663324565,31.12,81.9,19.85,1.161,1,3,1.597,0.713,18.4,-8.03,138.77,0.19,1,33.68,16.9,1,4.0771,0.23416,2.5757600000000003,0.05262,56.88,285.3323462436776,438427879,67.70939631574696,104.31979316655776,8.016420415180429,66,89.39497200189273,164.19871089964204,1.0,1.0
161,0,mild,5397.3,4.447,0.9090183573042492,0.9424838394288834,31.93,83.45,8.04,1.684,1,1,0.96,0.78,16.8,-10.99,118.81,0.235,1,38.42,25.3,0,,,,,,,2059594310,63.1231987961516,36.10345974889992,7.027408630486123,0,,,,
1437,3,strong,5885.7,4.373,0.9511893120245496,1.0512220613302867,10.39,20.37,42.2,2.808,1,5,2.07,0.521,10.6,17.32,155.01,0.073,1,1.355,178.4,1,9.2807,0.20947,2.30417,0.085,176.33,400.64028343432994,725714405,64.89378183294808,214.48339050405968,199.25685578101613,29,47.62735575406897,164.46262292836076,1.0,1.0
847,2,mild,6184.7,4.201,1.0472453755541222,1.3421870221737648,32.4,75.43,5.66,2.241,1,3,1.243,0.627,19.1,4.48,183.57,0.181,1,47.67,23.1,1,14.5549,0.11835,1.30185,0.11848,330.27,78.45314104780563,2027170221,67.83562916161017,72.10224035994966,5.663793572126639,18,19.934638485588398,29.09192992339866,1.0,1.0
548,1,strong,5378.7,4.21,1.1936723016662756,1.3916484807890928,18.11,49.75,44.79,1.674,1,4,2.018,0.495,15.5,-4.97,61.08,0.08,1,2.933,1170.0,0,,,,,,,238081019,67.61001337260869,410.46211450095535,92.0535423059246,0,,,,
129,0,mild,5247.9,4.21,1.1936723016662756,1.3863982481318544,28.38,47.06,9.0,1.693,1,2,1.745,0.688,13.3,13.84,216.49,0.176,1,37.38,24.7,0,,,,,,,1795002062,66.50364848395408,81.76987304395794,7.222927757712061,0,,,,
158,0,mild,6389.0,4.474,1.096444822727806,1.0453497086537211,34.06,45.37,32.65,0.541,1,3,1.313,0.71,12.7,6.9,257.91,0.193,1,72.81,28.8,0,,,,,,,64537063,63.53442795729591,58.78889459766496,3.708186232430667,0,,,,
769,2,mild,5549.0,4.297,1.108158976816778,1.240449520089066,25.04,58.17,8.08,1.496,1,3,1.373,0.683,8.7,1.95,279.1,0.228,1,25.49,16.5,1,32.2866,0.35564,3.91204,0.20535,224.17,829.3978294645677,332421437,66.43701195623484,105.17070763517042,10.59211610762169,8,121.60163562596178,227.68855773599157,1.0,1.0
1006,2,mild,5612.8,4.31,1.0683308529142723,1.193993146446405,34.9,58.05,7.33,2.159,1,2,1.4,0.768,20.6,-10.13,187.61,0.204,1,23.34,21.0,1,37.0162,0.2218,2.4398,0.22221,284.06,348.1924083260225,818809441,64.88567345364416,66.63837324800022,11.567825174947597,7,64.49687556017984,92.45248380604984,1.0,1.0
1312,3,strong,6291.1,4.237,1.1198731309057504,1.3295108599711345,12.88,65.23,70.29,3.961,1,5,2.39,0.556,10.7,2.51,161.41,0.109,1,2.519,220.6,1,6.953,0.11484,1.26324,0.07404,338.06,75.28396280779405,2081136669,67.07727720743098,271.4012963934941,107.18262786156286,38,8.564548677008606,35.6956951758777,1.0,1.0
595,1,strong,6203.1,4.275,1.091759161092217,1.260773548572529,16.39,77.09,104.51,2.277,1,3,2.267,0.485,12.0,-13.88,231.33,0.108,1,1.618,104.1,0,,,,,,,1715742799,66.69524468553672,157.77782905898607,166.86838045938,0,,,,
238,0,mild,5421.0,4.238,1.1854723938039953,1.370544274033866,26.56,86.45,16.18,0.777,1,1,0.96,0.667,12.7,0.38,72.52,0.205,1,23.07,49.8,0,,,,,,,1275686410,66.40448133268019,46.196063384812255,11.70320934474542,0,,,,
41,0,mild,5365.4,4.307,1.1058161459989837,1.220476971866961,28.29,26.78,6.12,2.192,1,2,1.455,0.661,11.0,12.24,244.19,0.157,1,26.64,75.1,0,,,,,,,349763884,65.10534417678208,50.86768503278583,10.134873858231114,0,,,,
163,0,mild,6094.3,4.226,1.1561870085815644,1.3724193115628434,31.49,89.77,25.96,1.303,1,3,1.793,0.741,19.8,-5.19,170.43,0.164,1,40.07,18.5,0,,,,,,,1829580982,66.9954003792902,72.00863704356284,6.738034429330593,0,,,,
197,0,mild,6183.7,4.201,1.0472453755541222,1.3421870221737648,29.3,82.71,34.93,2.076,1,3,1.447,0.677,16.2,-6.01,38.59,0.219,1,20.7,26.5,0,,,,,,,181129281,67.91813718095425,70.09870424163064,13.043142008853955,0,,,,
217,0,mild,5835.8,4.327,0.9558749736601384,1.109998301243305,27.24,89.75,34.16,1.59,1,2,1.62,0.665,15.3,1.47,204.54,0.196,1,53.47,33.1,0,,,,,,,1952709706,65.02802055697964,105.2559766839655,5.049430326973572,0,,,,
126,0,mild,6009.0,4.384,0.9816461126558772,1.053742515218807,29.79,87.21,33.81,0.701,1,1,0.61,0.79,13.9,13.64,356.76,0.208,1,25.03,46.8,0,,,,,,,1092357446,64.02608814108969,49.76634648903798,10.786777450390606,0,,,,
154,0,mild,5727.1,4.294,0.9769604510202644,1.1656835639007743,22.07,25.35,21.37,2.448,1,1,1.61,0.787,5.4,7.68,233.27,0.134,1,22.0,51.6,0,,,,,,,2016136084,65.84582856459096,41.96119939346359,12.272410890148947,0,,,,
734,1,strong,5438.0,4.296,1.091759161092217,1.2306306646454142,12.14,55.96,73.23,1.539,1,2,2.155,0.563,9.1,-4.68,138.65,0.112,1,2.134,1223.9,0,,,,,,,693894608,66.79415288657336,445.3374763685105,126.51969989844278,0,,,,
337,0,mild,5356.1,4.213,1.1936723016662756,1.3901488364083945,22.36,72.72,36.27,1.651,1,2,1.37,0.764,10.9,-5.05,116.73,0.15,1,59.26,67.2,0,,,,,,,775613778,66.6968469401297,58.42517548568755,4.556075592022897,0,,,,
34,0,mild,5426.0,4.211,1.1936723016662756,1.395022407528708,21.66,71.51,18.16,0.983,1,2,1.525,0.774,6.0,1.47,137.91,0.235,1,78.32,21.7,0,,,,,,,192888677,66.25014159648202,45.75536400288679,3.4473064298171208,0,,,,
1161,3,strong,5998.3,4.401,0.9816461126558772,1.033340821303397,20.83,66.72,26.33,4.514,1,4,2.365,0.513,22.0,1.7,109.33,0.068,1,5.944,469.2,1,45.1466,0.32569,3.58259,0.24661,141.54,1002.3549932069546,1888874555,65.04538101246867,384.6914990114451,45.4227859325836,5,36.48297189114597,218.8302697492634,1.0,1.0
1434,3,strong,6264.7,4.539,1.0636451912786833,0.998001423223508,18.33,35.09,41.86,3.25,1,2,2.28,0.465,18.3,5.25,62.68,0.104,1,1.142,222.3,1,31.5166,0.10251,1.12761,0.19933,327.79,106.45597158677528,598981970,63.29637176731316,214.16768040176785,236.4212255545332,8,7.820180339641991,27.59154606704708,1.0,1.0
498,1,strong,6037.5,4.236,1.0905877456833195,1.314854688484988,12.27,37.09,25.79,2.819,1,3,2.403,0.511,11.5,-19.5,304.56,0.106,1,2.521,119.7,0,,,,,,,2111646157,66.82655403500938,86.82649519659878,107.0975960266866,0,,,,
427,1,strong,5988.0,4.287,0.9722747893846996,1.17222174703416,10.83,50.83,47.45,4.314,1,5,2.202,0.551,10.4,-6.97,221.47,0.118,1,1.771,504.3,0,,,,,,,77610782,67.02205067454061,205.61197046612068,152.4523091943969,0,,,,
820,2,mild,6191.9,4.321,1.0683308529142723,1.1818100084304028,23.12,77.63,31.68,1.741,1,2,1.745,0.651,16.6,-3.14,197.96,0.213,1,25.9,41.8,1,10.9694,0.1103,1.2133,0.09877,172.08,87.89326140427467,18009705,65.99526982546779,77.43963264087189,10.424441682752002,24,22.3862075819758,34.51322653669194,1.0,1.0
1117,2,mild,5759.4,4.521,0.9324466654821938,0.8773472373224117,26.4,49.03,6.1,1.693,1,1,1.48,0.8,16.0,-14.49,128.3,0.147,1,24.48,29.1,1,17.0312,0.1628,1.7908,0.12656,62.18,347.4286729823912,962956072,62.26156885568217,52.766279461806846,11.029127433957388,15,82.71579032752568,108.42539503910643,1.0,1.0
313,0,mild,5430.7,4.422,0.9769604510202644,1.002976567648242,22.85,86.81,6.46,2.438,1,2,1.845,0.72,9.9,3.54,49.04,0.19,1,77.14,22.7,0,,,,,,,1534037982,63.43687924500484,85.88971019118787,3.5000394034648283,0,,,,
303,0,mild,6382.4,4.244,1.194843717075173,1.3680577346779932,26.18,45.79,29.38,0.99,1,1,1.71,0.669,5.3,-19.5,327.53,0.176,1,48.69,29.7,0,,,,,,,552557775,67.3009023164836,49.419340821507255,5.545143552747523,0,,,,
740,1,strong,6283.3,4.345,1.0847306686388336,1.1582198397925128,16.99,66.64,31.05,2.016,1,4,2.18,0.509,15.7,-4.69,107.59,0.105,1,1.603,108.1,0,,,,,,,47507837,65.45042773669861,174.72754121096546,168.42984378245595,0,,,,
1076,2,mild,5494.3,4.372,1.0437311293274305,1.100458058027992,22.51,72.23,5.18,1.751,1,2,1.19,0.746,10.7,-8.56,220.21,0.167,1,23.24,46.1,1,26.4564,0.19747,2.17217,0.17626,61.69,324.9040648456443,1371375202,64.16665496154407,53.7496529367335,11.617600670536872,10,72.8398550047097,95.01817080091662,1.0,1.0
149,0,mild,5789.9,4.37,1.101130484363395,1.134164607515857,34.49,73.1,24.1,1.494,1,2,0.555,0.711,10.4,1.42,297.38,0.175,1,73.3,28.0,0,,,,,,,2060899725,64.22321400919695,39.88383497596071,3.683397538653163,0,,,,
1380,3,strong,6181.0,4.488,1.0636451912786833,0.994583463091968,15.89,25.05,29.43,2.603,1,4,2.738,0.497,17.5,2.54,119.55,0.11,1,5.458,194.5,1,48.0434,0.09156,1.00716,0.26401,119.04,85.51237769181654,1100167982,62.744478679375504,188.1759814979635,49.46739457370408,5,5.987815149930521,18.92993254298201,0.0,1.0
431,1,strong,5648.1,4.368,1.0238170673761682,1.0968631999762928,18.09,43.75,89.41,1.811,1,2,2.275,0.483,13.0,4.07,75.97,0.107,1,3.12,383.9,0,,,,,,,237769084,64.67728325021646,249.7833035880461,86.53623063566566,0,,,,
347,0,mild,5559.0,4.313,1.0812164224121417,1.2022507411353562,32.81,18.86,32.05,2.328,1,1,0.68,0.699,12.4,-18.53,228.2,0.235,1,70.24,88.3,0,,,,,,,575694801,65.12459820588101,56.16669288957058,3.843864458759637,0,,,,
377,1,strong,5433.5,4.456,0.903161280259804,0.9285495898900846,12.89,46.44,59.88,1.628,1,5,2.232,0.48,12.2,-2.66,192.03,0.101,1,2.297,335.8,0,,,,,,,1984006539,63.28394755072173,222.37887956663647,117.54159320125244,0,,,,
1458,3,strong,5667.8,4.245,1.173758239715023,1.3456961021701384,9.14,44.24,28.89,1.21,1,2,2.8,0.547,6.7,-10.02,147.88,0.075,1,3.39,113.1,1,26.2362,0.11486,1.26346,0.18228,276.66,73.50950818564925,338920490,66.70456689407776,102.9344984673271,79.64396447884273,10,12.178439376563713,22.39403297814108,1.0,1.0
1436,3,strong,6284.2,4.373,1.0636451912786833,1.1117352362181394,19.9,11.4,71.17,2.586,1,2,1.975,0.608,20.1,6.64,107.66,0.081,1,1.157,153.7,1,36.9135,0.19394,2.13334,0.22148,279.84,307.0661354192619,124867802,65.02032218221802,113.66185790018947,233.3561275568512,7,38.99483491364024,78.53219569279368,1.0,1.0
1028,2,mild,6346.7,4.464,1.096444822727806,1.03863631435951,24.95,77.95,14.44,0.934,1,2,0.945,0.685,6.6,-13.93,92.66,0.228,1,27.02,20.1,1,21.3092,0.16158,1.77738,0.15511,70.92,244.20136310572207,1456406324,63.41798127248213,46.10444186002427,9.992340473104251,12,59.50724182974047,73.57076302029652,1.0,1.0
208,0,mild,5491.2,4.296,1.1561870085815644,1.2642647154370394,32.2,50.11,6.98,1.821,1,3,0.74,0.745,16.5,5.82,158.88,0.205,1,58.08,26.3,0,,,,,,,1390154359,65.10369336901961,36.64443182933408,4.648640488692784,0,,,,
967,2,mild,5979.7,4.528,1.0613023604607903,0.9692971044349776,34.96,58.67,9.93,2.459,1,3,1.067,0.669,23.0,3.11,147.29,0.162,1,39.24,15.5,1,16.5213,0.10673,1.17403,0.12949,194.39,122.33735040361704,345725809,62.56413062872345,65.2305889291557,6.880556564303691,16,27.79967773142528,40.16120864002995,1.0,1.0
1057,2,mild,5389.9,4.366,0.974617620202494,1.070979965614984,29.8,66.67,33.08,1.475,1,3,0.97,0.733,19.8,-3.02,174.75,0.217,1,76.66,56.2,1,20.5426,0.15669,1.72359,0.14554,55.87,215.98308980779728,485747647,64.39310154922339,69.77604956692615,3.5219545993122474,13,46.56030879983342,68.65361897001841,1.0,1.0
1499,3,strong,5966.4,4.365,1.0894163302746342,1.1356507162802627,14.86,55.21,99.7,1.21,1,4,2.09,0.516,11.9,23.57,215.36,0.108,1,5.935,143.2,1,3.6333,0.18271,2.0098100000000003,0.04759,332.78,261.1770180457917,50302804,65.28333470131584,237.56333443572717,45.491666315632166,74,39.20608722647489,147.95827606662513,1.0,1.0
271,0,mild,5873.8,4.259,1.0437311293274305,1.2560647693556743,32.29,33.61,27.36,2.255,1,1,1.99,0.665,12.5,-9.3,198.96,0.152,1,27.89,22.5,0,,,,,,,1339017804,67.07553468812615,46.08199151244895,9.680639640848938,0,,,,
791,2,mild,6213.9,4.463,1.0636451912786833,1.005041269539187,28.05,39.53,12.29,2.162,1,1,1.83,0.629,21.2,12.48,6.5,0.138,1,61.91,29.8,1,3.9922,0.18812,2.0693200000000003,0.05027,119.52,353.5102670626259,1123244157,63.934376598729976,92.27244487122746,4.36105701152119,67,106.32482600251372,186.68812128432444,1.0,1.0
122,0,mild,6250.9,4.545,1.0636451912786833,0.9974886688805212,33.12,76.76,7.06,2.139,1,1,1.09,0.777,20.3,-4.49,292.43,0.189,1,53.48,24.9,0,,,,,,,834616992,63.20731985968189,34.20862127222633,5.048486155259478,0,,,,
10,0,mild,5561.1,4.371,1.0437311293274305,1.0992961779884998,29.94,65.73,36.47,1.073,1,3,1.007,0.696,20.3,-8.79,208.16,0.194,1,46.33,57.2,0,,,,,,,173666039,64.1019605606042,54.67617237991124,5.827607156988493,0,,,,
881,2,mild,5366.1,4.271,1.1714154088972284,1.3147156287691069,21.6,56.14,7.6,1.08,1,3,0.727,0.776,11.5,1.2,138.1,0.14,1,36.49,35.9,1,3.0495,0.15175,1.66925,0.04338,340.19,134.429205017752,466331742,65.72617197579459,48.85966254173736,7.399096727412355,88,68.34663585224129,85.16267856361661,1.0,1.0
884,2,mild,5412.5,4.545,0.9254181730288104,0.8498747363259563,32.67,89.89,24.49,1.842,1,1,1.75,0.705,8.5,0.08,4.93,0.159,1,28.38,21.0,1,14.7233,0.11705,1.28755,0.11457,215.01,191.39600976970453,1569599042,60.28336167657654,70.21937373682097,9.513496814068953,18,42.33977414007297,64.99961833940702,1.0,1.0
1304,3,strong,5678.2,4.527,1.0121029132872053,0.9082191705720846,17.26,81.79,33.51,1.703,1,4,1.935,0.498,16.7,10.69,238.56,0.114,1,1.546,122.3,1,17.2604,0.23527,2.58797,0.13123,223.91,677.098197631203,1674164590,62.14356307464828,182.70850390080912,174.63974099823858,15,68.57271798543076,212.9534370755653,1.0,1.0
1011,2,mild,6348.9,4.269,1.1093303922256754,1.2777667946792244,20.64,68.54,6.5,2.495,1,3,0.883,0.695,10.7,-10.87,83.99,0.182,1,39.2,18.8,1,27.5745,0.20502,2.25522,0.18491,91.43,259.7700899025375,1317165278,66.30461285784708,53.24206558910555,6.887577540389716,9,58.41101016759095,74.91188611898039,1.0,1.0
333,0,mild,6302.0,4.207,1.136272946630538,1.390853690101582,23.59,34.33,21.88,2.014,1,2,1.095,0.759,16.4,-15.95,131.86,0.218,1,25.93,21.8,0,,,,,,,1510942129,67.48381829032174,42.904359243558304,10.412381009767715,0,,,,
505,1,strong,5839.8,4.364,1.0542738680075054,1.1194997411349974,20.02,43.66,57.3,2.658,1,2,2.19,0.483,18.2,-19.42,56.0,0.114,1,2.404,109.5,0,,,,,,,1407506501,64.05750204174619,105.81499630000724,112.30991663197874,0,,,,
428,1,strong,5503.2,4.314,1.0683308529142723,1.1878465320306013,12.28,29.03,68.71,2.651,1,2,2.9,0.508,9.6,-15.77,30.77,0.119,1,3.386,187.3,0,,,,,,,2005900172,64.83891675143053,111.89298116888686,79.73805067432866,0,,,,
1190,3,strong,5970.1,4.289,1.0894163302746342,1.2374738474009683,16.06,47.13,65.92,2.044,1,5,2.262,0.517,13.9,-11.78,180.56,0.106,1,5.898,291.5,1,34.9049,0.12225,1.34475,0.21508,258.09,98.47490238793895,2120526555,65.8371213628634,189.95161324893425,45.777049776750914,7,8.480036876517863,25.894309473317268,1.0,1.0
873,2,mild,5452.4,4.222,1.1831295629862006,1.3848239503105513,27.76,47.73,15.37,1.388,1,3,1.257,0.761,15.6,-5.03,91.62,0.171,1,27.9,16.0,1,27.9342,0.14374,1.58114,0.19056,30.18,108.70913278907894,576830988,66.8026766652162,44.54068775974506,9.677169877536803,9,26.721328529549503,32.11627598761675,1.0,1.0
83,0,mild,6123.1,4.457,1.0472453755541222,0.9981913910895052,20.48,31.05,16.36,0.809,1,3,0.813,0.729,8.5,4.59,330.24,0.192,1,78.93,27.2,0,,,,,,,1172092893,62.8646154050701,35.21053290873193,3.420664380885301,0,,,,
546,1,strong,5397.4,4.499,0.9043326956686604,0.8800752910699579,21.2,74.65,29.88,4.007,1,2,1.81,0.451,22.1,-8.61,270.0,0.097,1,1.191,174.7,0,,,,,,,1143805733,61.15875374319654,163.6146008526971,226.69440771055991,0,,,,
778,2,mild,6006.6,4.376,0.9816461126558772,1.061936082812738,20.59,7.02,7.6,0.781,1,1,0.98,0.762,5.5,-15.03,97.14,0.134,1,26.47,15.2,1,7.7314,0.11928,1.31208,0.07605,178.46,127.30292656401386,1184492290,64.46191217997622,38.05734470449861,10.199963716784168,34,47.57264499653553,55.24481677543411,1.0,1.0
1,0,mild,6019.7,4.461,1.1058161459989837,1.0274383477521531,34.51,78.51,9.85,1.241,1,2,1.265,0.695,15.1,9.49,148.43,0.189,1,29.83,35.7,0,,,,,,,1662057958,62.6694802169117,47.70488485018368,9.051057310870831,0,,,,
581,1,strong,5231.9,4.317,1.0531024525987964,1.1840485319689935,12.82,57.99,64.66,3.759,1,2,2.505,0.519,9.8,-25.52,225.72,0.127,1,2.995,118.0,0,,,,,,,987767837,64.81796875619625,135.55100338007534,90.1479264051008,0,,,,
493,1,strong,5598.7,4.471,0.9886746051092608,0.9569517028843652,11.17,23.42,134.91,2.285,1,2,1.855,0.466,9.3,6.54,112.58,0.072,1,1.402,803.3,0,,,,,,,1538130815,64.53933830091425,300.95832514917385,192.5770610437068,0,,,,
599,1,strong,5638.0,4.239,1.1690725780794338,1.3479873904964543,8.38,47.95,30.07,2.274,1,5,2.094,0.505,9.5,6.04,173.07,0.103,1,4.266,129.9,0,,,,,,,1899394922,66.67022361886235,243.85107408287467,63.289507637898936,0,,,,
1334,3,strong,5791.5,4.513,1.0074172516516164,0.9191753053323508,20.42,61.51,59.76,4.47,1,5,2.242,0.463,15.6,-5.59,246.04,0.108,1,2.572,117.0,1,15.7293,0.16464,1.81104,0.12316,149.87,323.7232568017862,801260208,62.37357022808981,128.33774000462537,104.97396562335804,17,46.79485121734685,107.05264992205927,1.0,1.0
49,0,mild,6323.1,4.499,1.096444822727806,1.033060147194224,24.83,54.29,15.51,1.48,1,2,1.31,0.711,17.5,6.0,219.31,0.211,1,48.89,19.9,0,,,,,,,1954912153,63.127271867591695,49.78638179821612,5.522459390126342,0,,,,
502,1,strong,5406.7,4.226,1.1831295629862006,1.3812757768375614,20.84,88.59,126.02,3.732,1,2,2.87,0.566,22.9,1.45,223.25,0.096,1,1.165,113.3,0,,,,,,,1504566724,67.06505799311071,260.64840800493147,231.7536820457312,0,,,,
8,0,mild,5253.9,4.352,1.0542738680075054,1.1307617736707445,34.89,60.08,31.93,1.997,1,3,1.41,0.705,12.3,3.7,83.14,0.22,1,30.75,44.2,0,,,,,,,388054582,64.08555498411503,80.46114263840397,8.780261449862662,0,,,,
483,1,strong,5606.7,4.492,0.9886746051092608,0.9314764388627584,13.91,63.25,64.32,3.251,1,4,2.31,0.568,10.8,-6.92,290.97,0.099,1,2.481,151.5,0,,,,,,,513687577,61.29991938607456,215.3480933814936,108.82428036407774,0,,,,
327,0,mild,6074.0,4.41,1.1058161459989837,1.0843318999323155,28.38,88.76,23.04,2.499,1,2,1.545,0.728,17.8,2.5,104.92,0.234,1,54.11,18.0,0,,,,,,,1399848054,63.90119320478559,72.80891703731874,4.98970688566396,0,,,,
450,1,strong,5648.0,4.527,0.9558749736601384,0.8794479638215025,21.29,86.36,98.96,1.818,1,2,2.88,0.514,22.1,7.34,225.99,0.091,1,2.435,275.7,0,,,,,,,1432223308,62.23107746524587,368.2616932696696,110.88009839148948,0,,,,
982,2,mild,6027.3,4.258,1.0730165145498611,1.272288986719459,20.08,74.39,12.47,0.653,1,2,1.425,0.689,7.8,-1.72,111.19,0.123,1,31.72,79.1,1,31.2023,0.32092,3.53012,0.19858,168.58,641.9806136750175,956359837,66.8733700799857,87.30674829634965,8.511760390393345,8,107.790230494476,177.2639554721516,1.0,1.0
466,1,strong,5399.0,4.327,1.1151874692701615,1.2010853535832786,14.2,46.52,82.88,4.603,1,4,2.2,0.53,16.9,-14.75,184.6,0.088,1,1.248,104.7,0,,,,,,,289555209,65.4826346724567,182.8460999023771,216.34057658916416,0,,,,
236,0,mild,6239.4,4.208,1.0847306686388336,1.3603011919456849,27.96,87.03,32.15,1.645,1,2,1.27,0.699,15.8,2.93,110.39,0.194,1,37.8,17.5,0,,,,,,,733475157,67.8848566806709,78.22440958011047,7.142673004848595,0,,,,
730,1,strong,5656.2,4.525,0.9558749736601384,0.8831586437898794,17.92,60.35,42.87,1.38,1,5,2.35,0.499,17.3,-11.31,229.66,0.13,1,1.71,140.3,0,,,,,,,950271625,62.25872040307241,279.92095906448446,157.89066642296893,0,,,,
527,1,strong,5668.0,4.267,1.133930115812517,1.296563803070892,19.24,78.27,49.35,4.549,1,3,2.36,0.544,22.2,6.45,127.12,0.096,1,3.439,172.2,0,,,,,,,793494520,65.78157114217646,245.30937918621652,78.50917114954257,0,,,,
1360,3,strong,5245.6,4.351,1.021474236558383,1.111646910657837,9.13,63.24,51.67,3.243,1,4,2.143,0.607,7.3,1.1,213.36,0.088,1,1.989,677.0,1,33.9462,0.26835,2.95185,0.20664,257.0,587.9892019883026,1895000138,65.4392874817002,267.8466411893222,135.74310687947553,7,35.20496133258975,148.3341067410546,1.0,1.0
1064,2,mild,5259.1,4.345,1.0495882063719166,1.1368819241147927,32.86,89.25,7.68,2.37,1,2,0.705,0.669,13.9,0.3,170.07,0.195,1,33.49,37.3,1,3.1738,0.23084,2.53924,0.04295,237.88,415.9980458353847,276459183,66.13893325917597,96.88758217496844,8.061900256293725,85,138.3572190814071,245.4022300619457,1.0,1.0
623,1,strong,6035.2,4.501,1.030845559829561,0.9438316289297554,18.59,68.61,65.26,2.25,1,2,2.695,0.474,15.2,-14.76,180.84,0.102,1,3.468,179.3,0,,,,,,,1524864351,62.80841241399344,245.6519047519417,77.85266423969921,0,,,,
1169,3,strong,6074.0,4.441,1.140958608265676,1.0653949093442434,8.76,46.22,66.36,3.395,1,4,2.33,0.508,9.2,0.96,145.24,0.104,1,3.034,562.6,1,37.6652,0.32591,3.58501,0.22979,159.86,944.2217933863697,33342384,63.982438841723074,258.9997542280822,88.98913631617563,7,57.13619395202871,238.23913918812696,1.0,1.0
1103,2,mild,6308.5,4.35,1.1714154088972284,1.1925181807084275,32.5,26.11,21.82,1.523,1,1,0.75,0.663,24.0,19.32,203.92,0.206,1,22.49,25.3,1,6.5664,0.11699,1.28689,0.07234,184.19,97.11075852799831,1909113568,64.91155768777602,42.5205462398494,12.005026215352462,41,38.49394281326981,46.01749457460071,1.0,1.0
276,0,mild,5747.2,4.244,1.1573584239904615,1.3421044302414962,20.31,36.38,39.51,2.253,1,3,1.393,0.691,9.6,-15.64,128.77,0.193,1,21.09,16.9,0,,,,,,,908128530,66.89306648240661,52.78584962891426,12.80194592618667,0,,,,
716,1,strong,5757.5,4.431,0.9441608195711662,0.9771724276349484,15.21,44.19,111.43,3.034,1,2,2.27,0.525,18.9,-4.88,234.86,0.096,1,3.979,210.1,0,,,,,,,535488066,63.93642122664494,153.78129159867623,67.85449599981825,0,,,,
547,1,strong,5403.0,4.334,1.0566166988253,1.1518805186975691,12.67,86.32,34.86,4.816,1,3,2.63,0.512,12.3,14.17,254.28,0.106,1,2.407,144.7,0,,,,,,,981384654,65.07449133497296,248.4424395576256,112.16993750863185,0,,,,
640,1,strong,5236.4,4.454,0.9277610038466048,0.941237555581484,21.99,89.62,104.28,3.021,1,5,2.302,0.538,20.9,-2.39,110.79,0.101,1,2.291,279.9,0,,,,,,,870908642,62.75305640598444,252.16996166748103,117.84942801539805,0,,,,
701,1,strong,5785.0,4.467,0.9301038346643994,0.9329207185795766,16.56,80.34,52.69,3.719,1,4,2.085,0.465,13.1,-12.97,77.84,0.096,1,1.924,718.1,0,,,,,,,269292752,64.09835683646912,378.5233344890797,140.3290226524308,0,,,,
336,0,mild,5989.6,4.336,0.9722747893846996,1.1080479032519717,33.53,74.73,19.02,1.477,1,1,1.85,0.718,12.4,-17.82,113.07,0.234,1,42.1,21.1,0,,,,,,,927790688,65.63824218585806,37.45333937732228,6.413136332144344,0,,,,
1327,3,strong,5595.4,4.548,0.9441608195711662,0.8569627670904322,17.91,44.98,31.63,2.652,1,2,2.31,0.593,22.6,3.1,99.65,0.081,1,1.247,231.1,1,36.9107,0.30828,3.39108,0.21284,78.93,1305.7699689717106,1828221275,62.23558212041471,267.2672084428484,216.5140654236382,7,70.86300370230195,312.4588206652258,1.0,1.0
260,0,mild,6270.4,4.391,1.0636451912786833,1.0879693192436248,21.58,34.6,15.19,2.211,1,3,1.117,0.634,14.1,-6.42,325.26,0.214,1,51.77,16.5,0,,,,,,,2069032609,64.25738465092086,50.0580995608066,5.21524125136714,0,,,,
1333,3,strong,6266.7,4.272,1.1761010705328172,1.311792516808327,8.74,25.52,54.73,3.739,1,2,2.36,0.463,9.0,7.82,219.87,0.114,1,1.076,486.4,1,13.566,0.17214,1.89354,0.1175,70.34,173.75334782579046,1085133253,67.28190184282532,210.87230737317276,250.92289924096363,19,19.442682876691013,63.96307189183144,1.0,1.0
467,1,strong,5367.2,4.251,1.194843717075173,1.361975130850005,11.22,45.1,96.0,1.801,1,2,2.37,0.626,11.3,-28.09,288.57,0.093,1,3.684,377.9,0,,,,,,,1069859932,66.37687615842991,151.17196606828958,73.28801291619892,0,,,,
1410,3,strong,5777.7,4.388,0.9207325113932217,1.016246186313124,18.28,34.36,82.31,3.657,1,4,2.183,0.56,22.1,10.24,206.84,0.07,1,4.319,370.0,1,20.6355,0.21544,2.36984,0.14324,60.37,453.4764157445432,2067810313,64.54392387803223,229.2224747275461,62.51285936172189,13,38.35875100885532,141.5254537001844,1.0,1.0
434,1,strong,6000.5,4.236,1.1433014390836949,1.3504115448073453,10.1,82.75,77.85,4.475,1,4,2.19,0.561,10.4,1.37,260.22,0.084,1,1.142,126.5,0,,,,,,,363810251,66.89710718506704,245.7299675513676,236.4212255545332,0,,,,
138,0,mild,5769.1,4.4,0.9207325113932217,1.0019208932613854,24.71,75.66,6.71,1.034,1,3,1.483,0.74,15.7,-4.16,220.93,0.142,1,37.89,33.1,0,,,,,,,752813047,64.35464204419502,65.61401884086845,7.125707035715937,0,,,,
94,0,mild,5670.2,4.27,1.1093303922256754,1.2771626125108746,30.2,70.04,7.29,1.85,1,1,1.03,0.683,19.0,-5.55,306.94,0.181,1,44.2,18.3,0,,,,,,,428986308,65.75831956878997,39.963124341847,6.108439809576399,0,,,,
1472,3,strong,5310.6,4.362,0.9816461126558772,1.077251534263727,11.72,68.45,110.77,2.744,1,3,2.407,0.573,10.5,3.42,265.22,0.121,1,1.227,296.4,1,5.839,0.12619,1.38809,0.06307,14.93,138.45719221607052,1535785921,65.39072891741905,226.45933125273868,220.0432270442354,46,18.370479621131206,66.2192961387381,1.0,1.0
1471,3,strong,5787.8,4.293,0.9582178044779328,1.1565070690738828,15.79,28.1,36.76,2.395,1,4,2.548,0.522,13.0,-9.35,230.43,0.077,1,3.54,293.9,1,30.5185,0.19971,2.19681,0.18842,31.08,300.8866521306452,662570232,66.51972497785007,175.67390708884636,76.26922022126465,8,28.62990826017156,80.8484929795404,1.0,1.0
1308,3,strong,6308.1,4.4,1.136272946630538,1.112786977295507,13.8,29.4,89.73,2.217,1,5,2.126,0.577,13.6,2.41,178.56,0.094,1,4.186,123.7,1,22.3792,0.10794,1.1873399999999998,0.16218,194.0,94.93812286395068,8014463,64.33003637685957,169.12577775683022,64.49905388993714,12,10.399112164541206,29.25056686115374,1.0,1.0
924,2,mild,5791.1,4.354,0.9207325113932217,1.0563123870098703,27.0,83.09,16.25,1.867,1,1,0.93,0.759,20.1,-17.07,336.18,0.126,1,24.55,89.5,1,4.0031,0.34497,3.79467,0.048,91.74,1076.1623506842686,1792634605,72.27759679385336,220.86016737053023,10.997679820092744,67,164.27155051499514,528.1638337149697,1.0,1.0
62,0,mild,6249.2,4.208,1.0847306686388336,1.356684923089058,27.81,69.95,13.11,1.88,1,1,1.5,0.688,15.9,-1.53,188.01,0.125,1,26.92,17.0,0,,,,,,,1516342063,67.27269831980969,53.5231875077632,10.029459122707165,0,,,,
1329,3,strong,5928.8,4.408,0.948846481206755,1.0072442112606237,15.27,75.15,33.01,1.108,1,4,2.397,0.551,15.4,-22.54,197.75,0.087,1,1.404,134.2,1,32.2898,0.26459,2.91049,0.19501,301.42,696.2691843609622,1472311472,64.03633825464753,198.6835964705996,192.3027347459237,8,56.25513120193597,183.382739661871,1.0,1.0
597,1,strong,6136.7,4.276,1.1198731309057504,1.2718141651443684,17.35,49.27,79.53,4.438,1,3,2.427,0.556,17.4,-0.21,92.65,0.089,1,3.8,114.0,0,,,,,,,986131198,65.93065095168046,201.5498124464709,71.05079989033602,0,,,,
479,1,strong,6125.1,4.411,1.0531024525987964,1.0571240936330983,16.09,57.19,27.33,1.238,1,4,2.29,0.447,15.7,-8.91,299.2,0.102,1,3.631,223.9,0,,,,,,,845851321,63.77833210680324,201.90891990246763,74.35776358669152,0,,,,
1081,2,mild,6283.2,4.345,1.0847306686388336,1.1582198397925128,22.87,42.34,11.97,1.966,1,2,1.56,0.708,11.0,-1.09,185.0,0.217,1,38.65,23.0,1,15.5273,0.1077,1.1847,0.12515,94.07,87.24675617280427,399329343,64.99851101952625,50.02561800659512,6.985589639929544,17,24.275012021523096,30.632233722501837,1.0,1.0
628,1,strong,5723.3,4.545,0.9324466654821938,0.8552552754562234,20.52,57.8,38.59,4.641,1,2,2.51,0.437,24.4,-0.79,307.6,0.127,1,1.027,132.8,0,,,,,,,1172126146,61.710296169354585,129.93330897591133,262.8948778805033,0,,,,
486,1,strong,5946.1,4.399,1.0894163302746342,1.0921532895076078,17.36,19.09,83.2,4.838,1,3,2.307,0.496,16.5,-27.82,47.58,0.112,1,1.003,147.6,0,,,,,,,62633497,63.96081110211601,106.796163132969,269.18548313387527,0,,,,
1087,2,mild,5345.8,4.393,0.948846481206755,1.0295729750728728,20.46,85.77,6.07,0.941,1,3,0.927,0.736,10.4,-0.51,227.7,0.218,1,64.45,18.6,1,4.6849,0.22096,2.43056,0.05384,149.94,464.7430842651262,1101463244,64.85123307208978,100.4530652301912,4.189186029220743,57,128.24248912064436,236.44415163910503,1.0,1.0
287,0,mild,5289.6,4.48,0.9043326956686604,0.9141279413633898,20.56,74.49,5.3,1.423,1,1,1.39,0.625,4.5,-11.59,236.31,0.215,1,56.56,15.8,0,,,,,,,1436022072,62.60544398115819,32.47951759617315,4.773568592349308,0,,,,
918,2,mild,6367.0,4.207,1.1714154088972284,1.4048250937486777,22.06,59.41,21.98,1.16,1,1,0.95,0.636,15.5,5.48,138.82,0.234,1,58.06,32.4,1,44.4707,0.13305,1.46355,0.25896,217.51,90.5076163929164,113677112,67.41929652287338,44.87333616239481,4.650241811630672,6,19.632011165291768,23.58297863922403,1.0,1.0
1353,3,strong,5448.7,4.28,1.136272946630538,1.277641376743775,16.63,43.82,140.11,3.424,1,3,1.89,0.551,13.1,-9.9,285.1,0.091,1,1.916,998.0,1,20.8269,0.09402,1.03422,0.15459,30.13,54.64147820071072,1462359841,67.23494553313715,375.505143883597,140.91494759043678,12,3.005776922109036,17.054145797141135,0.0,1.0
173,0,mild,6134.0,4.345,1.1561870085815644,1.196983770108501,24.1,55.81,5.16,0.913,1,1,0.77,0.624,7.1,5.18,336.85,0.207,1,60.47,29.0,0,,,,,,,1421740700,65.33629002483364,35.08112847857817,4.464908873545177,0,,,,
993,2,mild,5888.2,4.453,1.0894163302746342,1.025073836452966,25.75,71.89,21.67,1.232,1,1,0.96,0.621,12.3,11.39,83.55,0.216,1,23.15,17.8,1,10.0379,0.09884,1.08724,0.09371,284.16,93.81127915881872,971503249,63.44097929042798,41.90355553088692,11.662766288694463,26,30.440774158980837,36.481673026550204,1.0,1.0
635,1,strong,5471.4,4.49,0.9277610038466048,0.9104270765354484,10.72,86.61,79.18,2.804,1,2,1.67,0.524,13.8,3.18,146.53,0.131,1,1.578,612.8,0,,,,,,,296044533,62.32545403713062,226.33794012172515,171.09825068648723,0,,,,
190,0,mild,6232.0,4.339,1.108158976816778,1.1786455678069867,29.58,61.15,8.39,0.539,1,2,1.49,0.712,19.9,12.99,214.89,0.23,1,54.7,16.8,0,,,,,,,1370586957,64.95065917360091,60.30053275569718,4.935887378122064,0,,,,
1142,3,strong,6327.9,4.232,1.1843009783950975,1.3784387441154748,15.71,87.17,104.34,2.858,1,3,2.46,0.514,14.1,-9.18,215.03,0.093,1,3.489,203.1,1,3.2335,0.11559,1.27149,0.04528,42.69,70.95213476299719,992241564,67.20946051395437,295.6071976051553,77.38407554694092,83,9.76842154902112,44.06090942198043,1.0,1.0
639,1,strong,5453.8,4.386,0.983988943473672,1.0528999624181266,11.61,36.2,25.65,4.019,1,3,2.437,0.474,12.3,-4.19,84.53,0.099,1,4.042,521.1,0,,,,,,,1930486268,64.1636338754428,245.3866727755077,66.79689252431392,0,,,,
1229,3,strong,6205.2,4.349,1.0472453755541222,1.1326503149468443,10.85,53.07,100.97,3.433,1,2,1.915,0.516,11.4,22.84,153.01,0.076,1,3.821,1465.6,1,4.0391,0.21075,2.31825,0.05041,355.51,349.3360043860596,704145823,66.83458149236415,524.9033751075254,70.66030871061943,66,23.59290976490515,186.78924018045564,1.0,1.0
1230,3,strong,5694.1,4.487,0.9441608195711662,0.9166921532634064,19.57,48.75,44.94,4.291,1,2,2.61,0.569,18.5,6.91,189.77,0.075,1,4.253,459.6,1,12.4212,0.22762,2.50382,0.10297,310.85,622.1193254486299,1599008111,63.610624064607,307.5725431268858,63.48296251664164,21,44.07133189460968,217.6049941398124,1.0,1.0
408,1,strong,6057.3,4.364,1.016788574922794,1.0976079147027062,19.94,29.63,127.08,4.49,1,2,2.105,0.554,25.4,1.29,239.84,0.128,1,1.374,183.6,0,,,,,,,841678531,65.14626910386094,146.78490071530464,196.50148441286524,0,,,,
953,2,mild,5237.9,4.215,1.1936723016662756,1.386261620597344,30.37,72.62,10.07,0.608,1,1,1.5,0.789,13.5,18.94,254.99,0.221,1,54.49,31.5,1,27.1528,0.15823,1.74053,0.18755,55.95,131.45803578861293,1845345279,65.95510556471085,50.002998825851,4.954909884075552,9,31.168258160869723,39.11301660240363,1.0,1.0
875,2,mild,5334.1,4.254,1.194843717075173,1.3600988163870869,33.14,34.58,6.56,2.335,1,3,1.623,0.687,15.7,-6.42,176.63,0.191,1,24.19,17.8,1,3.3349,0.21391,2.35301,0.04636,209.63,249.58652377506783,1630739653,66.3721017634306,78.79605626092632,11.161349300672876,80,98.966770921729,153.61898568690523,1.0,1.0
970,2,mild,6352.7,4.457,1.096444822727806,1.046103595096365,31.46,83.22,23.31,1.866,1,1,1.63,0.665,8.8,-18.89,11.39,0.248,1,30.73,53.1,1,9.1262,0.24631,2.70941,0.08813,232.39,559.3898492898032,543688478,64.57773306838331,93.07729565799517,8.785975905736311,29,127.78893177691708,224.1742989165779,1.0,1.0
675,1,strong,5759.2,4.389,1.0074172516516164,1.0619355989065524,10.51,72.6,91.4,1.666,1,5,2.246,0.542,11.9,1.73,180.08,0.085,1,4.203,133.6,0,,,,,,,1447677653,64.41250663262738,202.9257957537264,64.23817263461262,0,,,,
1008,2,mild,5839.6,4.541,0.9816461126558772,0.8866216496852874,31.2,15.87,7.53,2.109,1,2,1.705,0.762,8.7,-16.58,227.16,0.202,1,32.93,30.5,1,6.5542,0.15904,1.74944,0.06812,252.24,324.66535884371115,1654698500,62.70430902382195,59.72554480118259,8.1989990763218,41,102.37819905024332,141.38747487467282,1.0,1.0
614,1,strong,5788.5,4.204,1.1854723938039953,1.42949524112597,21.99,52.83,45.33,2.921,1,5,1.9,0.578,23.4,-3.01,214.2,0.109,1,3.985,142.4,0,,,,,,,1296222553,67.61367643950646,182.4751901652725,67.75233113758516,0,,,,
1292,3,strong,6066.0,4.375,1.0706736837320667,1.1102374018422163,8.32,55.46,39.35,4.355,1,3,2.327,0.507,8.9,9.76,198.79,0.082,1,1.783,106.8,1,16.2948,0.09652,1.06172,0.12868,163.28,76.26105358970314,1484286764,65.02588421752232,268.6720058449971,151.42627009718277,16,6.041380616857181,25.68228090220558,0.0,1.0
517,1,strong,5733.7,4.224,1.194843717075173,1.406651622928195,17.76,21.53,52.74,4.567,1,3,2.36,0.441,18.6,-16.47,32.97,0.118,1,3.152,139.1,0,,,,,,,695306396,67.69813198042654,85.0891091730894,85.65769022312082,0,,,,
413,1,strong,5994.6,4.384,1.065988022096431,1.0980515234578083,14.49,46.68,89.15,3.442,1,3,2.53,0.535,13.2,-4.75,165.45,0.094,1,4.056,114.8,0,,,,,,,1507870665,64.61266977122575,185.5172188021684,66.56633125820436,0,,,,
38,0,mild,5312.9,4.511,0.903161280259804,0.8607330178743947,25.93,88.68,20.67,0.799,1,3,1.347,0.719,12.2,4.26,239.89,0.221,1,22.97,18.2,0,,,,,,,919143385,60.34121547541569,50.49230475067409,11.754159320125243,0,,,,
590,1,strong,6233.6,4.32,1.108158976816778,1.204585390156126,14.64,18.2,114.25,4.642,1,2,1.865,0.55,15.5,-4.12,165.6,0.099,1,2.421,119.1,0,,,,,,,1548820378,65.82285752062815,116.0201247968141,111.5212885515394,0,,,,
82,0,mild,6112.5,4.365,1.0613023604607903,1.1193349026853834,27.49,64.51,18.14,2.356,1,2,1.585,0.718,15.4,-0.68,119.25,0.187,1,27.02,16.3,0,,,,,,,996129705,64.42609073048985,62.7756264058942,9.992340473104251,0,,,,
551,1,strong,5727.9,4.502,0.9781318664291856,0.9188535756377716,11.67,32.55,78.35,1.995,1,4,1.98,0.58,9.8,-12.11,230.0,0.104,1,5.963,664.1,0,,,,,,,1238358715,62.62544788698583,230.52664278612255,45.27805460058308,0,,,,
1147,3,strong,5487.1,4.365,0.9816461126558772,1.077002226731125,19.86,55.66,98.17,1.64,1,2,2.115,0.585,19.8,-7.07,281.74,0.103,1,1.628,309.1,1,11.8855,0.10523,1.15753,0.1013,271.18,96.32650886050398,1848673777,64.56421370808016,174.09992882659148,165.84339040741824,22,12.629330716749289,36.32183941640199,1.0,1.0
26,0,mild,5413.0,4.319,1.0472453755541222,1.1700163641126051,22.87,83.47,5.26,2.355,1,2,1.465,0.73,7.9,12.12,243.81,0.188,1,76.02,44.7,0,,,,,,,1350723616,65.56273121771638,60.15496102897786,3.5516053615269256,0,,,,
1297,3,strong,5647.5,4.301,0.9254181730288104,1.1253676908071304,8.44,89.76,87.86,1.861,1,4,2.083,0.579,8.3,23.37,232.89,0.105,1,1.39,159.8,1,39.9299,0.34261,3.76871,0.2228,330.95,935.2141453660104,1798357381,65.9173527780383,188.69996213995933,194.23959682250137,6,75.15149711474994,227.8826931058736,1.0,1.0
852,2,mild,5755.9,4.293,1.0941019919100112,1.23744425707751,27.24,79.64,11.05,1.919,1,1,1.24,0.793,14.1,17.43,87.9,0.151,1,56.66,16.5,1,9.0939,0.33943,3.73373,0.08786,208.58,759.1874871861676,1668883271,67.09741058837724,132.2650324001332,4.765143656605663,29,144.0468910222192,318.39847912812337,1.0,1.0
1383,3,strong,5757.3,4.369,0.9219039268021187,1.0388468676517166,19.95,78.57,57.0,4.15,1,5,2.298,0.555,22.2,-18.85,183.68,0.096,1,4.038,110.0,1,12.761,0.11084,1.21924,0.10401,328.44,114.86556341532732,1247753347,64.95479698260033,290.4838668527628,66.86306081804776,21,9.218113613944954,42.24231337158535,1.0,1.0
1275,3,strong,5421.3,4.445,0.9090183573042492,0.9402296018484774,19.47,66.05,29.6,4.584,1,5,2.538,0.466,17.7,-5.36,146.49,0.074,1,1.132,106.6,1,8.0623,0.23046,2.53506,0.07623,30.51,606.2100845982419,2079352010,64.13777661529397,304.0322738858637,238.50975228204672,33,51.60448438739317,250.00463333097144,1.0,1.0
299,0,mild,5452.7,4.306,1.1058161459989837,1.2257352423468506,34.53,87.11,12.71,0.589,1,1,1.01,0.8,13.2,0.52,30.1,0.123,1,29.24,95.9,0,,,,,,,702203776,65.1019076913419,45.29722957344398,9.233688084243395,0,,,,
58,0,mild,5892.2,4.482,1.065988022096431,0.9795271003308956,22.56,21.68,38.26,1.497,1,2,1.375,0.664,13.1,-10.27,131.36,0.197,1,36.38,32.5,0,,,,,,,1005889176,62.61455579263146,55.62295333310177,7.421468927522728,0,,,,
1371,3,strong,5380.8,4.275,1.1468156853103866,1.2913435617107656,13.06,53.0,112.13,1.61,1,2,2.61,0.514,10.4,28.2,209.56,0.09,1,4.536,100.9,1,5.2844,0.11115,1.22265,0.06215,49.05,74.75413371161312,289021716,66.13485479293927,221.09037423379576,59.52227504040496,51,11.192560033529332,39.0551486757615,1.0,1.0
35,0,mild,6159.1,4.41,1.0683308529142723,1.0690205868410836,23.25,53.73,11.83,1.135,1,1,0.54,0.682,4.9,9.01,254.91,0.142,1,55.68,20.5,0,,,,,,,19885230,63.88199312365276,33.91688244272608,4.849012923550231,0,,,,
1309,3,strong,6206.3,4.268,1.0472453755541222,1.2446253316445446,15.54,66.6,82.98,3.541,1,2,2.095,0.594,12.6,-11.62,95.18,0.08,1,2.264,511.6,1,8.8807,0.19003,2.09033,0.08523,91.21,235.21604707320503,393291556,66.48343418105867,202.46758592964736,119.25487614102336,30,31.78871168991008,101.894418152478,1.0,1.0
1302,3,strong,6149.3,4.34,1.140958608265676,1.1954856957279558,20.79,32.75,132.22,3.949,1,5,2.088,0.481,24.9,-15.76,278.05,0.089,1,4.004,207.1,1,16.2663,0.14245,1.5669499999999998,0.13129,150.41,143.2636531424019,1241110090,65.58121918569677,164.50494269090254,67.43082906675247,16,18.183659213017265,49.103112441266106,1.0,1.0
1041,2,mild,6384.3,4.44,1.1690725780794338,1.1079849735937797,22.48,17.98,13.0,1.621,1,1,1.6,0.737,7.6,17.95,95.59,0.249,1,36.9,62.6,1,5.2722,0.24283,2.67113,0.06245,215.82,484.6596013526086,1476088835,64.90422076438725,98.27646032638025,7.316884541552219,51,131.23408763211523,238.1358562845734,1.0,1.0
1149,3,strong,5423.8,4.528,0.9371323271177828,0.8680552420068448,15.65,75.45,37.02,4.143,1,4,2.095,0.496,15.2,3.12,234.0,0.113,1,2.532,123.8,1,8.0207,0.09781,1.07591,0.07674,79.15,128.10664923169202,1957412047,60.51478226672973,245.29204613960752,106.63232211029892,33,12.810758482626465,53.48433031388464,1.0,1.0
611,1,strong,5726.0,4.476,0.9301038346643994,0.9217771934614968,20.38,44.77,96.81,4.905,1,2,2.44,0.427,25.6,-13.61,149.2,0.146,1,5.756,163.0,0,,,,,,,1626926942,62.59374266731241,154.0626526474008,46.906365459221135,0,,,,
378,1,strong,5644.9,4.54,0.9558749736601384,0.8736155642781708,20.53,46.97,44.05,1.124,1,3,1.97,0.538,22.5,-3.16,153.92,0.126,1,1.155,220.1,0,,,,,,,899794812,62.26712549618984,121.60203179424671,233.76020743140853,0,,,,
235,0,mild,5349.0,4.316,1.0812164224121417,1.190821652709574,30.75,47.83,18.37,2.174,1,1,0.76,0.629,9.7,0.17,190.19,0.121,1,49.79,22.3,0,,,,,,,1809837537,64.61421807785264,37.52068024583194,5.422635862287144,0,,,,
1431,3,strong,5639.4,4.405,0.9324466654821938,0.9991875120235006,20.98,50.33,26.39,4.872,1,4,2.728,0.483,21.1,2.39,287.02,0.105,1,4.748,124.0,1,40.686,0.25984,2.8582400000000003,0.22617,190.3,682.3668216821518,292246436,63.827397781965686,317.4003681349755,56.8645828945402,6,31.958664900499542,162.10529758518328,1.0,1.0
758,2,mild,6323.0,4.347,1.1690725780794338,1.2000503609409805,33.34,36.36,17.22,1.548,1,1,0.91,0.776,22.3,16.36,294.9,0.178,1,23.36,30.9,1,3.8791,0.12151,1.33661,0.0509,148.69,103.44868634632012,1222099471,65.46485881762874,45.09762785551161,11.557921215037538,69,47.73188355189598,57.961519737195815,1.0,1.0
799,2,mild,5441.1,4.508,0.9277610038466048,0.8921676213936129,28.12,43.92,28.87,1.486,1,2,1.66,0.661,7.7,5.71,130.39,0.184,1,22.18,17.4,1,18.0908,0.21636,2.37996,0.13154,309.19,593.4182687521368,698602773,61.35745489191376,86.21843178094485,12.172815129994447,14,107.31451560406693,185.08373421069703,1.0,1.0
257,0,mild,5472.2,4.354,1.0343598060562529,1.1170295716321563,32.53,74.84,17.61,0.637,1,2,1.31,0.683,15.4,-4.25,208.0,0.148,1,22.07,16.6,0,,,,,,,1255447313,64.32949150240202,46.671850605788016,12.233486161453415,0,,,,
68,0,mild,6393.8,4.37,1.1854723938039953,1.1775536225081653,27.17,69.74,12.02,0.634,1,2,1.025,0.683,12.6,5.01,238.48,0.226,1,48.43,55.1,0,,,,,,,2011643283,64.44138497887748,37.317534232293376,5.574913061806254,0,,,,
53,0,mild,5200.6,4.353,1.021474236558383,1.1114710995229011,31.62,79.94,5.38,1.805,1,3,1.007,0.68,18.8,-0.0,248.98,0.176,1,23.58,16.2,0,,,,,,,2097370137,63.984521233214295,57.70697298868374,11.450086496322175,0,,,,
930,2,mild,6261.4,4.451,1.1093303922256754,1.0373982300905047,31.2,34.17,8.2,0.68,1,1,1.47,0.647,24.9,-18.83,261.02,0.245,1,28.71,21.1,1,37.081,0.09413,1.03543,0.22528,97.21,83.07397550634403,1033108488,63.07752105325986,33.04613777778506,9.404146275976206,7,18.62286689981378,21.023792293683595,1.0,1.0
1365,3,strong,6342.1,4.331,1.136272946630538,1.2045611760168968,20.11,67.87,57.78,4.395,1,5,2.468,0.461,17.3,-7.13,165.19,0.072,1,4.119,465.1,1,38.2027,0.23784,2.61624,0.23165,224.97,393.3797063194981,638302078,65.67424166363256,297.42713517992865,65.54820091849402,7,22.237021590429386,103.13341271467375,1.0,1.0
1339,3,strong,5962.3,4.4,0.9722747893846996,1.0297740773063275,14.06,44.48,113.23,4.012,1,4,2.295,0.56,12.6,2.61,224.7,0.085,1,5.105,581.2,1,6.2999,0.12329,1.35619,0.06613,230.95,144.63442628231053,1263308071,63.97718430982552,323.3949956733396,52.88796074109243,42,13.00286139431102,67.00133208912052,1.0,1.0
1078,2,mild,6369.0,4.482,1.096444822727806,1.0363506701165113,34.38,59.1,7.41,2.486,1,1,0.55,0.699,12.0,-16.52,197.28,0.219,1,29.87,18.2,1,7.4949,0.25038,2.75418,0.07729,307.15,588.959846943734,1490493969,64.74343964103747,98.87628363177464,9.038936711860623,36,138.39909239082442,252.64354130249583,1.0,1.0
1086,2,mild,6140.1,4.302,1.1479871007192837,1.254028063349948,23.38,75.09,18.94,1.902,1,2,0.845,0.661,13.4,-16.1,183.56,0.22,1,22.32,22.0,1,10.7422,0.17808,1.95888,0.09977,307.18,203.4771589512897,261225795,65.89874612453251,54.081000862726114,12.096462346921006,25,64.0313967288922,82.83337146229155,1.0,1.0
1394,3,strong,5611.2,4.418,0.9254181730288104,0.9853996784374406,18.72,50.82,138.58,3.556,1,3,2.55,0.558,17.6,-20.43,181.31,0.101,1,2.374,225.3,1,36.9043,0.24679,2.71469,0.2114,186.71,632.8928155614851,1536301529,64.10990170121323,208.4723269069171,113.7291657890804,7,46.493137562685874,158.17357437087657,1.0,1.0
101,0,mild,6324.5,4.513,1.096444822727806,1.033060147194224,22.79,87.79,9.79,1.675,1,3,1.117,0.706,7.5,1.0,326.21,0.186,1,28.41,37.5,0,,,,,,,1130564435,63.47669284398217,43.66191530686847,9.503450882903094,0,,,,
620,1,strong,6361.2,4.238,1.096444822727806,1.3165963934004374,16.37,23.92,59.28,3.312,1,5,2.128,0.508,18.6,4.6,163.1,0.127,1,5.992,240.4,0,,,,,,,2038301099,67.06293783804321,190.33730810795447,45.05891848853085,0,,,,
1062,2,mild,6316.6,4.267,1.1433014390836949,1.3049802902520231,22.85,44.62,5.81,1.384,1,1,1.34,0.701,7.2,-18.84,193.46,0.171,1,29.12,16.6,1,6.0164,0.22183,2.44013,0.06769,293.58,291.56308435637044,877942401,67.2557640532528,66.7020592270212,9.271738996678463,44,101.52754143218677,142.99180647164448,1.0,1.0
1497,3,strong,6286.7,4.491,1.096444822727806,1.0317075928322514,9.09,66.51,39.73,3.966,1,5,2.602,0.546,8.3,-13.76,161.26,0.118,1,1.049,109.0,1,17.4757,0.09702,1.0672199999999998,0.1359,102.22,89.22964584821453,1460245623,63.76793633373694,205.7133324060904,257.38135327290456,15,8.53373751183517,28.8218953869424,1.0,1.0
726,1,strong,6175.7,4.484,1.0636451912786833,0.9930611382165712,11.2,51.29,26.75,3.855,1,2,2.88,0.522,10.3,-4.36,260.09,0.064,1,1.551,602.2,0,,,,,,,398430051,63.77139979316017,296.4366042794264,174.0767502148787,0,,,,
793,2,mild,5457.6,4.444,0.903161280259804,0.9447060244907254,30.51,73.79,5.73,1.887,1,1,0.88,0.626,17.6,-10.78,285.31,0.215,1,57.52,23.0,1,4.778,0.33625,3.69875,0.05367,294.39,1278.2950240691866,1630301427,72.00326059667243,233.7906099754021,4.693898462852518,56,165.58938078798067,562.5812468982645,1.0,1.0
805,2,mild,5623.9,4.421,0.9301038346643994,0.98766647902239,31.4,32.94,31.14,2.424,1,2,1.375,0.723,20.0,4.53,316.89,0.216,1,59.37,33.7,1,25.7503,0.20042,2.20462,0.16659,358.97,415.4907592376604,1289226525,63.7984654877495,76.32478934985399,4.547634151646907,10,75.35322473855386,117.49388323782075,1.0,1.0
1343,3,strong,5542.4,4.269,1.129244454176928,1.288147229098625,8.31,49.14,82.52,3.18,1,2,1.66,0.515,7.2,-9.78,39.69,0.067,1,3.663,403.9,1,5.7891,0.30147,3.31617,0.06571,96.81,552.6587835279643,2049742354,67.51138570099573,208.3541336210033,73.7081735144081,46,84.18312234630702,273.104836371595,1.0,1.0
1422,3,strong,6091.8,4.481,1.0472453755541222,0.9715892846571116,21.69,23.27,49.49,1.276,1,4,2.15,0.509,23.6,15.05,126.33,0.097,1,2.703,215.5,1,6.0466,0.11769,1.29459,0.06596,68.48,148.05176013644444,932896441,62.86003522274873,165.714497794218,99.8864371377273,44,24.144769880920787,68.07708280944964,1.0,1.0
785,2,mild,5864.6,4.464,1.0074172516516164,0.9733864963916504,28.99,45.7,34.19,2.238,1,1,1.83,0.674,13.5,-7.04,104.68,0.231,1,50.54,99.8,1,13.2124,0.15726,1.7298600000000002,0.10965,269.95,263.3696888749422,1857420499,63.02770550136871,69.68198078873425,5.342165405288423,20,62.685886195548576,93.4482471447616,1.0,1.0
813,2,mild,5903.5,4.348,1.0285027290118087,1.1245881870341528,22.42,59.77,24.35,1.564,1,2,1.23,0.715,13.1,-1.04,232.61,0.199,1,27.2,22.8,1,37.4807,0.15738,1.73118,0.22125,102.53,197.61137025359056,188567344,65.00098183637336,48.32955289106722,9.92621469056165,7,41.1365384637574,51.26118643306605,1.0,1.0
390,1,strong,5586.8,4.532,0.9605606352957272,0.8779133065100566,21.72,69.62,30.98,2.375,1,2,2.385,0.577,17.8,-9.47,174.13,0.105,1,2.914,588.1,0,,,,,,,28301641,61.52385199853392,217.6012095771452,92.65375414662898,0,,,,
977,2,mild,5706.4,4.295,1.0941019919100112,1.233995496436421,34.96,82.97,6.18,1.723,1,3,1.527,0.725,13.2,7.33,175.35,0.234,1,22.92,25.3,1,23.8812,0.17198,1.89178,0.16724,163.99,195.9876123036272,1746775512,65.85690947682666,72.61095714587907,11.77980102893878,11,40.64264250806509,60.49655110828338,1.0,1.0
1325,3,strong,5297.8,4.402,0.9301038346643994,1.0055367409091878,19.69,71.27,135.08,4.778,1,4,2.617,0.554,15.0,13.41,236.32,0.085,1,2.225,307.0,1,3.1327,0.29343,3.22773,0.0409,189.61,859.2371025512103,1822172461,70.76936811096834,387.27681475091447,121.34518632956264,86,82.01415348768009,456.2444748952254,1.0,1.0
1480,3,strong,5751.9,4.49,0.9301038346643994,0.9078654762708712,21.5,43.83,27.55,1.414,1,5,2.366,0.51,19.0,0.19,210.19,0.102,1,2.323,102.5,1,4.9815,0.21895,2.40845,0.05572,315.92,586.8765796212257,357557294,64.64576684842439,361.3685084904045,116.2260179006788,54,48.86738162284821,277.504218077508,1.0,1.0
243,0,mild,6034.1,4.433,1.1655583318527425,1.0843995193172102,32.44,41.38,8.9,1.179,1,1,1.8,0.725,12.3,8.94,269.55,0.129,1,50.36,18.1,0,,,,,,,704682834,63.80222026618964,46.37687745139129,5.361259721669517,0,,,,
104,0,mild,5243.7,4.395,0.9418179887533716,1.0142015314315298,23.24,43.47,29.92,1.797,1,2,1.215,0.669,11.6,-3.97,269.74,0.197,1,30.64,20.1,0,,,,,,,1126785956,63.663622546497685,45.530191938707816,8.811783276216607,0,,,,
405,1,strong,6239.0,4.438,1.1198731309057504,1.0581096971351798,16.1,61.0,60.28,2.589,1,4,1.99,0.54,16.1,14.27,181.43,0.095,1,1.689,194.4,0,,,,,,,901556217,63.708598965830205,241.3361054249687,159.8537830570023,0,,,,
1074,2,mild,5875.9,4.223,1.1690725780794338,1.3817750594622964,30.36,57.03,6.82,1.693,1,2,1.615,0.723,14.4,-6.03,129.4,0.169,1,51.16,89.4,1,48.2551,0.10379,1.14169,0.27326,350.12,56.92934760594001,480268684,67.17080679624806,65.90009196146967,5.277424542284536,5,9.75707037172186,13.668685934949783,1.0,1.0
1404,3,strong,5540.7,4.226,1.1854723938039953,1.3855991665909977,15.34,50.25,75.46,1.445,1,5,1.96,0.525,18.6,8.08,233.96,0.081,1,1.358,187.9,1,13.9584,0.26179,2.87969,0.12008,180.46,360.18926202898643,2035325253,66.60097061478756,205.7973603395312,198.81667126898148,19,42.533637121756165,138.14027957416974,1.0,1.0
750,2,mild,5648.6,4.222,1.194843717075173,1.39227834020187,26.25,86.89,6.82,2.211,1,2,1.25,0.691,14.1,1.42,148.26,0.226,1,56.5,18.5,1,15.5806,0.1773,1.9503,0.12955,97.35,163.6308625527863,106012707,66.90716848074356,67.0304839328236,4.778637868730564,17,42.562537500744014,60.24801321533408,1.0,1.0
110,0,mild,5958.0,4.465,1.0905877456833195,1.0117631607133863,32.42,57.49,22.27,1.672,1,1,1.55,0.792,17.9,-2.51,272.2,0.206,1,79.74,17.4,0,,,,,,,119372207,62.92013325697739,45.16695139874781,3.3859172257747288,0,,,,
962,2,mild,6092.4,4.205,1.0613023604607903,1.3453656583920746,24.57,70.62,16.18,1.987,1,3,1.497,0.692,12.4,-2.81,270.37,0.198,1,65.42,24.8,1,5.1884,0.13744,1.51184,0.05983,315.06,105.30415308526668,463139062,67.71186173779745,76.46631666880873,4.127071837102979,52,37.07944469232615,55.93094109135984,1.0,1.0
604,1,strong,6163.9,4.277,1.159701254808256,1.2872331019323044,13.34,49.23,46.8,3.02,1,5,2.106,0.545,12.2,-5.82,210.32,0.118,1,1.381,126.3,0,,,,,,,2116939887,66.40750241878145,176.4628690297083,195.505459509976,0,,,,
1464,3,strong,5878.2,4.474,0.948846481206755,0.93762862143029,14.91,14.21,77.43,2.366,1,3,2.173,0.514,14.7,-7.65,218.92,0.128,1,4.272,509.5,1,4.2026,0.17289,1.90179,0.05008,123.42,343.06618972305904,592010156,63.83667143733723,229.40322911366505,63.20061787998053,64,47.20546628394638,176.0829364158164,1.0,1.0
686,1,strong,5660.0,4.428,0.9301038346643994,0.9776502735703546,10.2,69.19,49.46,1.833,1,4,2.122,0.526,9.8,8.58,165.03,0.087,1,2.738,100.7,0,,,,,,,146909957,63.716723529523954,173.46830646245746,98.60958348549192,0,,,,
834,2,mild,5884.3,4.31,1.0683308529142723,1.2021539447613665,29.95,46.28,6.69,1.55,1,1,1.17,0.731,8.8,12.53,92.06,0.149,1,22.83,20.9,1,15.1431,0.28535,3.13885,0.12246,237.67,568.5065388214057,242828443,65.6008184817787,87.48881649104887,11.826239140748005,17,120.67492442829568,201.1558656709516,1.0,1.0
246,0,mild,6374.0,4.362,1.096444822727806,1.143265601546905,26.51,80.63,11.77,1.124,1,1,1.53,0.627,16.1,-4.63,52.75,0.146,1,43.03,39.5,0,,,,,,,940556444,65.33122431081743,60.41729862287372,6.274530317993885,0,,,,
170,0,mild,5506.0,4.454,0.9277610038466048,0.942920393867824,31.94,59.36,12.51,0.922,1,1,1.78,0.712,8.1,-9.99,315.5,0.213,1,30.72,18.1,0,,,,,,,1567399756,62.830094101566594,47.31304059607781,8.788835923934794,0,,,,
1277,3,strong,5735.3,4.26,0.9886746051092608,1.2195528954283443,11.15,55.82,58.7,2.248,1,2,2.145,0.512,12.6,2.12,68.31,0.129,1,5.659,699.6,1,13.9827,0.25648,2.82128,0.11316,170.81,446.2781344279937,1846223827,66.66406276113442,306.5672320076028,47.710379852142935,19,35.1450736437337,165.3983034865618,1.0,1.0
692,1,strong,6237.9,4.37,1.155015593172667,1.1613861307132802,12.92,73.93,126.94,2.359,1,5,1.964,0.491,12.6,2.3,190.38,0.104,1,3.235,161.0,0,,,,,,,2138790435,64.19421158262485,208.32928751023528,83.45998132404232,0,,,,
344,0,mild,5226.0,4.531,0.903161280259804,0.8287221478144801,35.0,29.88,24.4,0.716,1,3,1.663,0.689,17.7,-2.6,183.04,0.198,1,52.66,38.4,0,,,,,,,1006814144,59.75603649239806,51.86256716046045,5.127099118558239,0,,,,
523,1,strong,5878.5,4.508,0.9816461126558772,0.912706083919762,11.38,69.59,33.33,3.455,1,5,2.272,0.572,8.5,14.53,158.95,0.082,1,1.623,220.1,0,,,,,,,1138234045,62.96428966722528,250.1476917263904,166.35430658242566,0,,,,
1077,2,mild,5542.9,4.315,1.0812164224121417,1.2007405391058144,24.85,80.54,23.61,1.821,1,3,1.453,0.732,6.0,-13.96,186.54,0.205,1,78.83,16.2,1,12.5987,0.18323,2.01553,0.10876,164.24,234.96041388144985,1949247164,65.59575276776248,52.89902858432374,3.425003673516134,21,69.58011632409745,89.38662718505987,1.0,1.0
360,0,mild,6062.5,4.459,1.091759161092217,1.020453731015706,24.91,54.62,30.92,1.038,1,1,1.4,0.639,9.1,-8.55,77.4,0.186,1,53.01,28.0,0,,,,,,,547649479,63.27592548816356,47.97582459297793,5.09324730396674,0,,,,
212,0,mild,5465.1,4.27,1.1468156853103866,1.298750929711941,20.01,65.47,13.39,0.578,1,1,1.99,0.785,6.6,-1.45,303.99,0.16,1,60.85,16.8,0,,,,,,,368766475,65.84430723194711,46.30327131786499,4.437026122979077,0,,,,
1449,3,strong,6251.1,4.336,1.103473315181189,1.1807866825956237,20.69,88.08,28.43,2.782,1,5,2.382,0.558,19.9,6.26,176.88,0.103,1,1.173,102.2,1,13.5988,0.17541,1.92951,0.11522,327.97,222.6720393171496,25955495,65.28481287558681,252.13382958495208,230.17309427389333,19,20.31325268643233,81.0381764385923,1.0,1.0
925,2,mild,5846.4,4.283,1.0097600824694108,1.2015376638231734,29.01,85.07,28.68,1.814,1,1,1.39,0.739,9.3,5.08,3.44,0.219,1,74.7,24.1,1,8.6023,0.13636,1.4999600000000002,0.08243,107.26,129.95682410487763,576141836,65.9887852799433,58.4307520849487,3.6143646530559153,31,42.444860219214426,56.69286208624592,1.0,1.0
465,1,strong,5649.6,4.215,1.1854723938039953,1.4029800674465571,19.42,49.5,27.44,3.689,1,2,1.955,0.607,15.0,-0.9,225.56,0.105,1,2.539,111.1,0,,,,,,,2070422758,66.80136033484351,97.94291026055885,106.3383377641894,0,,,,
600,1,strong,6202.6,4.423,1.1468156853103866,1.088583560006185,12.04,76.65,72.98,4.466,1,3,2.07,0.518,11.0,-25.61,266.83,0.105,1,3.399,100.4,0,,,,,,,1118772625,63.69143272301912,138.00854848385868,79.43308019513883,0,,,,
443,1,strong,5878.6,4.289,1.0941019919100112,1.243334322029319,15.3,74.58,25.68,3.727,1,4,2.15,0.5,15.3,5.63,195.77,0.105,1,4.06,268.1,0,,,,,,,1999904373,65.80671089437624,260.0138075478589,66.50074866583175,0,,,,
1486,3,strong,5517.9,4.291,1.140958608265676,1.2661464352921736,13.79,34.87,41.74,4.138,1,4,2.435,0.523,14.4,3.95,57.13,0.102,1,1.245,101.8,1,3.3378,0.16961,1.86571,0.04567,88.96,181.0651702126304,765472562,66.20226277657365,158.98881578444687,216.8618791833549,80,41.76545236638795,108.6503851199025,1.0,1.0
1357,3,strong,6132.7,4.326,1.1561870085815644,1.2224095249901392,11.86,40.23,111.04,4.87,1,2,1.835,0.504,12.2,5.65,135.37,0.099,1,3.332,374.3,1,11.9284,0.13735,1.51085,0.10724,219.7,127.38660378178722,1606338695,65.32494476756409,224.37853836362996,81.0303240045849,22,13.765901118838984,49.24633523065432,1.0,1.0
945,2,mild,5641.4,4.241,1.1690725780794338,1.3479873904964543,33.09,89.7,14.43,1.144,1,1,1.4,0.761,19.5,-13.8,349.81,0.222,1,26.81,19.4,1,10.4166,0.11674,1.28414,0.09833,269.65,75.6776435835907,603830806,65.99283137740035,47.66458634661574,10.070609458533267,25,25.646082584939872,31.63600714423448,1.0,1.0
43,0,mild,6132.8,4.381,1.140958608265676,1.1409608017378123,27.36,66.49,15.04,1.573,1,2,1.015,0.65,15.4,1.44,194.48,0.153,1,31.23,31.1,0,,,,,,,215598007,63.90281164376841,42.34301640857313,8.64531026523461,0,,,,
210,0,mild,6228.6,4.276,1.108158976816778,1.269370396486115,21.6,20.77,37.84,2.228,1,1,1.51,0.704,8.5,-14.56,197.75,0.157,1,37.15,26.6,0,,,,,,,1601345269,66.55002215560843,48.29374543726512,7.267645749213375,0,,,,
1204,3,strong,5996.1,4.343,0.9968745129715414,1.1141123273782405,13.89,86.52,137.31,1.276,1,5,2.304,0.501,13.2,20.73,136.06,0.11,1,1.452,104.0,1,3.4887,0.19401,2.13411,0.04497,27.61,305.9779666705077,1038234406,66.74803277035964,536.8033284187843,185.94561954771132,77,21.306271539286534,172.66959865674193,1.0,1.0
776,2,mild,5393.6,4.376,0.9863317742915458,1.0679978081913533,24.77,61.09,5.72,2.494,1,3,1.46,0.721,18.9,8.8,136.54,0.184,1,23.76,37.8,1,6.5031,0.26395,2.9034500000000003,0.06787,295.35,616.3146512074645,1555394261,65.91845871134323,152.34088874589025,11.36334341680458,41,111.0440500242042,279.622821020261,1.0,1.0
1160,3,strong,5735.5,4.247,1.1843009783950975,1.3561840769210236,18.74,64.2,64.57,3.374,1,3,2.183,0.476,17.8,13.69,162.52,0.095,1,2.553,152.2,1,34.9795,0.10526,1.15786,0.22146,77.54,60.7840077481409,7577701,66.93912725585761,303.89988807480034,105.75520547719424,7,3.492381529182892,16.235289323557723,0.0,1.0
1260,3,strong,6147.4,4.389,1.1878152246217897,1.1494421323865198,11.86,43.17,38.05,4.897,1,3,2.317,0.522,9.3,-9.07,117.74,0.09,1,2.821,452.0,1,3.2735,0.23866,2.62526,0.04569,202.85,434.9956667895973,1818545229,65.34088099674824,267.1264243476772,95.70827351410028,82,60.015169162877946,252.58728882094957,1.0,1.0
343,0,mild,5624.2,4.361,0.9816461126558772,1.0766119205246558,25.81,88.88,14.79,1.46,1,1,1.14,0.784,12.9,2.01,276.77,0.239,1,30.05,45.7,0,,,,,,,1050440312,64.09938184782492,37.59646237577846,8.984793330558299,0,,,,
969,2,mild,6340.8,4.437,1.096444822727806,1.057316314669658,28.78,69.65,9.85,1.085,1,1,1.38,0.697,9.6,17.64,305.42,0.17,1,36.32,89.8,1,8.9351,0.2992,3.2912000000000003,0.0869,96.39,808.0034097338837,975026950,65.47779014510145,132.90455205124323,7.433729063416213,30,143.80879466666104,325.4004889935068,1.0,1.0
30,0,mild,6298.4,4.374,1.1198731309057504,1.1405128284110646,22.02,26.67,10.69,0.634,1,1,0.53,0.702,12.8,-3.18,345.32,0.165,1,56.72,27.8,0,,,,,,,129472806,65.13853836031969,34.492070869047986,4.760102954571172,0,,,,
179,0,mild,5843.9,4.49,0.948846481206755,0.915726335816137,22.08,84.79,33.17,1.563,1,2,1.26,0.631,8.2,-9.32,226.34,0.149,1,25.59,59.9,0,,,,,,,1760689892,62.52789377989814,53.66919009531158,10.550724485473893,0,,,,
1476,3,strong,5807.6,4.312,1.0355312214651498,1.1758847377557953,10.32,63.05,96.34,4.593,1,3,2.137,0.433,13.8,-1.67,176.89,0.097,1,1.068,843.3,1,23.0687,0.11065,1.21715,0.16045,345.02,89.34560862915421,1177386267,68.2401471957724,350.42655699217016,252.8024715199221,11,4.983102267124129,26.069885151633315,0.0,1.0
766,2,mild,5774.5,4.477,1.0437311293274305,0.978089581664184,32.67,59.1,5.04,1.279,1,3,1.49,0.713,13.2,-5.25,155.62,0.157,1,52.6,98.5,1,12.6812,0.19408,2.13488,0.10796,60.11,397.286843558952,1888076901,62.59709283600685,78.12237761077874,5.132947520594617,21,90.00829065845052,143.94439445341672,1.0,1.0
647,1,strong,5973.5,4.396,1.1151874692701615,1.108535893106419,14.03,25.18,71.99,3.78,1,4,2.383,0.535,15.3,14.47,154.56,0.113,1,1.722,1455.4,0,,,,,,,1472349199,67.29565857417927,537.3948592742458,156.79038303326183,0,,,,
528,1,strong,5731.8,4.413,0.9219039268021187,0.988178501034468,9.58,13.04,30.34,1.269,1,3,2.293,0.502,9.6,4.51,141.22,0.085,1,4.036,239.6,0,,,,,,,338967527,63.76240666721231,116.3166822433862,66.89619414848288,0,,,,
577,1,strong,5475.4,4.37,0.9722747893846996,1.0638544818957325,11.13,82.18,79.9,1.299,1,2,1.94,0.589,8.9,3.76,308.73,0.106,1,5.811,360.4,0,,,,,,,139216473,64.74987023859586,159.66995449657298,46.46240571042452,0,,,,
1058,2,mild,6037.7,4.322,1.140958608265676,1.220361474904668,33.94,84.16,29.54,1.666,1,1,0.53,0.735,23.4,-19.06,52.14,0.185,1,26.8,32.2,1,12.3053,0.29708,3.26788,0.109,158.08,597.9566972058789,1822632306,65.87792220962024,98.43069851970066,10.074367148629731,21,125.38305143937173,225.4263127131249,1.0,1.0
1251,3,strong,5450.6,4.305,1.1058161459989837,1.2257352423468506,16.0,58.24,25.88,4.598,1,4,2.045,0.587,14.4,-5.81,137.98,0.074,1,2.883,240.0,1,12.6009,0.13988,1.53868,0.10959,234.4,131.40678295490898,1423204759,65.59598474401668,132.6503387340021,93.65003107293684,21,22.305797709468077,50.32132932971185,1.0,1.0
133,0,mild,6377.5,4.416,1.1690725780794338,1.119341105057597,29.15,88.03,38.91,0.677,1,3,1.387,0.722,12.9,2.16,183.4,0.202,1,24.79,18.9,0,,,,,,,254445141,64.11570650236494,82.06812260309894,10.89120772824836,0,,,,
706,1,strong,6276.8,4.239,1.0636451912786833,1.29521597871248,20.49,32.51,130.53,4.694,1,2,2.0,0.605,18.1,6.02,67.55,0.098,1,1.212,150.2,0,,,,,,,320529098,67.07163964497417,163.4233539962743,222.7665343096344,0,,,,
1442,3,strong,5800.2,4.305,0.9207325113932217,1.1175914001326612,16.61,16.99,30.43,2.633,1,4,2.355,0.526,17.3,9.56,154.09,0.122,1,2.491,104.7,1,23.9904,0.09788,1.07668,0.15837,247.62,77.39656762861313,17280875,65.58891756045837,238.45657746799893,108.38741051115088,11,6.235645557379579,23.512398225423556,0.0,1.0
135,0,mild,6177.9,4.259,1.0683308529142723,1.2694607775943196,24.25,79.48,11.93,1.149,1,3,1.64,0.751,6.8,-11.29,284.44,0.18,1,31.19,19.8,0,,,,,,,1522269722,66.3940963492071,43.190646514975086,8.656397549960785,0,,,,
1134,3,strong,6367.4,4.254,1.096444822727806,1.2945979240787746,12.86,59.22,53.16,4.939,1,2,2.145,0.514,12.9,-2.04,261.24,0.089,1,1.554,104.9,1,18.8684,0.11956,1.31516,0.14303,64.67,86.06010712490396,1954516600,67.29930006189062,170.37538947207042,173.74069471253338,14,10.606787284338818,28.871189418244544,1.0,1.0
249,0,mild,5622.4,4.388,0.983988943473672,1.0482835246434126,26.68,47.13,5.06,1.649,1,3,1.023,0.765,9.5,-0.23,105.56,0.155,1,21.82,76.1,0,,,,,,,2002468482,64.27510655778272,46.08698493164041,12.373649843413238,0,,,,
789,2,mild,5754.0,4.308,1.0472453755541222,1.184633810224764,23.6,64.59,24.78,0.524,1,1,1.3,0.706,18.0,10.06,185.07,0.23,1,36.25,15.5,1,7.4011,0.20636,2.26996,0.07548,271.49,306.18412768961514,1404382877,65.71525290745717,72.33079677607593,7.448083850573155,36,93.5500445860193,139.1185129455715,1.0,1.0
1170,3,strong,5804.6,4.29,1.1058161459989837,1.248208620477761,11.51,69.52,56.17,2.032,1,2,1.955,0.564,13.6,5.86,249.15,0.106,1,5.734,119.1,1,5.5016,0.35203,3.87233,0.06307,201.09,802.5736154086419,319995135,68.16615756027456,202.61363243588,47.08633407451637,49,126.61692419261864,397.07803283755067,1.0,1.0
664,1,strong,5730.3,4.462,0.9441608195711662,0.9445788187169676,14.95,42.84,53.18,3.921,1,5,2.77,0.496,13.4,-8.13,230.74,0.116,1,1.791,762.1,0,,,,,,,670739295,63.676435188445,303.53976310493687,150.74988251439245,0,,,,
1090,2,mild,5537.3,4.438,0.9277610038466048,0.9652753495349776,31.54,83.26,38.38,1.38,1,2,1.59,0.724,24.4,-6.53,187.28,0.214,1,67.94,20.2,1,4.8472,0.25081,2.75891,0.05467,352.55,681.2196192442277,1499743393,65.85559854125057,145.23814454666544,3.97399234005412,55,135.32291244143218,327.6883669410865,1.0,1.0
18,0,mild,5214.8,4.359,1.0343598060562529,1.1137438636982415,32.38,76.12,9.24,1.417,1,2,0.94,0.778,15.1,13.25,275.28,0.192,1,22.67,63.2,0,,,,,,,69532566,64.37899415608983,38.89929339445714,11.909706201291437,0,,,,
199,0,mild,5540.8,4.242,1.194843717075173,1.3768320752275836,27.68,24.25,7.06,1.681,1,1,1.59,0.655,20.4,0.88,115.24,0.123,1,27.32,25.0,0,,,,,,,267598483,66.56665431355519,38.42336052952161,9.882614918860794,0,,,,
735,1,strong,5281.6,4.398,0.9418179887533716,1.0129885359274835,21.33,87.11,131.3,1.862,1,2,2.275,0.553,18.5,-1.39,178.34,0.103,1,4.361,110.4,0,,,,,,,870107655,64.45164588202854,227.36090086184436,61.91080935181768,0,,,,
1036,2,mild,6008.1,4.347,1.065988022096431,1.1452550557349963,22.59,43.39,25.82,2.242,1,2,1.675,0.764,11.6,-16.48,106.69,0.163,1,49.77,17.3,1,4.5256,0.16338,1.79718,0.0547,264.29,205.349301684308,2064996107,65.54389258795636,62.91105032454616,5.424814940391337,59,78.03350487258763,108.16229898195496,1.0,1.0
213,0,mild,6244.1,4.509,1.0636451912786833,0.998001423223508,21.61,40.78,16.5,0.811,1,3,1.267,0.739,6.5,-8.7,110.8,0.156,1,67.24,75.9,0,,,,,,,377634461,62.98556674505273,52.01342288781313,4.015363467924998,0,,,,
398,1,strong,5717.6,4.292,0.9675891277491108,1.1637246053236587,15.49,43.9,37.04,4.47,1,4,2.152,0.625,12.9,-11.59,138.05,0.094,1,4.089,284.9,0,,,,,,,1605631474,65.85779961826721,154.99038327460744,66.02911215047122,0,,,,
1426,3,strong,5760.7,4.268,0.9219039268021187,1.166696628510992,9.74,82.17,26.17,3.926,1,3,2.177,0.44,10.5,-26.19,135.82,0.113,1,1.362,128.0,1,35.6548,0.28591,3.14501,0.20634,267.72,605.9582288260539,1026909699,66.93017728828262,164.5074727547652,198.23277502443236,7,59.18061635009367,157.03793705456076,1.0,1.0
533,1,strong,5625.3,4.331,1.0566166988253,1.158272732960388,15.0,34.37,118.97,4.339,1,2,2.12,0.552,14.2,5.71,205.12,0.103,1,1.876,185.4,0,,,,,,,853024321,64.88345619223769,201.11702704046183,143.9195306947105,0,,,,
444,1,strong,5227.7,4.245,1.1854723938039953,1.3606717596785471,15.26,23.87,43.54,4.863,1,3,1.983,0.453,17.0,-0.77,137.69,0.069,1,5.96,127.5,0,,,,,,,1620282379,65.72393852999829,95.68534428200762,45.30084556766391,0,,,,
311,0,mild,5618.2,4.404,0.9254181730288104,0.9998618135397156,26.97,70.99,38.14,1.533,1,2,1.26,0.675,13.6,-3.32,198.61,0.2,1,57.22,53.4,0,,,,,,,1954160956,63.83145466901595,56.99565837956736,4.718508206628397,0,,,,
774,2,mild,5781.1,4.547,0.983988943473672,0.8773680280909079,22.68,83.35,6.8,0.784,1,3,0.723,0.674,10.9,2.36,293.11,0.206,1,23.62,91.7,1,3.8218,0.27109,2.98199,0.04758,28.1,963.3037891562402,999625321,69.40423640814753,181.41267368880105,11.430696002678951,70,160.83142825872872,450.105156024926,1.0,1.0
1047,2,mild,6172.9,4.495,1.0636451912786833,0.9930611382165712,25.33,54.62,9.52,1.004,1,1,1.92,0.757,11.7,-14.42,255.52,0.134,1,26.5,21.3,1,29.1608,0.10279,1.13069,0.18927,118.94,108.10596071452264,779275907,62.60032431917588,41.84312081477584,10.188416588048185,9,24.599812389769344,29.5892008421101,1.0,1.0
673,1,strong,5581.0,4.497,0.9183896805754272,0.893903935172309,16.21,51.75,77.85,3.035,1,5,2.134,0.552,18.7,-6.97,269.07,0.09,1,2.343,1129.4,0,,,,,,,1607775591,62.77785089120122,466.500462282556,115.23390507182113,0,,,,
1429,3,strong,5682.4,4.265,1.136272946630538,1.300232875888303,8.85,71.69,89.97,2.46,1,4,2.125,0.58,9.2,3.19,140.03,0.082,1,3.889,385.2,1,41.82,0.14739,1.62129,0.24605,17.97,129.65630306507992,1613863607,65.98053124113092,228.1816597193333,69.42479804147001,6,9.177608247468182,33.039343141542965,1.0,1.0
972,2,mild,6283.8,4.39,1.1198731309057504,1.118699880469779,27.22,87.22,23.46,0.52,1,1,0.65,0.642,12.8,11.43,302.05,0.156,1,72.09,18.0,1,5.8919,0.20879,2.29669,0.0663,152.06,351.4730963559567,857537064,64.6491655702883,74.05616181224146,3.745221800295143,45,110.4194087979288,167.90248660460867,1.0,1.0
1223,3,strong,5694.5,4.293,0.9019898648510196,1.121657019357031,19.81,80.72,30.51,4.899,1,5,2.24,0.497,16.1,9.96,75.53,0.1,1,3.614,143.1,1,6.1695,0.16613,1.82743,0.06361,164.95,221.34812896598697,847929520,66.12192886026315,282.4988453019876,74.7075372394236,43,24.093512360177503,105.71902473660572,1.0,1.0
705,1,strong,6167.9,4.297,1.1468156853103866,1.250510767781995,17.42,60.74,48.3,2.673,1,4,2.107,0.611,20.7,-2.16,77.68,0.098,1,3.519,291.9,0,,,,,,,628281606,65.84589330215027,153.84003249527484,76.72436475796444,0,,,,
496,1,strong,5869.3,4.325,0.9781318664291856,1.1257008299547837,20.72,64.64,50.16,3.037,1,2,2.78,0.498,25.3,-14.22,96.06,0.102,1,1.08,208.1,0,,,,,,,2013524413,65.15488459404615,197.43802826479467,249.9935551697008,0,,,,
499,1,strong,6244.3,4.382,1.173758239715023,1.1548931266583382,14.72,56.44,95.97,4.305,1,5,2.042,0.55,14.0,-10.95,216.09,0.098,1,2.532,467.2,0,,,,,,,1385603988,64.9117734796404,278.6042089326016,106.63232211029892,0,,,,
1470,3,strong,6283.5,4.305,1.1468156853103866,1.2469689201273897,16.75,68.84,35.2,2.479,1,3,2.177,0.527,18.0,-3.13,189.24,0.071,1,4.626,164.6,1,8.4701,0.26736,2.94096,0.08512,11.08,463.8541954531231,1668968829,66.22973847570529,193.5357463671444,58.364254125221976,31,64.93783943743057,200.5642007694545,1.0,1.0
225,0,mild,5955.7,4.476,1.0706736837320667,0.9890201816425208,23.76,76.29,18.57,0.807,1,2,1.785,0.725,11.8,-3.28,225.14,0.215,1,52.14,18.6,0,,,,,,,386303241,62.934693813026136,72.0883094761476,5.178232443100822,0,,,,
1148,3,strong,6376.8,4.271,1.096444822727806,1.2686279466109731,20.88,49.6,48.54,3.477,1,2,2.03,0.495,18.0,3.19,165.16,0.136,1,2.085,185.6,1,31.0412,0.13001,1.4301099999999998,0.19932,40.29,105.97046749712376,2052653717,66.7150435890932,113.88961178830202,129.49306454833422,8,14.737607388009048,29.157412534095798,1.0,1.0
357,0,mild,5537.5,4.422,0.9558749736601384,0.9946256743661436,20.06,44.75,22.7,1.255,1,3,1.207,0.665,8.8,14.99,256.86,0.149,1,64.68,27.8,0,,,,,,,1090251205,63.71750038023571,47.72539108117949,4.1742894184180095,0,,,,
1493,3,strong,6374.3,4.499,1.096444822727806,1.0341833706233932,19.07,78.0,45.47,3.847,1,5,2.09,0.493,17.1,14.35,189.93,0.098,1,2.005,101.2,1,14.2757,0.14101,1.55111,0.11876,202.99,187.5878073155818,102943773,63.848761176538886,251.3046346322298,134.65987011634758,18,15.801857122069888,64.17109044751687,1.0,1.0
1276,3,strong,6130.5,4.336,1.1561870085815644,1.2078955344346112,14.56,84.4,50.98,4.141,1,2,2.415,0.507,14.1,0.1,250.18,0.128,1,3.668,228.9,1,17.8724,0.21173,2.32903,0.14041,302.17,310.0315744574416,930590827,65.55842077522547,187.32016480567685,73.60769890492826,15,34.63916803853849,104.86101235510456,1.0,1.0
325,0,mild,5602.5,4.282,1.103473315181189,1.2586597375017905,20.15,76.76,10.13,1.012,1,2,0.655,0.731,7.8,1.99,205.92,0.206,1,69.3,22.2,0,,,,,,,917008626,65.759603530383,34.719817557273984,3.8960034571901434,0,,,,
289,0,mild,5306.6,4.443,0.9090183573042492,0.9489695656458794,32.73,76.7,10.34,1.919,1,1,1.77,0.791,9.5,0.23,191.34,0.21,1,53.26,25.7,0,,,,,,,836543575,62.54383000908229,36.912260619938586,5.069339834458822,0,,,,
244,0,mild,5981.1,4.517,1.0613023604607903,0.9692971044349776,33.92,49.63,17.25,1.333,1,2,1.83,0.716,15.6,4.32,185.37,0.183,1,79.67,15.4,0,,,,,,,1138909597,62.5505519256576,61.4999763569892,3.388892175012889,0,,,,
916,2,mild,5369.8,4.532,0.9277610038466048,0.8613822833964364,28.46,82.58,32.77,0.736,1,2,1.66,0.777,11.2,-12.82,95.7,0.156,1,23.8,53.7,1,23.1099,0.10611,1.16721,0.15486,147.72,153.11602325143724,695449663,60.33081970234938,66.10799671719998,11.344245360641883,11,29.70348949854974,44.06426581494236,1.0,1.0
908,2,mild,5583.8,4.409,0.9418179887533716,1.0013277256311135,22.34,7.08,36.28,1.945,1,1,1.3,0.69,9.6,-15.67,77.51,0.193,1,24.61,17.6,1,18.7359,0.34854,3.83394,0.13533,207.72,1222.510654999294,1624667403,65.35018162610284,153.1443452019167,10.97086711025099,14,149.35274526777687,380.5336589188391,1.0,1.0
544,1,strong,5534.8,4.254,1.1690725780794338,1.333553849936101,19.02,49.04,27.87,4.871,1,5,1.888,0.531,22.3,8.98,200.44,0.108,1,5.644,178.8,0,,,,,,,240844004,66.26831666625907,286.98819090323553,47.83717923162241,0,,,,
636,1,strong,6112.4,4.443,1.030845559829561,1.0081854707138025,21.82,56.84,47.61,2.103,1,3,2.24,0.561,27.4,25.45,227.55,0.115,1,1.96,175.4,0,,,,,,,1318670017,63.71280151238893,345.23073929990267,137.75155080779433,0,,,,
411,1,strong,5956.3,4.402,1.016788574922794,1.0513537022643988,13.59,74.84,111.31,3.794,1,2,2.82,0.544,13.2,-1.21,136.36,0.09,1,3.095,191.8,0,,,,,,,606576362,64.22451415517982,265.6323131127984,87.2352308831266,0,,,,
980,2,mild,6022.6,4.219,1.0905877456833195,1.34310754192107,21.57,78.09,9.22,2.184,1,3,1.36,0.736,11.3,5.29,138.99,0.209,1,46.46,59.7,1,40.5089,0.17854,1.96394,0.23761,326.79,178.2991888686735,1955655485,66.89815377560926,72.27066612528762,5.81130089503394,6,30.9857630590385,45.61402344915599,1.0,1.0
1478,3,strong,6135.1,4.437,1.103473315181189,1.0528696392462555,11.95,80.18,25.97,2.256,1,4,1.775,0.557,11.5,-7.06,247.73,0.106,1,5.667,249.2,1,43.728,0.29383,3.23213,0.25102,47.43,785.8559531849427,688544809,64.20346365880997,148.91569177196888,47.643027983638056,6,74.22694083626192,187.4839955035352,1.0,1.0
349,0,mild,5727.3,4.33,0.9675891277491108,1.113347380344328,33.59,40.05,27.58,2.122,1,2,1.905,0.693,19.6,11.71,319.82,0.205,1,21.89,20.7,0,,,,,,,162477458,65.52843110087385,68.47465669288276,12.334081296632109,0,,,,
665,1,strong,6347.1,4.202,1.1714154088972284,1.4186351123071113,11.42,79.71,81.27,2.753,1,2,2.105,0.517,14.1,-12.02,161.37,0.102,1,1.761,120.5,0,,,,,,,1010527475,68.34637613580799,168.5432170359666,153.31802361344515,0,,,,
151,0,mild,5550.8,4.382,0.9043326956686604,1.0148250087240085,25.1,70.87,27.61,0.815,1,1,1.25,0.741,17.0,10.95,141.38,0.197,1,20.93,16.6,0,,,,,,,137379988,64.56626373079173,49.48929953635473,12.899810777987428,0,,,,
295,0,mild,5760.0,4.248,1.1761010705328172,1.354508049337772,26.17,41.94,12.53,0.718,1,3,1.393,0.726,15.9,-1.67,121.53,0.202,1,39.49,19.5,0,,,,,,,1628982728,66.9024264545239,50.9924095391065,6.836997710389386,0,,,,
1261,3,strong,5324.2,4.295,1.103473315181189,1.2381837236639877,10.36,26.93,131.1,4.181,1,4,2.348,0.57,11.9,-5.84,166.21,0.09,1,3.763,271.3,1,26.9644,0.18329,2.01619,0.18185,29.77,221.10941882774247,1515197797,65.6624971914139,175.80318777738265,71.74941259188861,10,23.30973946846386,66.61996018208197,1.0,1.0
1173,3,strong,5692.5,4.542,0.9511893120245496,0.8653041909891679,11.61,43.86,119.49,3.885,1,5,2.41,0.551,12.5,7.02,163.04,0.082,1,1.444,116.2,1,4.5234,0.22727,2.49997,0.05264,313.06,696.0597027738438,1706209573,65.02085626708237,277.4559465447719,186.9757891850948,59,74.69707660147243,327.3816827111252,1.0,1.0
414,1,strong,5795.6,4.272,1.0355312214651498,1.2312615488589786,16.2,80.99,56.44,4.088,1,4,2.163,0.496,17.7,8.64,280.41,0.072,1,4.815,102.4,0,,,,,,,786400850,66.02234091485373,313.6866842255324,56.07332078572728,0,,,,
1095,2,mild,5671.2,4.408,0.9019898648510196,0.983957519697122,22.56,37.21,6.24,1.252,1,3,1.113,0.753,12.3,2.02,75.63,0.169,1,50.03,61.6,1,42.2593,0.21729,2.39019,0.22942,59.14,492.0697457554383,370250741,64.18698794996487,64.89913071121664,5.396622817974753,6,82.08363327245085,116.72952779798872,1.0,1.0
1232,3,strong,5650.2,4.216,1.1854723938039953,1.4029800674465571,18.57,55.9,38.82,1.482,1,4,2.528,0.452,19.1,-2.98,204.94,0.092,1,5.179,200.0,1,7.1881,0.32452,3.56972,0.07715,195.71,539.8583399739557,280615720,67.96229898599876,303.281455968317,52.13227255904168,37,55.77746852779118,255.07973949342988,1.0,1.0
1020,2,mild,5758.6,4.441,0.9441608195711662,0.9694637696630932,25.94,70.56,12.1,1.902,1,3,1.09,0.679,14.3,4.55,230.57,0.202,1,62.3,25.6,1,48.4506,0.24012,2.64132,0.25517,278.9,619.0038990234608,969280136,63.209040799800285,67.15771521738965,4.333756654627237,5,94.01977597534072,137.18006281647507,1.0,1.0
1088,2,mild,6291.9,4.515,1.096444822727806,1.0300492077278107,28.08,60.78,12.97,1.041,1,2,1.145,0.649,13.9,-5.49,187.5,0.152,1,21.15,48.5,1,31.7783,0.17337,1.90707,0.20247,60.8,285.8458133733487,558928252,63.20898685183419,49.38761576636328,12.765628349091106,8,59.17284563771965,75.09334565419928,1.0,1.0
997,2,mild,5963.5,4.359,1.0894163302746342,1.1419922757977845,32.8,74.61,25.23,1.439,1,2,1.315,0.764,14.2,12.41,176.92,0.15,1,23.42,74.9,1,11.5907,0.19838,2.18218,0.10314,230.01,304.48739673816715,966026127,64.91033306894569,84.93368916509715,11.528310827637782,23,71.45515825577645,117.67587513058582,1.0,1.0
641,1,strong,6038.4,4.292,1.0730165145498611,1.2249970243334032,15.59,45.38,30.52,1.092,1,2,2.225,0.421,12.1,-8.32,265.74,0.1,1,3.321,248.9,0,,,,,,,2107124847,65.81946419356085,147.86134388675822,81.29871712835798,0,,,,
1085,2,mild,5293.7,4.275,1.1843009783950975,1.3114668972139492,30.11,51.12,5.9,1.258,1,3,1.097,0.748,14.8,-14.02,120.8,0.198,1,60.77,23.1,1,6.1671,0.10931,1.20241,0.06963,221.69,70.0978995493403,1238275482,65.67155505492107,39.175004038183424,4.442867197355223,43,29.91269457451237,34.830595837355354,1.0,1.0
482,1,strong,6144.2,4.321,1.133930115812517,1.219619719951349,14.94,69.61,83.62,4.289,1,3,2.173,0.574,15.1,8.32,219.92,0.092,1,2.879,120.4,0,,,,,,,1272154723,65.75226660699423,222.82519080224063,93.7801457392417,0,,,,
1019,2,mild,5339.3,4.351,1.0495882063719166,1.1377704673923952,30.01,75.66,23.45,1.149,1,3,1.617,0.771,18.5,8.4,227.06,0.193,1,23.95,37.8,1,17.5795,0.33418,3.67598,0.13447,112.61,870.465329597452,403618425,65.8630811241478,123.62140485402588,11.273195807234943,15,135.5359495059236,288.24656668790976,1.0,1.0
1395,3,strong,5343.2,4.481,0.9043326956686604,0.8988481543855872,18.0,86.26,45.66,1.928,1,4,2.23,0.532,16.6,-23.2,249.56,0.101,1,5.44,143.1,1,12.1725,0.32074,3.5281400000000005,0.10015,14.74,1284.793911504976,1489295301,64.196709373455,272.8655565663225,49.631073452808245,22,103.7527949630586,453.03764192409295,1.0,1.0
838,2,mild,5949.9,4.55,1.016788574922794,0.9297669394810636,33.0,31.79,30.89,1.861,1,2,1.275,0.679,14.2,-6.77,236.44,0.183,1,22.03,52.0,1,22.7603,0.31906,3.50966,0.15805,313.28,1188.2187597831307,1721597835,64.65581735450769,137.96083046264428,12.255698573911795,11,138.19232191092618,325.64711344168205,1.0,1.0
192,0,mild,5273.9,4.357,1.0343598060562529,1.114130415369383,23.04,56.32,21.4,1.213,1,2,1.1,0.688,6.0,-15.52,214.97,0.185,1,67.06,30.8,0,,,,,,,495397918,64.31652241135303,38.24055392369813,4.026141359726765,0,,,,
1199,3,strong,5224.0,4.467,0.9043326956686604,0.924475057444265,16.41,75.59,30.5,1.638,1,2,2.335,0.468,8.9,-2.01,225.49,0.083,1,1.008,282.7,1,3.0752,0.25287,2.78157,0.04002,277.22,754.9255128972388,262133230,68.12147245995894,250.85617383503788,267.8502376818223,87,105.41711304742716,402.25548826854686,1.0,1.0
1116,2,mild,5521.7,4.379,0.995703097562644,1.0735036001596454,34.27,38.44,9.74,0.822,1,3,1.743,0.743,12.8,-11.11,114.14,0.199,1,57.49,18.5,1,32.6565,0.29865,3.28515,0.19966,258.81,780.9404346845494,1601325676,64.36647283315942,89.82647272262226,4.696347879340353,8,122.29196481210644,209.95621221025505,1.0,1.0
136,0,mild,5981.0,4.245,0.9968745129715414,1.2457918440007525,33.96,72.04,14.31,2.139,1,2,1.49,0.691,18.1,-3.45,46.77,0.164,1,46.62,45.8,0,,,,,,,548294283,66.85679726480164,60.357683611788495,5.79135649041778,0,,,,
279,0,mild,5939.5,4.412,1.0730165145498611,1.066425711203939,34.59,18.48,10.89,0.63,1,2,1.3,0.72,22.9,4.25,258.39,0.142,1,22.5,22.2,0,,,,,,,1124136364,63.41706415705853,40.65614704516136,11.999690648145638,0,,,,
141,0,mild,5257.0,4.229,1.1936723016662756,1.3863982481318544,25.85,70.73,8.54,0.84,1,3,1.247,0.716,17.2,1.39,157.59,0.168,1,29.19,17.4,0,,,,,,,1751839016,66.67617407952251,62.90096275008149,9.249504610595302,0,,,,
989,2,mild,5731.2,4.268,1.103473315181189,1.272084735499216,30.46,56.23,6.99,2.455,1,1,0.58,0.772,9.8,1.92,348.92,0.123,1,28.98,23.0,1,7.4391,0.20203,2.22233,0.07707,172.09,254.50688017029915,972951890,66.64141540496819,57.117739002475936,9.316530006324252,36,89.01733707538233,117.23973657432651,1.0,1.0
1125,3,strong,5691.9,4.501,0.9558749736601384,0.9053481683867524,16.92,52.45,141.2,4.169,1,4,2.17,0.572,12.2,4.66,145.64,0.087,1,2.038,173.6,1,17.4956,0.32777,3.60547,0.12993,141.4,1322.5345603714825,1058870740,64.28063082951074,241.77177604448903,132.47941098296218,15,104.3826711830384,406.2425931393785,1.0,1.0
1066,2,mild,5548.0,4.216,1.1936723016662756,1.4102318778856704,26.38,13.74,9.28,1.81,1,2,1.68,0.704,9.1,10.18,84.08,0.2,1,35.53,19.6,1,7.1733,0.28236,3.10596,0.07722,301.79,404.5061915560482,1983984101,67.1142153798155,86.30420488932204,7.59901603105198,37,118.9397839306808,193.75202471065165,1.0,1.0
1377,3,strong,6202.9,4.334,1.0472453755541222,1.1516352875127471,10.97,24.52,29.07,2.01,1,4,2.185,0.545,11.9,-5.47,121.43,0.103,1,2.122,121.9,1,7.2713,0.09269,1.01959,0.07459,323.16,65.36356319008858,720912097,65.23475995264485,80.71400836514485,127.23517416742548,37,18.742351601313885,29.816689143237188,1.0,1.0
780,2,mild,5265.4,4.481,0.9043326956686604,0.9187206178630278,32.98,53.55,8.25,1.875,1,1,1.58,0.704,22.3,-5.96,302.68,0.171,1,21.1,17.8,1,3.0435,0.19754,2.17294,0.03975,136.26,466.4907700518268,1386607380,64.87681519761152,100.00981654773332,12.795878653235867,88,142.16379605166975,261.2229125480785,1.0,1.0
1154,3,strong,6313.6,4.217,1.1093303922256754,1.357853428191987,21.71,62.55,103.32,1.011,1,5,2.476,0.496,24.1,3.91,195.73,0.081,1,4.395,835.5,1,3.558,0.13042,1.43462,0.04722,332.32,93.0855968503589,987847019,67.8885898799246,546.2173804366454,61.43186338641112,75,6.840480467314138,55.46054137763796,0.0,1.0
1379,3,strong,5224.5,4.381,0.983988943473672,1.0571000458921316,20.38,41.88,122.41,4.966,1,3,1.897,0.528,25.3,4.08,86.17,0.116,1,1.247,109.5,1,3.5159,0.33172,3.64892,0.04501,235.45,993.5986945425806,1813597832,71.49170979777983,289.463912589966,216.5140654236382,76,121.89394943065236,508.3681977161685,1.0,1.0
51,0,mild,5524.8,4.51,0.9066755264864548,0.8756879839057834,29.95,43.53,6.31,2.165,1,1,1.14,0.719,15.0,6.11,357.14,0.209,1,79.94,26.7,0,,,,,,,880430474,61.04271166812846,29.07887042453407,3.3774460793504737,0,,,,
731,1,strong,5271.9,4.492,0.903161280259804,0.8816866133227489,11.18,81.12,120.71,4.666,1,2,2.085,0.604,12.7,3.52,262.15,0.093,1,1.533,130.6,0,,,,,,,1919235404,60.20762412697725,173.31044888650374,176.12070422914343,0,,,,
866,2,mild,6311.4,4.453,1.096444822727806,1.0347660477005085,31.41,84.85,8.14,1.969,1,2,1.005,0.688,9.0,12.0,191.19,0.217,1,24.6,26.6,1,3.7684,0.09634,1.05974,0.04887,120.16,87.46389733789906,1814387166,63.94315932761007,46.52853508300274,10.975326812328328,71,38.43779275458503,47.5368629323626,1.0,1.0
169,0,mild,6004.1,4.354,1.0613023604607903,1.135270934978807,31.01,80.41,30.37,2.017,1,3,1.513,0.767,16.1,6.53,322.88,0.219,1,70.31,29.3,0,,,,,,,83560351,64.82911980078786,53.78968657611456,3.840037542074767,0,,,,
800,2,mild,5586.7,4.349,0.9277610038466048,1.0660429693867486,34.85,67.57,15.85,1.594,1,3,1.17,0.737,20.7,-13.16,136.35,0.21,1,58.04,17.4,1,5.069,0.09929,1.09219,0.05632,112.6,87.53091793676734,1793271039,64.72012872488827,55.67965218043823,4.651844238168106,53,33.75618847585175,44.5292709378389,1.0,1.0
1130,3,strong,5814.2,4.22,1.1690725780794338,1.3750735784389505,17.25,39.74,25.23,1.881,1,2,2.305,0.634,15.3,6.36,209.72,0.105,1,2.288,353.0,1,17.5363,0.2459,2.7049000000000003,0.13916,56.04,322.674811468489,797930426,66.55980831665786,163.1042920752371,118.00395086681682,15,43.1181539921182,114.11993194646772,1.0,1.0
384,1,strong,6297.2,4.395,1.1690725780794338,1.1339266261413372,8.09,56.74,25.83,4.111,1,2,2.595,0.521,7.3,7.01,241.26,0.104,1,2.738,750.7,0,,,,,,,26838280,64.55316516462413,330.69855157158923,98.60958348549192,0,,,,
724,1,strong,5472.7,4.265,1.1843009783950975,1.323384643412242,8.12,77.94,26.05,2.622,1,4,2.562,0.533,7.8,-6.71,126.09,0.098,1,5.212,1172.0,0,,,,,,,679968363,66.59270039158535,405.6219980968005,51.802194854811376,0,,,,
396,1,strong,5915.2,4.224,1.1714154088972284,1.3817669542923208,14.62,38.68,29.39,2.625,1,3,2.447,0.572,15.1,-1.92,95.08,0.073,1,2.922,363.8,0,,,,,,,2077548211,67.40871193192574,130.26433378646917,92.40008199290789,0,,,,
261,0,mild,6396.1,4.234,1.194843717075173,1.3680577346779932,21.5,47.29,24.46,0.629,1,1,1.83,0.764,15.7,-7.1,326.27,0.205,1,30.26,19.6,0,,,,,,,1652123507,67.2984854476026,43.72452835801424,8.92244017129137,0,,,,
757,2,mild,6031.2,4.22,1.0905877456833195,1.339149028591346,29.5,77.63,10.02,2.167,1,3,1.4,0.701,15.5,7.9,98.16,0.229,1,26.74,18.9,1,3.2854,0.12873,1.41603,0.04452,173.0,93.23985714254484,577581521,67.20424374563308,86.28094444077308,10.096972310518955,82,35.436249260029,57.66753357352264,1.0,1.0
574,1,strong,5740.5,4.494,0.9781318664291856,0.9273521643651558,8.67,23.01,58.0,4.148,1,4,2.08,0.521,10.3,2.56,296.06,0.113,1,3.995,106.7,0,,,,,,,128964305,62.08658862765646,116.12455420075464,67.58273831871762,0,,,,
704,1,strong,6244.6,4.41,1.0847306686388336,1.0742541423270249,15.72,60.97,135.77,3.66,1,3,2.257,0.565,15.3,-18.32,240.01,0.088,1,1.796,265.5,0,,,,,,,1866128910,63.92068460493533,187.67260371915373,150.33020021340582,0,,,,
1073,2,mild,6027.9,4.263,1.0730165145498611,1.2652224733001851,33.53,39.31,11.91,1.842,1,2,1.555,0.696,15.7,9.3,134.31,0.206,1,59.82,65.4,1,21.743,0.18299,2.01289,0.15608,38.06,211.0672256610346,450706176,66.04368812503711,66.77022403849203,4.513424265852171,12,47.72315364937351,67.86297379002022,1.0,1.0
540,1,strong,5831.9,4.358,0.9558749736601384,1.071531591106544,12.8,66.26,143.0,2.933,1,2,2.6,0.561,11.2,-7.05,289.36,0.084,1,1.207,159.2,0,,,,,,,259744336,65.04173952475732,214.73507918894447,223.68934513941744,0,,,,
710,1,strong,5562.2,4.355,0.9043326956686604,1.0463706256720773,20.09,82.74,124.94,4.814,1,2,2.135,0.578,18.9,17.43,114.47,0.125,1,5.26,495.9,0,,,,,,,166299824,65.20385316286962,243.9559226147438,51.329475205946174,0,,,,
1342,3,strong,5376.2,4.312,1.0531024525987964,1.18689856310924,19.03,58.86,101.46,1.284,1,5,2.554,0.575,19.8,-6.09,153.17,0.088,1,4.321,431.7,1,5.92,0.24358,2.67938,0.06516,343.68,424.9677037949632,1315412626,66.26434609595455,320.2489204392191,62.48392492091573,45,41.796211012392,206.27570032338,1.0,1.0
1096,2,mild,6016.0,4.503,1.030845559829561,0.9412082390886132,20.36,83.67,9.86,0.967,1,2,1.155,0.667,12.3,-3.72,205.66,0.191,1,49.25,16.7,1,33.681,0.19408,2.13488,0.20619,291.91,429.0323189584717,1500078604,62.67357486753823,64.607483155075,5.4820921742797335,8,77.1841292866046,110.85172229749028,1.0,1.0
1358,3,strong,5324.6,4.483,0.9043326956686604,0.9077183063844484,15.97,45.43,75.93,4.516,1,4,2.52,0.544,18.0,9.22,258.06,0.12,1,1.22,204.4,1,33.2776,0.09094,1.00034,0.1958,41.16,101.27624567081092,1310481519,62.64924972962647,267.35815883803275,221.30577015022692,8,5.982484852228243,26.222054063998467,0.0,1.0
607,1,strong,5823.2,4.212,1.194843717075173,1.4230638648009912,16.24,89.84,133.08,2.473,1,4,2.143,0.57,20.2,-3.96,251.03,0.094,1,3.641,196.1,0,,,,,,,1444788389,67.47270500930638,237.0451979487437,74.1535401217459,0,,,,
932,2,mild,5880.7,4.307,1.0683308529142723,1.2021539447613665,28.11,84.9,22.25,0.517,1,2,1.295,0.671,11.6,-8.33,82.94,0.206,1,22.26,39.7,1,4.079,0.30156,3.31716,0.05108,72.31,634.93194741893,2043607992,68.0542586890025,149.41689802406503,12.129067366724028,66,142.1358291607901,342.9117446382574,1.0,1.0
1306,3,strong,5536.4,4.441,0.9277610038466048,0.9625557721824648,21.23,79.69,99.21,2.681,1,5,2.046,0.564,23.0,1.39,141.52,0.106,1,2.216,107.5,1,3.2903,0.12687,1.3955700000000002,0.04223,176.63,175.2935581385809,378039650,63.27872538760384,247.08366198097744,121.83801425238124,82,24.88651612313072,100.3102154554799,1.0,1.0
912,2,mild,5730.4,4.385,0.995703097562644,1.059695709445718,28.22,64.61,9.54,2.208,1,1,0.55,0.753,19.9,-1.24,351.07,0.204,1,33.44,22.9,1,14.3091,0.33988,3.73868,0.11518,85.5,1037.979435761639,1943238861,65.23372415169584,142.79096462366218,8.07395453299273,18,148.61115220103346,357.6357966049982,1.0,1.0
230,0,mild,5494.9,4.55,0.9019898648510196,0.8357444665144614,23.44,69.98,28.13,0.818,1,3,1.037,0.687,14.5,1.45,95.21,0.15,1,29.33,26.2,0,,,,,,,1192950043,60.792921795520286,47.58232265099585,9.20535423059246,0,,,,
359,0,mild,5977.9,4.402,1.065988022096431,1.0738739823623904,24.76,70.35,8.46,2.476,1,1,1.69,0.646,16.9,18.69,246.96,0.144,1,22.66,36.5,0,,,,,,,1074961510,63.50347800914781,67.01356950675516,11.914962029270823,0,,,,
252,0,mild,5909.8,4.235,1.1761010705328172,1.3694836781467747,28.06,73.7,13.23,1.154,1,1,1.97,0.652,8.9,2.81,159.72,0.139,1,28.27,23.6,0,,,,,,,1871563135,66.48015953951678,52.481229252357934,9.55051431139996,0,,,,
1262,3,strong,5595.8,4.292,1.112844638452367,1.2510864296820376,17.01,89.69,130.37,1.586,1,4,2.33,0.535,15.7,-7.69,206.2,0.089,1,5.581,189.0,1,4.5569,0.18972,2.08692,0.05574,65.45,232.03392546543105,662960823,66.78173406477853,300.12135846506067,48.37717964222843,59,27.067818850243487,124.61962480429928,1.0,1.0
1441,3,strong,6159.3,4.417,1.1573584239904615,1.0974677299347806,19.49,77.47,46.3,2.152,1,5,2.31,0.564,20.4,18.41,213.3,0.095,1,4.6,101.1,1,12.5353,0.23627,2.59897,0.11088,147.71,467.6635549638809,1426682129,63.90502351037826,388.5441877487752,58.6941390398428,21,27.99180165497984,172.47746151562575,1.0,1.0
16,0,mild,5912.4,4.474,1.0542738680075054,0.9853066982554612,31.93,49.05,35.75,1.007,1,2,0.96,0.744,15.7,3.44,251.5,0.189,1,23.61,16.7,0,,,,,,,363774124,62.89175662681197,48.725902097547525,11.435537466466618,0,,,,
1075,2,mild,5754.6,4.451,0.9441608195711662,0.9606407660314792,26.38,82.55,28.74,2.317,1,1,1.62,0.624,9.7,4.13,131.5,0.192,1,29.1,17.6,1,6.255,0.27787,3.05657,0.06518,103.51,844.2307743260793,1202277097,65.6101191111333,149.65418849284092,9.278111325885805,43,150.19622192063886,374.0696428427287,1.0,1.0
435,1,strong,5396.2,4.306,1.0941019919100112,1.2152278234580087,8.15,26.6,137.18,1.495,1,3,2.467,0.477,7.8,-21.62,131.02,0.11,1,2.111,270.9,0,,,,,,,1067192481,65.68599692544443,176.31362667637475,127.89817128530404,0,,,,
1355,3,strong,5695.4,4.391,0.9863317742915458,1.0509348155881548,21.87,79.69,137.54,1.449,1,5,2.04,0.557,23.6,4.17,150.33,0.116,1,3.1,146.3,1,3.0102,0.10038,1.10418,0.04061,158.54,92.05400868417212,927951281,64.78514681362469,333.3888850006451,87.09452889783124,89,10.42009290291816,54.62557572472068,1.0,1.0
372,0,mild,6070.5,4.332,1.016788574922794,1.1389958403827227,28.68,75.24,21.91,0.891,1,3,1.15,0.739,16.3,-5.08,178.43,0.17,1,31.95,30.9,0,,,,,,,510715614,65.45786176642635,68.30529726444077,8.450486371933549,0,,,,
456,1,strong,5562.7,4.348,0.9043326956686604,1.0541433121020376,16.2,67.21,32.68,2.341,1,5,2.01,0.572,16.3,9.53,59.68,0.114,1,1.691,127.2,0,,,,,,,477530421,65.13307343135438,209.24609731367968,159.66471885468766,0,,,,
1336,3,strong,5858.6,4.225,1.1690725780794338,1.3817750594622964,10.76,79.57,57.14,4.384,1,5,2.332,0.462,10.8,11.94,181.74,0.086,1,2.354,216.9,1,10.5203,0.25863,2.84493,0.09899,313.23,353.49476180624055,293385145,67.11895201123856,313.3028805401054,114.69542887989672,25,30.86585019121884,147.34704297954778,1.0,1.0
965,2,mild,5566.8,4.32,1.0613023604607903,1.1793620288588915,25.96,49.11,14.7,0.519,1,1,0.9,0.663,17.5,-13.96,306.66,0.153,1,34.01,17.8,1,42.8681,0.30052,3.30572,0.24452,249.95,655.1675222107372,566825419,65.40386524716293,72.84971859441919,7.938636859255421,6,108.83307486809623,162.91002610155624,1.0,1.0
9,0,mild,5372.7,4.205,1.1936723016662756,1.3916484807890928,23.44,22.48,6.58,1.855,1,1,1.26,0.745,12.9,12.16,257.55,0.146,1,55.71,16.9,0,,,,,,,353492596,66.86500814524115,35.50178566038656,4.8464017157292565,0,,,,
601,1,strong,5218.4,4.417,0.9769604510202644,1.0145098138468942,10.87,89.7,125.31,3.294,1,2,2.555,0.526,7.8,18.84,237.31,0.084,1,3.737,109.9,0,,,,,,,856341811,63.53836076402416,198.75129366658936,72.24860572204358,0,,,,
702,1,strong,5789.1,4.217,1.194843717075173,1.4142918069078991,19.03,72.97,90.07,4.909,1,5,2.002,0.573,18.5,-0.46,172.17,0.122,1,1.379,107.2,0,,,,,,,1722297473,67.2404320412889,326.7699193027469,195.7890062242762,0,,,,
1258,3,strong,5324.4,4.545,0.9043326956686604,0.8420983464081163,21.6,63.37,49.8,3.972,1,4,2.105,0.507,22.9,10.48,159.77,0.081,1,5.191,990.1,1,6.8405,0.2951,3.2461,0.0682,329.6,1239.1180179267974,2023128778,66.89729060815176,483.20258007751903,52.01175873305276,39,67.31598069223182,490.8644848002076,1.0,1.0
241,0,mild,5602.5,4.204,1.1936723016662756,1.4204454610208976,29.48,66.09,39.89,1.089,1,1,0.92,0.697,10.3,5.53,124.21,0.165,1,34.63,15.5,0,,,,,,,820071203,67.5130850619277,53.08068895553535,7.796507062757056,0,,,,
291,0,mild,5540.9,4.423,0.9558749736601384,0.9946256743661436,34.32,87.05,22.68,1.49,1,3,1.31,0.739,21.6,-5.94,161.4,0.175,1,43.07,37.2,0,,,,,,,812836726,63.41315832431333,45.794495672372975,6.268703031884766,0,,,,
85,0,mild,5412.4,4.43,0.9219039268021187,0.9662004631855672,24.13,48.89,5.72,0.61,1,2,0.57,0.768,12.4,-7.54,242.42,0.16,1,42.84,17.2,0,,,,,,,2003459346,62.908399574351954,30.70307973522984,6.302358533689936,0,,,,
816,2,mild,5274.4,4.2,1.1936723016662756,1.386735652068645,26.8,33.78,23.59,1.374,1,2,1.18,0.742,19.1,6.62,175.86,0.208,1,79.08,23.5,1,22.1388,0.10883,1.19713,0.16368,116.46,62.14551312498847,107604910,66.45201488560556,43.9323172010501,3.414176019009571,12,17.08881580273324,20.48571231399817,1.0,1.0
1122,2,mild,6142.7,4.235,1.1714154088972284,1.373265491523353,26.91,42.96,28.69,0.989,1,2,1.255,0.704,11.7,-3.96,192.88,0.179,1,47.97,97.9,1,3.9528,0.2554,2.8094,0.05158,183.21,349.0058078823336,1085327114,67.9074878524473,94.2680971012239,5.628372724270937,68,117.34035114150645,200.7533673812193,1.0,1.0
938,2,mild,5865.4,4.462,1.021474236558383,0.9831933372708964,24.26,40.84,5.93,0.626,1,3,1.177,0.697,9.9,-12.23,79.81,0.173,1,45.45,16.2,1,3.0754,0.19702,2.16722,0.04168,3.69,405.1750160150234,2102828008,64.90975582570849,90.62955064215036,5.940440914923583,87,133.3219307096151,228.9679129990945,1.0,1.0
445,1,strong,5705.2,4.306,1.0812164224121417,1.2112706537787012,13.33,40.14,147.16,3.475,1,4,2.177,0.543,12.6,-1.46,133.83,0.094,1,1.58,128.2,0,,,,,,,1088279051,65.64830348153458,198.73322276037968,170.88167062232714,0,,,,
743,1,strong,6060.8,4.463,1.091759161092217,1.020453731015706,20.63,81.81,40.9,1.224,1,4,2.252,0.561,21.8,1.95,107.55,0.105,1,1.74,252.8,0,,,,,,,400338208,63.70170981056001,295.00120963911,155.1684135536074,0,,,,
358,0,mild,5412.2,4.344,1.0495882063719166,1.139096657363004,29.52,63.0,23.07,0.986,1,3,0.867,0.713,15.8,4.71,99.89,0.181,1,43.11,34.1,0,,,,,,,44867778,64.60568890441319,46.29391699945104,6.262886559574968,0,,,,
1278,3,strong,5589.1,4.399,1.000388759198233,1.0484742760947012,12.92,73.73,107.4,4.792,1,2,2.65,0.564,10.4,-3.53,294.66,0.073,1,4.645,174.7,1,4.4208,0.1089,1.1979,0.05272,109.91,108.85291968451696,1840190119,63.94192931398313,234.5957523346955,58.12551982417156,61,15.137080325444272,57.56219136208357,1.0,1.0
1257,3,strong,5383.8,4.224,1.1936723016662756,1.3916484807890928,19.72,80.35,71.63,4.593,1,5,2.298,0.542,17.7,5.42,224.82,0.121,1,3.072,102.5,1,8.5983,0.33045,3.63495,0.08713,28.78,568.9214325325654,1324117773,67.26600877201405,336.60066831497664,87.88835923934793,31,49.93266724295314,254.80463554915175,1.0,1.0
1350,3,strong,6256.9,4.259,1.1761010705328172,1.3312867209217212,13.91,55.78,28.08,3.822,1,3,1.983,0.521,13.3,6.79,176.31,0.084,1,1.758,108.3,1,8.0164,0.15529,1.70819,0.08274,257.19,137.29150375082526,1717381689,67.06572155309367,148.10453368775543,153.5796584660278,33,25.43732392061647,61.665478717865845,1.0,1.0
25,0,mild,5965.1,4.427,1.0542738680075054,1.0395207598903542,30.05,23.96,24.43,0.616,1,2,1.285,0.733,18.9,2.19,243.15,0.207,1,41.78,16.5,0,,,,,,,23037442,63.83262533988019,42.61385182134118,6.462255614726589,0,,,,
854,2,mild,6180.9,4.373,1.0683308529142723,1.1143149550133709,25.35,53.14,19.81,2.134,1,3,1.077,0.683,14.9,-9.83,159.1,0.152,1,33.42,22.2,1,12.8973,0.30409,3.34499,0.11003,38.92,751.429500478691,289991398,65.37989077103077,114.4908206165096,8.078786343006488,20,134.50286466599678,271.2349735886582,1.0,1.0
613,1,strong,5518.4,4.297,1.0636451912786833,1.2166069130939232,8.89,60.46,88.83,2.087,1,3,2.483,0.509,10.6,-5.07,151.41,0.097,1,2.029,101.9,0,,,,,,,1297907735,65.9377936623913,184.93397073546373,133.06704760141787,0,,,,
71,0,mild,6316.0,4.374,1.1433014390836949,1.1500295942925662,29.64,32.37,30.35,2.498,1,2,1.525,0.746,16.6,-7.33,153.44,0.187,1,23.25,18.6,0,,,,,,,1027366755,64.88310013566146,49.95744464468552,11.612603853044169,0,,,,
1123,2,mild,6239.9,4.54,1.0636451912786833,0.9974886688805212,23.46,45.74,34.49,1.843,1,3,1.337,0.717,15.1,6.93,182.22,0.197,1,42.09,27.2,1,13.9436,0.11509,1.26599,0.11573,89.43,134.32570245514327,15708519,62.90844273272483,80.82812997380073,6.414660004354404,19,28.93579172288449,47.11159582698088,1.0,1.0
765,2,mild,5635.3,4.53,0.9441608195711662,0.8771182162419942,23.83,46.97,28.38,2.294,1,3,1.093,0.681,13.2,4.29,190.92,0.157,1,24.68,81.7,1,40.876,0.11138,1.2251800000000002,0.22782,165.72,162.70393180720424,1667874637,61.44380940124033,52.37791603970639,10.939750388301333,6,28.59171505516793,37.57037205289843,1.0,1.0
594,1,strong,5789.5,4.398,0.9441608195711662,1.0169891365926444,19.77,12.27,34.83,1.701,1,3,1.943,0.463,22.5,13.37,296.49,0.084,1,1.747,859.1,0,,,,,,,592356988,66.92203114540244,296.19213088255884,154.5466740602615,0,,,,
933,2,mild,5564.4,4.439,0.9371323271177828,0.9621995333951474,20.91,40.89,35.87,0.546,1,3,1.24,0.694,8.6,5.89,54.65,0.176,1,39.68,21.0,1,7.9973,0.10865,1.19515,0.07659,128.07,128.65570813921886,238128141,63.27223005248612,68.08771745513732,6.804260070143067,33,36.80045978712214,54.06045437046403,1.0,1.0
507,1,strong,5850.8,4.282,1.0097600824694108,1.2015376638231734,20.59,41.39,35.21,1.616,1,2,2.22,0.477,19.1,12.07,114.5,0.11,1,1.4,220.6,0,,,,,,,1332148083,66.66140312640599,185.65626370282135,192.85217113091207,0,,,,
78,0,mild,6099.6,4.29,1.103473315181189,1.2452649808777272,33.0,58.02,23.59,2.271,1,1,1.3,0.76,11.5,-18.91,345.07,0.15,1,53.52,32.6,0,,,,,,,1862503087,66.1020328503677,44.69047892600909,5.0447129966979976,0,,,,
20,0,mild,6205.6,4.214,1.108158976816778,1.3600765398452266,23.03,55.23,6.48,1.509,1,3,1.613,0.772,9.0,-6.76,155.18,0.158,1,37.77,45.0,0,,,,,,,1817045846,67.2131020016657,52.29827522108859,7.148346295559355,0,,,,
451,1,strong,6226.1,4.413,1.1468156853103866,1.1004570201156865,10.31,45.64,42.64,4.96,1,4,2.493,0.516,11.2,10.63,165.09,0.109,1,2.264,180.6,0,,,,,,,254769732,63.95147810398176,231.4785858783512,119.25487614102336,0,,,,
1393,3,strong,5866.9,4.315,1.0706736837320667,1.1917238063484237,9.37,83.31,129.21,4.77,1,3,2.26,0.521,8.3,-2.61,142.57,0.105,1,1.235,217.1,1,12.3438,0.21688,2.38568,0.10694,144.29,334.1855452782787,1300703898,66.10988767423099,225.84087815452733,218.6178458164185,21,35.24348538961971,125.44917496759348,1.0,1.0
687,1,strong,6359.2,4.261,1.129244454176928,1.300258803980612,12.25,42.41,147.38,2.924,1,3,2.247,0.54,15.5,17.52,137.27,0.092,1,5.706,159.7,0,,,,,,,899899338,67.29604699953515,205.8733896347789,47.31739214568469,0,,,,
830,2,mild,5706.8,4.254,1.190158055439584,1.3449645176255065,22.92,89.13,6.19,2.452,1,1,1.63,0.677,12.0,17.45,86.48,0.233,1,70.74,19.1,1,13.5236,0.24343,2.67773,0.11773,302.02,330.5418292303153,1197866669,66.73837068963222,73.87028070333399,3.816695498774058,19,83.06194449576414,123.90290085554724,1.0,1.0
1345,3,strong,5430.9,4.524,0.9371323271177828,0.8715964907144941,19.95,74.66,102.05,4.765,1,5,2.42,0.496,24.7,6.31,140.28,0.124,1,2.496,238.6,1,4.4463,0.20366,2.24026,0.05179,168.34,550.9096947790555,278681987,62.67502606782616,495.7531819940008,108.17028829458208,60,34.11053331469173,271.9585488689541,1.0,1.0
829,2,mild,6207.3,4.227,1.108158976816778,1.3409323086530316,33.93,73.07,18.31,0.833,1,3,1.19,0.676,20.7,3.94,210.16,0.202,1,38.14,17.9,1,16.72,0.2677,2.9447,0.13242,328.49,402.1452235841005,1551038996,67.7001766083415,73.44619646608392,7.078999464690007,16,96.75087219424049,142.75107494596745,1.0,1.0
550,1,strong,5944.9,4.383,0.948846481206755,1.036917379475402,20.47,51.24,29.53,2.15,1,5,2.346,0.522,22.3,3.15,195.63,0.096,1,2.732,128.3,0,,,,,,,1499834671,64.46012650229851,175.80500125977204,98.82614918860791,0,,,,
497,1,strong,6388.0,4.244,1.194843717075173,1.3680577346779932,13.49,52.66,125.84,4.507,1,3,2.343,0.548,11.8,-8.08,85.76,0.11,1,2.137,163.6,0,,,,,,,1981879926,67.575508253495,187.20851673270556,126.3420868428998,0,,,,
1143,3,strong,5831.1,4.27,0.9558749736601384,1.1859972158278875,8.22,59.39,41.48,3.037,1,4,2.028,0.609,8.9,-2.95,147.86,0.08,1,1.771,862.1,1,33.9996,0.09689,1.06579,0.20233,27.47,67.34268917797695,2018882157,67.06110900199263,326.1388272300606,152.4523091943969,7,3.4880484855188296,17.31835027354229,0.0,1.0
598,1,strong,5512.2,4.377,0.903161280259804,1.0195759591055904,8.55,88.92,128.24,3.702,1,4,2.66,0.499,9.6,-15.08,188.2,0.088,1,2.391,132.2,0,,,,,,,1578996409,64.18718216264281,281.0740389148614,112.92055189597528,0,,,,
1080,2,mild,5562.9,4.44,0.9371323271177828,0.96088895016784,27.42,55.7,32.05,2.174,1,2,1.665,0.683,13.2,-10.88,230.22,0.188,1,68.5,21.6,1,15.7703,0.17332,1.90652,0.12044,173.64,328.2848526681224,913480971,63.586104714017296,63.894401647993526,3.941504227493093,17,77.7688207013144,110.24866629568908,1.0,1.0
153,0,mild,5243.6,4.499,0.903161280259804,0.8900660772710814,22.45,56.85,14.36,1.349,1,1,1.87,0.702,17.3,14.65,332.06,0.157,1,43.28,18.1,0,,,,,,,1064059553,60.210451000400575,72.87263697122853,6.238286496840963,0,,,,
1454,3,strong,5210.2,4.25,1.194843717075173,1.3589112530071146,9.69,72.01,44.18,4.465,1,4,2.44,0.455,10.5,-8.38,76.66,0.115,1,5.908,141.1,1,14.357,0.23864,2.62504,0.12267,273.58,311.1746235805258,1145690226,66.01995641475239,252.68980943203948,45.699566618699535,18,29.434188718532887,116.44030301525686,1.0,1.0
661,1,strong,5759.8,4.373,0.974617620202494,1.0617635076461196,12.56,69.04,46.18,3.705,1,4,1.98,0.467,15.3,-10.39,151.11,0.117,1,1.366,210.1,0,,,,,,,430268973,64.54227846506637,200.0786068365339,197.65229837721583,0,,,,
418,1,strong,5290.8,4.421,0.9675891277491108,1.0029737687787732,9.69,78.78,80.76,2.671,1,4,2.253,0.512,8.8,-2.88,123.4,0.103,1,3.68,202.0,0,,,,,,,1445523473,63.9797522330116,231.7171095980352,73.3676737998035,0,,,,
76,0,mild,6184.6,4.462,1.0847306686388336,1.011437631496783,24.32,69.47,6.39,0.977,1,2,1.43,0.734,11.6,14.17,217.32,0.183,1,54.4,68.2,0,,,,,,,2114274752,63.07639354076849,59.48105286657219,4.963107345280825,0,,,,
729,1,strong,5244.0,4.501,0.903161280259804,0.8900660772710814,18.67,55.45,79.05,3.458,1,2,2.08,0.436,13.1,18.66,169.61,0.114,1,1.102,312.6,0,,,,,,,1829784106,61.32542058964717,248.11360319346215,245.002758242538,0,,,,
416,1,strong,5813.2,4.535,0.9968745129715414,0.8905506017652866,20.67,59.53,50.89,4.787,1,5,2.168,0.495,18.3,-7.72,220.59,0.101,1,2.498,108.7,0,,,,,,,2095381124,62.16211038539137,223.21026665392023,108.08368277953436,0,,,,
232,0,mild,5548.6,4.344,1.016788574922794,1.122766251595923,31.38,53.19,10.22,1.229,1,3,1.067,0.693,19.4,5.66,177.76,0.199,1,73.21,16.7,0,,,,,,,1608300265,64.80491334840151,43.70262275630495,3.687925687519149,0,,,,
39,0,mild,6375.1,4.332,1.096444822727806,1.1813408653909805,30.79,82.5,31.66,1.289,1,1,1.41,0.725,13.7,17.42,168.35,0.198,1,26.27,22.1,0,,,,,,,876090500,65.62886063455433,47.47018450073647,10.277618560459722,0,,,,
326,0,mild,5679.0,4.202,1.1936723016662756,1.4326486451307818,34.33,40.46,30.43,1.082,1,3,1.083,0.682,17.7,-1.97,119.18,0.194,1,65.16,39.0,0,,,,,,,630271734,67.26232952072644,58.14300211858273,4.14353958844808,0,,,,
779,2,mild,5475.2,4.396,0.9324466654821938,1.008734491045299,26.01,57.91,32.28,2.356,1,3,0.89,0.68,12.9,-2.37,209.58,0.192,1,47.17,32.1,1,12.3203,0.10164,1.11804,0.10199,268.52,102.441387868514,1384985790,63.65003844863523,49.74383725761013,5.723829543847294,21,29.61925510699037,37.59166551444317,1.0,1.0
946,2,mild,5938.9,4.348,0.995703097562644,1.105586788759252,24.65,54.87,27.94,1.514,1,2,0.905,0.68,13.3,7.71,300.58,0.186,1,27.75,19.7,1,6.4199,0.11877,1.30647,0.0675,53.82,116.44684176174457,1060399011,65.17698707575484,51.66269647346277,9.72947890390187,42,42.9606782098714,54.81987672073748,1.0,1.0
19,0,mild,5371.6,4.472,0.9066755264864548,0.923875733591034,22.97,39.72,33.22,1.813,1,1,0.51,0.629,12.9,-10.46,305.79,0.224,1,21.65,47.0,0,,,,,,,1473380725,63.07792026820895,48.36349254826873,12.470810142414637,0,,,,
1427,3,strong,5796.1,4.29,0.9207325113932217,1.1372103581742363,19.63,60.09,111.42,3.101,1,2,2.095,0.5,17.9,23.43,173.42,0.098,1,5.275,112.2,1,9.9389,0.16147,1.77617,0.08801,15.19,203.4238920032976,843962668,66.2098154918268,188.58729277401872,51.18351461294348,27,27.67173717184297,83.53461885348086,1.0,1.0
400,1,strong,5663.9,4.509,0.9441608195711662,0.8955551054165585,10.53,49.6,32.2,2.462,1,3,2.363,0.568,7.1,12.41,225.8,0.098,1,1.709,1102.2,0,,,,,,,151901989,63.82492696511858,418.29835927200736,157.98305417394783,0,,,,
845,2,mild,6067.1,4.405,1.1655583318527425,1.1199328307422896,20.91,39.91,7.63,2.037,1,3,1.407,0.724,9.8,8.97,136.09,0.175,1,57.24,30.8,1,3.2841,0.13714,1.5085400000000002,0.04551,225.89,151.301843686709,1145745113,64.23298398585656,60.63748001054202,4.716859531503789,82,64.38529085764071,88.54279988181902,1.0,1.0
1498,3,strong,6246.3,4.339,1.103473315181189,1.1758746039369514,16.18,83.93,89.3,2.072,1,2,2.12,0.633,15.6,-24.7,217.36,0.075,1,2.328,127.0,1,4.0614,0.33073,3.63803,0.05148,250.59,798.2244796057633,470875333,69.8148127989021,229.3048298099896,115.97639157357254,66,120.31426355180272,413.0786482679163,1.0,1.0
1210,3,strong,5570.8,4.286,1.1643869164438791,1.2827525517934166,13.36,14.06,45.54,3.926,1,4,2.18,0.548,10.8,24.04,134.1,0.108,1,1.119,891.4,1,9.7964,0.14529,1.59819,0.09426,234.02,129.4450820576643,217133605,71.18208623597685,320.38461990922474,241.28064305922865,27,10.925712846679016,50.3748216934418,1.0,1.0
888,2,mild,5846.4,4.431,0.9511893120245496,0.983661838334852,30.56,21.68,17.7,1.101,1,1,0.64,0.747,23.9,6.93,249.34,0.188,1,25.02,17.9,1,3.1344,0.18845,2.07295,0.04122,135.78,370.3399125334923,1764708401,64.44120695058936,84.27740686461601,10.791088712361184,86,129.268152848444,212.81752506052015,1.0,1.0
1158,3,strong,6004.9,4.207,1.0730165145498611,1.3396007563640602,11.32,70.83,57.65,3.125,1,5,2.488,0.566,11.9,9.66,234.91,0.112,1,5.581,422.1,1,11.7551,0.29438,3.23818,0.10358,337.1,487.2655594002948,1916246049,67.45525284227499,357.75051569647536,48.37717964222843,22,35.7398077927932,192.88692167682856,1.0,1.0
1112,2,mild,6273.6,4.289,1.1761010705328172,1.286385334044624,23.63,53.88,32.37,1.636,1,3,1.207,0.729,11.8,-2.05,217.58,0.17,1,43.85,69.8,1,40.2098,0.24075,2.64825,0.24246,118.2,353.4193416945657,1974015217,65.96055430928634,61.036904699483074,6.157195885593543,6,64.96463430393521,88.51133300833797,1.0,1.0
923,2,mild,5603.7,4.493,0.9219039268021187,0.8985223346664076,33.83,60.12,24.09,1.465,1,1,1.29,0.692,24.7,-4.32,179.45,0.194,1,72.96,31.3,1,11.1195,0.13686,1.50546,0.09489,265.07,234.09665047277252,1600830547,61.879536333787904,56.03978941161832,3.7005624942883344,24,65.08493026786365,87.80824460736812,1.0,1.0
492,1,strong,6200.0,4.476,1.0636451912786833,0.9971585139118953,16.34,58.92,32.12,3.542,1,5,2.318,0.55,16.4,-4.59,128.45,0.108,1,1.216,305.4,0,,,,,,,1160960267,63.23785980328767,313.30968047101044,222.0337496573001,0,,,,
865,2,mild,5688.4,4.405,0.948846481206755,1.0155026080725025,26.76,68.24,12.75,0.755,1,3,1.12,0.695,11.0,4.37,302.14,0.224,1,39.74,18.3,1,7.9829,0.09977,1.09747,0.07681,26.33,97.3952418497204,1168333777,63.91545165222422,52.2862308380123,6.793986904460917,33,32.13796595187657,41.5215904625667,1.0,1.0
712,1,strong,6140.7,4.223,1.1690725780794338,1.384172619456668,16.54,41.59,103.04,1.459,1,5,2.134,0.544,16.5,1.75,140.53,0.105,1,1.419,764.4,0,,,,,,,540451287,68.54893995889752,304.3128417093717,190.26993628137905,0,,,,
984,2,mild,5434.7,4.321,1.0613023604607903,1.172903020755327,32.18,29.06,8.33,2.143,1,3,1.117,0.703,12.4,-3.84,126.23,0.172,1,41.27,15.9,1,7.3468,0.26072,2.86792,0.07544,215.89,498.5679622526407,591294537,66.03313050807252,92.53400088703442,6.5421138740798845,36,129.85342769315562,223.54851326961503,1.0,1.0
222,0,mild,5994.7,4.24,1.0542738680075054,1.2887231778183392,24.4,32.62,8.2,1.385,1,2,0.99,0.703,12.8,-6.62,207.23,0.181,1,46.12,21.1,0,,,,,,,2010638123,66.9299884704013,38.61055358562992,5.854142228605309,0,,,,
31,0,mild,5482.1,4.314,1.0683308529142723,1.1867858069773625,33.64,25.96,15.04,1.985,1,2,1.2,0.698,17.1,-8.12,243.1,0.192,1,79.41,35.2,0,,,,,,,842606211,64.99300293218805,37.28861111906722,3.399987905594722,0,,,,
660,1,strong,5806.0,4.311,1.0355312214651498,1.1769942848819963,19.51,46.2,28.99,2.735,1,5,2.08,0.5,17.1,9.2,216.81,0.092,1,4.735,1391.4,0,,,,,,,1151412699,65.65860214826192,470.9637519508527,57.02070529741855,0,,,,
1494,3,strong,5204.0,4.497,0.903161280259804,0.9003445625188581,8.81,87.85,119.48,4.904,1,5,2.522,0.495,9.4,-11.53,160.13,0.101,1,1.153,103.3,1,5.5804,0.09662,1.06282,0.05952,189.84,116.20276347293472,2074720797,60.639601675881295,281.7440516285889,234.1656891442124,48,11.850976962823651,56.322976692133786,1.0,1.0
976,2,mild,5569.4,4.5,0.9019898648510196,0.8864980490746994,24.54,18.01,9.43,2.112,1,3,1.33,0.694,8.6,11.7,143.05,0.181,1,68.58,23.1,1,4.2534,0.12811,1.40921,0.04964,330.01,210.72224094549787,468844341,62.17271655552544,55.211797252404246,3.9369063806252096,63,80.94705586875607,108.2578211666804,1.0,1.0
500,1,strong,5599.1,4.354,1.021474236558383,1.116152844812282,20.44,51.26,45.36,2.523,1,3,2.18,0.511,16.3,-16.74,76.2,0.097,1,3.89,490.0,0,,,,,,,397958484,64.17623072552574,200.907493741363,69.40695104968557,0,,,,
662,1,strong,5953.1,4.268,0.983988943473672,1.206043111693119,21.92,82.72,36.02,1.041,1,5,2.202,0.57,26.6,-14.93,271.9,0.079,1,4.535,189.7,0,,,,,,,276331817,67.0741212514145,269.9422328480779,59.53540012861673,0,,,,
960,2,mild,6350.7,4.241,1.096444822727806,1.3165963934004374,24.68,86.02,5.87,1.727,1,1,0.81,0.726,10.2,5.61,302.02,0.191,1,34.48,19.7,1,3.3755,0.1666,1.8326,0.04541,78.51,161.56398410072464,1112377169,67.44519694139508,52.2772050497148,7.83042458188158,79,76.86735496257641,97.25436732988535,1.0,1.0
320,0,mild,6341.5,4.396,1.096444822727806,1.0953729238977117,20.41,42.24,27.55,0.894,1,3,1.297,0.768,10.3,2.17,141.57,0.167,1,34.41,56.5,0,,,,,,,1511546944,64.35173424882255,49.19593510757443,7.846353954759572,0,,,,
374,0,mild,6357.6,4.442,1.1690725780794338,1.1051903686045792,28.88,77.76,15.36,0.651,1,3,1.38,0.704,15.1,-10.1,251.18,0.214,1,70.02,26.8,0,,,,,,,343661717,63.340533572357664,54.01133506383662,3.855941724982532,0,,,,
508,1,strong,5822.5,4.467,1.101130484363395,1.0149176070876258,8.76,24.28,28.44,2.505,1,2,2.075,0.528,10.1,-0.04,233.91,0.11,1,2.887,276.1,0,,,,,,,1271341248,63.09561520108777,123.62089740470584,93.5202769599158,0,,,,
1273,3,strong,5772.3,4.211,1.194843717075173,1.4142918069078991,8.26,56.46,78.62,2.102,1,3,2.097,0.52,6.9,-24.6,175.26,0.097,1,1.254,112.4,1,17.2714,0.13264,1.45904,0.13876,19.98,88.75051004725422,1846029667,66.86084336225869,102.95884483198525,215.30545421313943,15,17.152852625225282,31.494451112879617,1.0,1.0
1364,3,strong,5952.3,4.451,0.9816461126558772,0.9742387775826952,10.38,79.39,31.95,2.146,1,3,1.94,0.49,12.4,-4.94,233.52,0.099,1,2.691,107.9,1,40.4544,0.27213,2.99343,0.22921,196.89,787.2667362394482,325150882,63.57112875862962,169.0538774558759,100.33186160656888,6,64.6453369973714,183.66339180682164,1.0,1.0
1496,3,strong,5919.4,4.417,0.983988943473672,1.0157162109794913,20.69,63.88,132.06,1.708,1,2,2.32,0.565,15.3,-12.48,262.02,0.124,1,5.309,229.1,1,17.6209,0.32777,3.60547,0.13181,265.42,1050.7357687417414,411684045,65.49465427930242,250.12886904323145,50.85572416335974,15,84.68082933320905,334.3050599557616,1.0,1.0
296,0,mild,6068.6,4.379,1.0706736837320667,1.106722381401838,30.69,14.0,7.98,1.978,1,3,1.09,0.725,17.7,2.03,219.16,0.184,1,38.12,57.3,0,,,,,,,1582680304,64.59397680097419,41.02439360108541,7.082713525269593,0,,,,
172,0,mild,5956.8,4.529,1.016788574922794,0.9314673116172068,34.42,49.73,20.59,2.136,1,3,1.227,0.739,13.8,9.52,128.22,0.185,1,24.74,28.7,0,,,,,,,477366616,63.67582557642814,58.18874836919973,10.913219061571418,0,,,,
1195,3,strong,5559.1,4.352,0.9043326956686604,1.0493359252241132,11.36,76.67,40.83,1.581,1,2,2.44,0.445,9.7,-1.33,166.05,0.108,1,5.252,109.8,1,36.897,0.17848,1.96328,0.20975,344.37,291.910632098481,1346702051,65.14839465372505,148.97338432692737,51.40766176376178,7,29.79714138099073,74.3669740771683,1.0,1.0
98,0,mild,6124.2,4.48,1.0941019919100112,0.9978397758404838,29.04,64.89,29.7,0.696,1,1,1.12,0.628,13.6,-4.29,153.04,0.154,1,67.68,19.5,0,,,,,,,286523258,63.05346565517857,44.90770214743404,3.98925885909097,0,,,,
417,1,strong,5299.4,4.486,0.9043326956686604,0.9141279413633898,11.67,75.83,65.96,3.556,1,5,1.982,0.586,12.3,-20.04,190.45,0.103,1,3.066,256.2,0,,,,,,,1381026910,62.57770933178929,144.17598680938437,88.06035211457171,0,,,,
998,2,mild,5664.9,4.392,0.983988943473672,1.0455142797528874,29.4,78.26,33.97,1.285,1,3,1.58,0.722,13.6,4.07,144.42,0.187,1,27.85,15.4,1,31.4962,0.18631,2.04941,0.19414,103.92,320.4145846967318,111235602,64.18463581864317,89.40180747808304,9.694543611607786,8,49.518769910762906,84.90885494438731,1.0,1.0
1163,3,strong,6013.3,4.24,0.9816461126558772,1.2434232238504812,10.36,53.82,78.39,3.501,1,5,2.174,0.534,7.8,0.86,163.98,0.084,1,2.326,123.2,1,27.0925,0.29043,3.1947300000000003,0.17545,240.54,550.4842308453226,128024017,67.269655654522,193.285179208842,116.07611332041138,9,51.62766570272943,157.068560385499,1.0,1.0
234,0,mild,5945.8,4.397,1.0894163302746342,1.093900221677323,24.78,41.97,34.54,1.162,1,3,1.41,0.68,14.6,-5.21,131.11,0.173,1,49.17,39.8,0,,,,,,,731506314,63.90722458739489,60.54826333211402,5.491011583959261,0,,,,
1382,3,strong,6337.6,4.298,1.1433014390836949,1.2552857232824963,21.57,89.81,101.06,1.732,1,3,2.443,0.549,21.1,-21.93,173.07,0.114,1,3.263,306.5,1,5.8432,0.28194,3.1013400000000004,0.06639,320.95,509.0120855552632,665678744,66.71655952694043,360.3255848401847,82.74380618549705,46,45.722400981845,251.13668105730403,1.0,1.0
586,1,strong,5496.2,4.248,1.194843717075173,1.3720068628213131,16.37,45.92,94.79,3.741,1,3,2.267,0.509,16.2,-12.92,184.49,0.072,1,4.745,216.5,0,,,,,,,2131796985,66.33250935111425,175.97622851511662,56.90053521249249,0,,,,
1242,3,strong,6258.5,4.322,1.0941019919100112,1.1946888976979286,15.08,66.82,48.63,4.689,1,2,2.045,0.525,16.6,4.84,278.05,0.087,1,1.849,323.9,1,3.0403,0.09754,1.07294,0.04232,98.57,67.25982439366453,453533328,66.00983038151655,222.97406442057368,146.02111389036065,88,11.606133307049392,40.886141000627866,1.0,1.0
1361,3,strong,5832.8,4.282,0.9558749736601384,1.1697183665928732,15.94,63.85,30.76,3.147,1,5,2.486,0.46,17.6,3.97,209.8,0.096,1,1.541,111.7,1,11.7971,0.2559,2.8149,0.09991,91.37,482.9229397288481,1796316749,66.2322092925524,379.49713174520514,175.2063851935606,22,31.906958264442075,185.58381788472667,1.0,1.0
436,1,strong,5608.2,4.323,1.030845559829561,1.1572046696397675,12.76,29.57,59.9,4.162,1,3,2.51,0.562,13.1,-2.97,84.04,0.1,1,3.714,133.4,0,,,,,,,627418552,65.5397170153807,125.32875410120788,72.69602573593885,0,,,,
1098,2,mild,6128.0,4.359,1.1561870085815644,1.1777433559446744,29.11,44.9,12.55,2.248,1,1,0.68,0.693,22.8,4.65,140.52,0.211,1,30.11,80.3,1,29.3328,0.22144,2.43584,0.19537,83.74,356.7062360663178,1690191748,64.83081376692321,60.1851802790666,8.966889391673094,9,74.27542041469168,101.34769498443644,1.0,1.0
552,1,strong,6013.2,4.32,1.065988022096431,1.181835107779566,17.22,40.67,52.33,1.036,1,2,1.81,0.517,20.2,13.54,274.92,0.092,1,2.988,329.2,0,,,,,,,256409608,65.74023621055528,156.62982768432778,90.35911632639788,0,,,,
561,1,strong,5329.5,4.319,1.0812164224121417,1.190188349817913,13.27,25.46,88.72,2.332,1,2,2.055,0.466,10.4,-5.79,334.51,0.114,1,2.58,109.4,0,,,,,,,1185216452,65.51316922126587,105.30189881473744,104.64846495475848,0,,,,
592,1,strong,6375.9,4.497,1.096444822727806,1.0347660477005085,19.85,79.47,63.15,3.257,1,5,2.512,0.517,20.3,8.73,161.19,0.096,1,4.414,115.9,0,,,,,,,562267788,63.20860382127492,494.5049753343343,61.16743080726708,0,,,,
165,0,mild,5427.7,4.237,1.1854723938039953,1.3723774259825297,34.48,72.77,17.37,1.331,1,2,0.57,0.768,10.9,5.81,112.79,0.176,1,34.31,19.0,0,,,,,,,307512652,66.19539520048988,38.553648253401725,7.869222954919174,0,,,,
919,2,mild,6169.7,4.513,1.0941019919100112,1.0037355102141885,34.2,86.09,11.37,1.899,1,1,1.47,0.653,15.5,12.44,178.74,0.24,1,24.52,22.7,1,38.4363,0.1759,1.9349,0.22968,32.18,309.87959753923866,1554247694,62.731930382462046,54.10576082480442,11.011135382678502,7,59.22444816378376,78.20972847519961,1.0,1.0
742,1,strong,5649.8,4.504,1.0355312214651498,0.9422864744913696,17.1,78.51,134.12,3.527,1,3,2.46,0.599,23.5,13.86,183.88,0.108,1,2.019,482.1,0,,,,,,,703898961,62.20773418031702,325.96965105013726,133.7261216360955,0,,,,
476,1,strong,5242.1,4.452,0.9066755264864548,0.9359566583197524,19.87,26.53,62.85,3.16,1,3,1.917,0.556,22.1,-20.58,204.91,0.099,1,1.039,126.3,0,,,,,,,1291980056,63.537567728922575,77.57293274772232,259.85855590305766,0,,,,
426,1,strong,5504.9,4.444,0.9219039268021187,0.9558268462481556,13.05,35.15,33.2,1.423,1,2,2.04,0.592,10.3,-29.62,231.62,0.096,1,1.347,731.3,0,,,,,,,29171783,66.41848622467818,247.6664546974023,200.44026695120775,0,,,,
113,0,mild,5826.6,4.393,1.0238170673761682,1.0706952339394245,23.18,62.56,27.48,1.497,1,1,1.52,0.791,16.2,-17.87,338.53,0.156,1,73.32,27.4,0,,,,,,,1776915700,63.62899334706199,42.73633466097343,3.68239279300705,0,,,,
1389,3,strong,6016.4,4.242,1.0730165145498611,1.2979799233659508,21.78,85.28,46.3,3.531,1,3,2.827,0.524,23.0,5.48,190.83,0.075,1,1.45,255.0,1,43.888,0.26453,2.90983,0.24929,342.73,419.0962703856126,101000962,67.05645868731533,506.2706730818791,186.20209626432887,6,14.030437149351522,106.853769250345,1.0,1.0
582,1,strong,6339.2,4.372,1.1843009783950975,1.1734779217954772,18.43,57.78,36.93,1.549,1,4,2.257,0.533,24.9,-4.3,248.97,0.119,1,1.061,165.2,0,,,,,,,918263409,64.90640026221745,291.6968318549233,254.47034833485097,0,,,,
563,1,strong,5501.3,4.477,0.9019898648510196,0.9039606056257992,15.09,35.49,34.32,3.574,1,5,2.394,0.581,16.5,3.07,253.41,0.101,1,1.503,184.2,0,,,,,,,2129143603,62.83499797168453,207.63669224719644,179.6360875470904,0,,,,
1157,3,strong,5551.3,4.522,0.9769604510202644,0.8991393420372419,21.84,41.56,53.29,1.805,1,3,2.36,0.53,19.4,-23.98,69.49,0.111,1,1.458,669.7,1,6.7399,0.19955,2.19505,0.06929,63.82,496.99193926423067,160961561,64.3551491550763,242.53720250409336,185.18041123681544,40,54.09038871887527,210.9062449180909,1.0,1.0
1269,3,strong,5513.2,4.425,0.9043326956686604,0.9645779138695044,18.48,28.81,119.53,2.113,1,2,2.565,0.594,16.4,22.02,91.74,0.104,1,1.008,149.5,1,30.9272,0.33047,3.63517,0.18647,168.45,1184.3752843424795,2053693876,64.45478565365521,218.03768554018615,267.8502376818223,8,86.04623828843502,303.52912317529984,1.0,1.0
1259,3,strong,5317.1,4.394,0.9324466654821938,1.0130423320349724,9.81,61.27,39.24,2.533,1,3,2.187,0.477,12.4,-0.33,230.27,0.111,1,1.572,439.1,1,40.84,0.27332,3.00652,0.22675,46.77,734.4927596434358,9325520,64.24372502590587,202.2579673981213,171.7512974448326,6,52.876173988474655,174.66544845556163,1.0,1.0
45,0,mild,5725.6,4.424,0.9511893120245496,0.9930797829621428,20.03,48.9,39.45,1.062,1,1,1.19,0.643,5.8,-4.28,331.87,0.202,1,31.13,39.2,0,,,,,,,1142216683,63.399234354264486,48.28915799812069,8.673081901165334,0,,,,
511,1,strong,5301.0,4.484,0.9043326956686604,0.9141279413633898,16.18,47.17,80.63,1.721,1,3,2.627,0.501,11.9,-4.76,130.31,0.101,1,3.532,189.7,0,,,,,,,1300793278,62.86227406334163,156.23860841841542,76.44197043694136,0,,,,
683,1,strong,5321.6,4.241,1.1854723938039953,1.3642882282819049,18.68,48.45,117.42,2.828,1,2,2.215,0.579,19.8,17.43,265.0,0.104,1,2.878,119.6,0,,,,,,,701523597,66.50116687751375,152.92189380396042,93.81273091844228,0,,,,
593,1,strong,5833.6,4.312,1.0613023604607903,1.1865888958631587,16.92,81.69,36.6,4.182,1,4,2.44,0.522,17.0,2.84,227.28,0.088,1,2.116,134.2,0,,,,,,,1415939252,65.51774940358725,322.94549245400145,127.59595443444086,0,,,,
1140,3,strong,5647.1,4.436,0.9019898648510196,0.9526642605604966,21.48,64.62,94.17,1.472,1,5,2.134,0.517,22.5,8.61,205.1,0.126,1,2.929,312.7,1,16.6745,0.1551,1.7061,0.12342,163.31,267.45069579351656,1729762004,64.1644377001376,296.16672458298905,92.17925557640044,16,18.492804734925105,87.33834313321456,1.0,1.0
1216,3,strong,5998.3,4.355,1.0613023604607903,1.135270934978807,21.06,30.93,40.17,2.834,1,3,2.633,0.538,17.3,8.42,161.78,0.089,1,4.758,102.1,1,10.7087,0.22643,2.49073,0.09699,97.92,401.3920594254604,1513587629,64.94976903216036,167.37731200754368,56.74506926928896,25,57.7875093167838,159.73902206762548,1.0,1.0
233,0,mild,6120.0,4.219,1.1690725780794338,1.388187842903195,27.59,76.91,18.25,1.114,1,2,1.645,0.697,7.3,-6.17,322.41,0.163,1,40.0,15.7,0,,,,,,,2012965962,67.3693514958636,78.66035500489751,6.749825989581922,0,,,,
626,1,strong,5510.7,4.527,0.9019898648510196,0.8560441550079743,19.09,79.94,28.72,2.629,1,2,2.875,0.585,20.6,-24.03,192.9,0.086,1,2.908,392.0,0,,,,,,,1586853083,61.08385778186832,211.17152877526124,92.84492420332768,0,,,,
952,2,mild,6380.6,4.324,1.096444822727806,1.1932350702212675,30.47,28.55,30.24,0.554,1,3,0.97,0.696,20.2,10.91,119.33,0.202,1,76.18,84.0,1,10.2997,0.13743,1.51173,0.09553,55.57,133.84771356660065,1029119357,65.59288813076289,53.83468502145094,3.544145964600641,26,42.12110320076329,54.49132085077817,1.0,1.0
974,2,mild,6281.6,4.214,1.1198731309057504,1.36586636412948,31.36,37.68,19.51,2.196,1,3,1.167,0.663,23.4,4.0,289.56,0.204,1,20.27,15.6,1,10.8531,0.11588,1.27468,0.09962,146.39,72.62738959023855,1864399673,67.25156150669409,48.21890499800283,13.319834217231222,24,24.216692361636863,29.79813655607823,1.0,1.0
616,1,strong,5429.6,4.547,0.9254181730288104,0.8443864577935836,21.2,21.87,46.76,2.04,1,5,2.534,0.528,24.5,7.81,199.81,0.101,1,4.379,272.0,0,,,,,,,1438040693,60.73105426800375,207.94746426198827,61.65632326633407,0,,,,
760,2,mild,6180.5,4.207,1.1468156853103866,1.396740091475629,24.83,47.73,32.91,0.87,1,1,1.74,0.642,5.8,-3.81,236.83,0.246,1,23.85,18.5,1,6.8458,0.30338,3.33718,0.07386,281.21,476.0390478627259,248834398,68.13090795922876,100.47725979352508,11.320462875609092,39,128.65490598175194,229.2419475290306,1.0,1.0
1053,2,mild,5705.5,4.32,1.0449025447363278,1.169050799893155,33.84,43.05,10.53,0.666,1,1,1.57,0.721,17.6,-13.44,142.64,0.131,1,37.22,22.1,1,17.9414,0.20769,2.28459,0.1361,200.8,318.4668909267479,137621969,65.38938021826671,57.0066288990675,7.253977420292232,15,81.4964581551026,108.11848873163872,1.0,1.0
806,2,mild,5970.1,4.312,0.948846481206755,1.125567293182867,26.87,82.52,10.12,1.169,1,2,0.69,0.628,18.9,-11.7,110.56,0.177,1,23.39,37.2,1,4.6087,0.21276,2.34036,0.05326,54.69,360.5262703208252,1808184262,66.00872444821162,81.92610202251325,11.543097032205084,58,118.92211115296156,189.54669092536977,1.0,1.0
671,1,strong,6210.4,4.244,1.108158976816778,1.3171650742559202,17.81,29.77,52.36,1.141,1,4,2.52,0.546,13.4,29.59,214.1,0.116,1,1.42,115.6,0,,,,,,,23097013,66.80656631357158,303.89937270545227,190.13594336850483,0,,,,
1401,3,strong,5326.6,4.409,0.9605606352957272,1.012317495530772,13.14,22.94,34.39,2.484,1,2,2.28,0.584,17.4,4.56,207.91,0.119,1,1.226,108.5,1,10.8937,0.22277,2.45047,0.09489,109.73,488.6296389059343,15986785,63.84846985752198,168.6133489840026,220.22270765357004,24,66.0866423269305,186.61744132672104,1.0,1.0
515,1,strong,5576.6,4.497,0.9183896805754272,0.893903935172309,17.57,59.04,35.48,1.506,1,4,2.382,0.543,16.3,-7.71,277.5,0.112,1,2.565,184.2,0,,,,,,,1007030559,61.94751616586288,223.37092216475727,105.26044428197928,0,,,,
107,0,mild,5306.7,4.208,1.1936723016662756,1.3880284091234625,20.84,58.7,29.5,0.969,1,2,1.445,0.696,10.2,13.08,150.37,0.21,1,28.81,23.3,0,,,,,,,1974064856,65.94597217405115,62.15808602216766,9.371504324306729,0,,,,
350,0,mild,6001.5,4.345,1.0812164224121417,1.1625908320925622,26.05,68.19,26.88,1.088,1,3,1.327,0.716,16.4,-16.38,117.47,0.216,1,39.83,77.7,0,,,,,,,127903936,64.74465886507119,54.945734186961296,6.778635189135749,0,,,,
655,1,strong,5369.3,4.214,1.1936723016662756,1.3916484807890928,17.77,68.9,148.59,1.379,1,5,2.148,0.448,18.0,7.57,148.93,0.1,1,4.389,124.8,0,,,,,,,1339145969,67.00345481062803,404.4325082424625,61.51584406089698,0,,,,
1207,3,strong,6364.1,4.294,1.129244454176928,1.25342462200407,13.78,80.9,127.24,4.847,1,4,2.24,0.52,14.8,-10.73,155.78,0.094,1,3.134,247.8,1,47.4264,0.18207,2.00277,0.26702,331.35,212.9022363381944,2081852944,65.89571964363464,251.0850565845398,86.14966164112217,5,12.634328771419012,49.77137641825799,1.0,1.0
810,2,mild,5836.6,4.241,1.0097600824694108,1.2611169962558575,21.72,29.55,6.57,2.062,1,2,1.305,0.66,9.0,-0.53,183.32,0.197,1,64.69,15.7,1,27.6994,0.17639,1.94029,0.17975,61.68,197.395407813879,2065744788,67.38822249440327,41.89505483672693,4.173644142576547,9,48.03783738443952,56.56457173113715,1.0,1.0
1331,3,strong,5295.0,4.535,0.903161280259804,0.8478169828016208,18.18,50.21,37.56,1.724,1,5,1.984,0.514,17.9,-8.92,236.78,0.081,1,4.515,109.2,1,9.751,0.14309,1.57399,0.08634,152.8,287.41817404119223,1448029330,60.67426324409665,152.56403453257985,59.79912283129056,27,41.096796043981975,111.209131239606,1.0,1.0
490,1,strong,5411.2,4.22,1.1936723016662756,1.395022407528708,9.77,83.85,39.23,2.471,1,5,2.184,0.536,9.5,-1.31,195.06,0.106,1,1.756,159.1,0,,,,,,,746448731,66.59483673104268,272.5357168680222,153.75457835038546,0,,,,
1016,2,mild,6214.5,4.24,1.108158976816778,1.3206376299192852,28.73,20.39,16.92,0.502,1,3,1.437,0.696,16.2,2.33,76.9,0.214,1,46.08,20.0,1,6.3995,0.26533,2.9186300000000003,0.06981,15.19,407.2914193383708,410474709,67.39333136679235,91.53253589990186,5.859223949289863,42,117.97695604096504,198.9814686239332,1.0,1.0
1138,3,strong,6318.6,4.269,1.1433014390836949,1.301478836823314,11.6,86.2,117.15,2.918,1,4,2.325,0.54,11.0,-3.72,239.35,0.113,1,1.251,219.0,1,13.4615,0.29857,3.28427,0.1158,128.17,531.0287046659298,1184563396,67.19878960626099,201.77035634897248,215.82177424722371,20,63.41989026413485,200.70708593744757,1.0,1.0
943,2,mild,5868.7,4.495,0.9968745129715414,0.9360898301570396,31.64,60.05,9.03,0.799,1,3,1.127,0.68,15.6,-2.49,241.41,0.134,1,49.42,20.6,1,3.0692,0.08976,0.98736,0.04129,338.76,92.7749044973644,1080843501,62.33406952731582,44.89602132252975,5.463234309657565,87,43.38707935314424,53.469324250116514,1.0,1.0
1044,2,mild,5868.9,4.318,0.9781318664291856,1.135076448165858,33.23,33.25,19.73,1.616,1,3,1.3,0.742,12.0,13.14,236.25,0.189,1,53.44,17.5,1,42.3539,0.13952,1.53472,0.23605,62.13,152.44830227900246,1127278593,65.41818843216087,51.27626393495191,5.052264962261917,6,29.60348135625207,37.61364442769104,1.0,1.0
302,0,mild,5204.2,4.538,0.903161280259804,0.8207823606679693,32.96,83.62,14.55,1.008,1,3,1.13,0.698,19.0,-11.67,52.48,0.15,1,53.9,19.2,0,,,,,,,1595313863,60.015364365411656,68.52617322860992,5.009147302101612,0,,,,
298,0,mild,5895.1,4.507,0.9816461126558772,0.916288151767222,31.59,49.55,5.44,2.386,1,1,1.38,0.724,21.2,-12.83,270.76,0.139,1,24.61,25.0,0,,,,,,,145487593,63.31004757671798,35.43222210736384,10.97086711025099,0,,,,
1225,3,strong,5460.9,4.446,0.903161280259804,0.9447060244907254,9.11,78.12,33.2,2.305,1,3,2.193,0.425,7.8,-5.77,202.99,0.111,1,3.352,202.9,1,3.9796,0.11229,1.23519,0.04751,53.05,142.55704221930762,2147006455,63.45474141657854,186.7535895708696,80.54684951768404,67,24.30021441502365,75.53354150286701,1.0,1.0
322,0,mild,5201.1,4.28,1.1468156853103866,1.2823340696447898,23.15,77.27,6.47,0.832,1,2,0.64,0.708,17.5,0.85,94.17,0.242,1,40.56,19.9,0,,,,,,,2112391397,65.01726872733711,33.13691094245444,6.656633125820435,0,,,,
666,1,strong,5536.7,4.493,0.9066755264864548,0.8874282375719331,14.93,51.94,53.79,1.583,1,5,2.29,0.461,14.6,15.43,104.35,0.102,1,5.614,138.1,0,,,,,,,1426060327,61.21660214723907,328.09574252799337,48.092810755838414,0,,,,
1119,2,mild,5300.0,4.362,1.0343598060562529,1.1143449589675,22.69,62.37,33.3,0.97,1,3,1.18,0.743,9.2,-0.62,212.82,0.187,1,30.62,57.9,1,43.8107,0.15878,1.74658,0.24597,215.81,204.8576431158778,1369621375,64.42206081742262,59.27457257387776,8.817538849878408,6,37.28672830309663,50.66852446804352,1.0,1.0
177,0,mild,6219.3,4.525,1.0636451912786833,0.9974886688805212,23.82,56.98,6.72,1.827,1,2,1.035,0.716,14.9,-1.4,91.42,0.186,1,50.52,48.5,0,,,,,,,795918131,63.6573699772274,41.265605766927294,5.344280276786953,0,,,,
1433,3,strong,6221.7,4.234,1.155015593172667,1.3583977947047952,19.0,54.04,30.53,2.505,1,5,2.088,0.512,24.3,8.66,223.49,0.09,1,4.375,134.5,1,5.6783,0.09942,1.09362,0.06536,219.44,54.0497219436932,1681896915,67.73149879745564,265.76006228216164,61.71269476189185,47,6.777295553933466,27.442315937950934,0.0,1.0
896,2,mild,5950.8,4.544,1.016788574922794,0.9297669394810636,30.7,51.83,22.54,0.652,1,1,1.38,0.714,20.2,-11.73,154.22,0.249,1,66.52,52.2,1,49.0516,0.14617,1.60787,0.26371,41.87,249.38376484110148,205728438,63.10289278171384,49.0232878571589,4.058825008768443,5,42.37456482526558,53.65932454495292,1.0,1.0
934,2,mild,6144.5,4.475,1.0941019919100112,1.002760580269085,34.62,76.74,27.79,2.437,1,2,1.2,0.707,9.0,-2.19,103.23,0.185,1,28.37,16.8,1,42.3107,0.12839,1.41229,0.24486,287.73,165.4122899152468,467260822,62.99171141839083,52.46169424707437,9.516850179177894,6,30.04004856449316,39.093795726006526,1.0,1.0
691,1,strong,6242.7,4.307,1.108158976816778,1.223155742941445,14.87,34.83,64.56,2.231,1,4,2.025,0.515,11.5,-3.69,252.49,0.094,1,4.026,175.7,0,,,,,,,1707262072,65.85959608553813,130.3232976138319,67.06235459097786,0,,,,
682,1,strong,5232.4,4.297,1.0636451912786833,1.207512798450986,17.6,64.99,117.37,1.009,1,2,2.65,0.475,11.2,21.91,171.94,0.094,1,4.714,346.9,0,,,,,,,1547288468,65.76478253512802,376.8496775986844,57.274722015968784,0,,,,
1089,2,mild,5821.1,4.309,1.0472453755541222,1.18657134618236,26.79,82.3,37.63,1.211,1,1,0.69,0.779,5.6,-17.53,270.96,0.238,1,30.05,19.0,1,3.6145,0.11034,1.21374,0.04681,211.85,87.25254998188022,750523280,65.4577107121213,54.67130745638471,8.984793330558299,74,38.89687910366774,50.67929384263056,1.0,1.0
1453,3,strong,5420.4,4.501,0.9043326956686604,0.8869319513258805,12.75,69.47,27.68,4.331,1,5,2.524,0.502,12.0,2.65,115.01,0.095,1,1.422,507.4,1,7.2773,0.23571,2.59281,0.07107,81.85,712.6483714303042,634841883,62.87699106849205,326.03856881813545,189.86852291369684,37,57.44430583974083,303.3567904751184,1.0,1.0
1025,2,mild,6079.8,4.227,1.1058161459989837,1.3410656409239017,33.24,44.36,7.24,0.543,1,2,1.075,0.716,15.5,-5.68,217.32,0.202,1,28.75,24.6,1,21.7171,0.11607,1.27677,0.15753,90.94,75.58572439841214,169833319,67.65311240272113,39.3028681176598,9.391062246374847,12,21.00992441588537,24.29804197249201,1.0,1.0
367,0,mild,6312.3,4.54,1.096444822727806,1.0327498913742568,31.52,54.15,7.61,2.39,1,3,1.14,0.746,12.5,-5.31,302.21,0.183,1,42.6,48.9,0,,,,,,,1748333355,63.47435150225369,46.101166241220696,6.337864778950161,0,,,,
1405,3,strong,5624.7,4.248,1.1690725780794338,1.344638753635795,8.72,63.7,64.48,4.676,1,5,2.244,0.547,7.9,-12.34,132.37,0.112,1,1.302,239.3,1,13.4398,0.10537,1.15907,0.11654,28.26,61.961595836885664,83875874,66.59297013141583,167.90320033477522,207.3679259472173,20,8.820640944089128,23.92513492135561,1.0,1.0
1264,3,strong,5767.9,4.235,1.1690725780794338,1.3675901394569865,11.07,12.2,140.13,3.574,1,3,2.173,0.531,12.9,10.43,253.25,0.117,1,1.731,113.8,1,3.5376,0.23091,2.54001,0.04787,341.73,287.6560040021744,1611659720,67.5055053726915,164.9878664528992,155.9751817349953,76,65.30153279380552,172.44372275787393,1.0,1.0
21,0,mild,5374.2,4.531,0.9277610038466048,0.8625146208317058,24.52,54.12,16.63,1.9,1,2,1.305,0.659,10.9,1.71,135.69,0.174,1,35.4,23.0,0,,,,,,,1499202967,60.50407899025669,63.99405189454364,7.6269220221264655,0,,,,
698,1,strong,5547.1,4.513,0.9019898648510196,0.8731938833901349,8.16,82.64,128.95,2.314,1,4,2.103,0.555,9.9,13.21,148.73,0.117,1,2.039,109.1,0,,,,,,,110458054,62.05359944639001,263.12886658178644,132.41443824584445,0,,,,
1243,3,strong,6344.6,4.338,1.136272946630538,1.1955493630333769,18.42,77.08,133.77,2.367,1,4,2.643,0.522,16.2,28.02,183.64,0.109,1,2.794,358.0,1,21.8971,0.26461,2.91071,0.15984,267.06,494.2849223191921,1920463959,65.90191826493883,399.8141378447641,96.63315661534604,12,24.96933859619277,153.5282017378366,1.0,1.0
1341,3,strong,5745.1,4.253,1.190158055439584,1.3502290037825904,17.86,46.23,92.0,1.18,1,3,2.333,0.557,18.5,-6.42,130.68,0.087,1,1.556,281.0,1,24.2557,0.23955,2.63505,0.17379,329.2,317.5977135585172,107445767,66.67567236343784,157.57549492454723,173.5173776242139,11,39.02197680038976,100.13718353425308,1.0,1.0
790,2,mild,5379.5,4.523,0.9043326956686604,0.8653289937397206,21.69,84.9,37.55,1.385,1,3,1.523,0.655,11.2,5.85,99.72,0.206,1,26.84,22.3,1,4.5457,0.16038,1.76418,0.05193,84.75,346.60736726542183,1756027838,61.473718153642814,96.82387102887428,10.059353188646678,59,93.28032755886036,174.03136198742502,1.0,1.0
1305,3,strong,5712.3,4.486,0.9558749736601384,0.9208820862166812,21.02,83.75,88.53,2.676,1,5,2.07,0.505,19.5,1.17,299.58,0.092,1,4.805,202.5,1,3.0343,0.14062,1.54682,0.04041,77.96,235.2805462478492,944358182,63.409554600178254,250.96602113036187,56.1900186437621,88,32.73935183800786,133.64972143035885,1.0,1.0
833,2,mild,5391.1,4.383,0.983988943473672,1.0539658941847136,21.82,22.97,26.15,1.325,1,3,0.73,0.744,9.0,-10.43,169.39,0.175,1,25.56,38.4,1,25.2729,0.15559,1.71149,0.16764,309.22,219.89235407280745,2032220841,64.18130183433857,46.114310101085394,10.563107964916936,10,51.21042849147228,63.05838593211241,1.0,1.0
659,1,strong,5517.4,4.306,1.1058161459989837,1.2309574012691855,10.2,19.39,118.36,3.278,1,2,1.955,0.621,14.1,18.48,158.66,0.058,1,4.014,383.2,0,,,,,,,174180528,65.42574114741402,171.3684487387107,67.2628399559733,0,,,,
718,1,strong,6320.4,4.549,1.096444822727806,1.0327498913742568,10.19,83.2,25.16,2.749,1,4,2.335,0.51,8.3,-12.94,141.26,0.093,1,3.044,256.7,0,,,,,,,1523670444,63.93487831481465,217.97406236622777,88.69679355561001,0,,,,
629,1,strong,5286.2,4.336,1.0905877456833195,1.177574117068276,19.4,74.22,34.1,3.805,1,3,2.08,0.477,17.5,-12.31,330.21,0.13,1,5.92,107.6,0,,,,,,,930910587,64.24836455098995,99.57974501872458,45.60693236204001,0,,,,
1283,3,strong,5896.2,4.516,1.016788574922794,0.9234786670975028,13.91,51.78,47.94,4.196,1,2,2.425,0.466,16.6,-33.06,274.41,0.097,1,5.681,126.1,1,3.7351,0.24484,2.69324,0.04738,158.94,709.2688536528041,1906108414,66.89522979584697,156.69850707298468,47.52561865574315,72,139.1662753997173,354.45233219140727,1.0,1.0
807,2,mild,5351.3,4.435,0.9207325113932217,0.9653574817092386,29.28,40.26,7.86,2.146,1,1,1.0,0.753,16.6,7.45,232.73,0.198,1,67.2,29.0,1,6.2212,0.2551,2.8061,0.0644,100.79,704.6029640438877,535714203,65.82938522452552,121.52720418012449,4.017753565227334,43,149.0572463055204,312.9514103746141,1.0,1.0
622,1,strong,5708.3,4.536,0.9511893120245496,0.8738117013803532,20.54,45.74,94.13,4.068,1,3,2.063,0.512,20.9,-24.22,207.06,0.08,1,1.2,106.2,0,,,,,,,1198722160,62.15702309218872,107.84504932142816,224.99419965273077,0,,,,
709,1,strong,6290.8,4.452,1.096444822727806,1.032785750397717,9.35,65.46,75.11,4.2,1,3,2.28,0.543,9.9,8.37,173.49,0.088,1,2.577,277.9,0,,,,,,,1247170405,63.66205805548096,192.21235390929323,104.77029087437984,0,,,,
23,0,mild,5577.3,4.493,0.9019898648510196,0.8925287636049368,27.41,50.32,6.36,0.644,1,3,0.593,0.709,17.3,-3.47,198.54,0.186,1,51.89,37.5,0,,,,,,,680840172,61.79474092068144,34.255510638502464,5.203180566260876,0,,,,
985,2,mild,6214.5,4.297,1.091759161092217,1.22821887936264,29.15,66.05,5.82,0.519,1,3,1.013,0.678,13.4,7.78,168.69,0.199,1,68.15,21.6,1,23.1458,0.11666,1.28326,0.16367,191.08,91.0316236219875,772932257,65.8476897694212,45.727243553489934,3.9617467290282735,11,22.917495587067176,27.90148722783548,1.0,1.0
1314,3,strong,6392.8,4.338,1.1714154088972284,1.2141798967310622,9.78,56.51,25.64,4.17,1,2,2.13,0.543,9.3,18.43,114.6,0.067,1,1.77,1379.9,1,42.7372,0.11931,1.31241,0.25218,206.45,97.42883234210272,620608311,67.91388068642944,492.39303160664826,152.5384404425293,6,3.1800476475634643,23.27443272543313,0.0,1.0
460,1,strong,6357.2,4.349,1.129244454176928,1.1770221622612869,16.64,62.57,105.35,1.004,1,4,2.625,0.566,15.8,0.75,233.72,0.096,1,5.583,968.2,0,,,,,,,1977509893,65.34967991001817,471.7228182247681,48.35984946861488,0,,,,
1010,2,mild,5406.4,4.438,0.9207325113932217,0.9613081944137744,29.99,37.47,17.01,1.031,1,3,1.213,0.693,12.1,-8.64,128.81,0.168,1,22.65,24.7,1,14.1061,0.15062,1.65682,0.11115,95.21,247.7079128269411,299326206,63.30311526307491,51.46801563430558,11.92022249815792,19,67.49364513905958,86.98659294481492,1.0,1.0
1136,3,strong,5512.2,4.527,0.9019898648510196,0.8566880931075159,17.01,84.83,35.91,2.224,1,4,2.245,0.508,15.9,-6.65,130.61,0.089,1,1.102,118.7,1,13.5707,0.20817,2.28987,0.10758,247.59,595.7865641262719,1141054533,62.19184650430236,228.042937711528,245.002758242538,19,52.73528764812606,200.4299752238418,1.0,1.0
843,2,mild,5856.6,4.232,1.173758239715023,1.3701293212715449,24.24,64.62,11.58,0.814,1,3,1.24,0.741,14.9,-10.37,215.44,0.195,1,46.24,93.7,1,20.1036,0.20904,2.29944,0.15263,121.46,234.87433020816755,284230417,66.83336226833043,67.89960481372395,5.838949817977441,13,55.13345650336503,78.59490357531392,1.0,1.0
1042,2,mild,6061.4,4.208,1.0449025447363278,1.328055087029289,23.46,63.86,8.61,0.735,1,1,1.03,0.659,6.6,13.05,34.17,0.14,1,54.63,15.7,1,8.7839,0.18965,2.08615,0.08455,252.95,205.7658965481549,1651787040,67.44841763497088,56.14926458229971,4.942211963816161,30,69.65066215268638,90.6266773186326,1.0,1.0
1315,3,strong,6314.9,4.399,1.1093303922256754,1.1007934764425555,12.31,65.81,107.04,1.555,1,2,2.605,0.48,10.8,-10.03,258.49,0.071,1,2.152,126.2,1,11.5377,0.12138,1.33518,0.10344,236.29,122.68245388975464,1727501182,64.24877455553226,200.4577891632403,125.46144962048182,23,14.299996619398984,46.85198442356492,1.0,1.0
127,0,mild,6104.9,4.324,1.108158976816778,1.204547415682388,29.73,67.42,14.56,1.019,1,1,0.68,0.639,17.3,-11.33,249.08,0.166,1,51.83,27.7,0,,,,,,,1499863900,65.36809774564264,38.630569966226176,5.209203927904242,0,,,,
1040,2,mild,5604.7,4.298,1.0941019919100112,1.226982120495994,24.48,8.58,17.87,1.622,1,2,1.18,0.707,8.9,1.1,219.06,0.177,1,29.53,31.1,1,17.084,0.17573,1.93303,0.13377,47.9,206.97373251937591,2031944842,65.36160780532154,48.24327116978469,9.143008451854955,15,57.03329968070029,70.88641810077625,1.0,1.0
579,1,strong,6085.3,4.395,1.1058161459989837,1.1026814624354877,12.44,77.52,121.19,3.57,1,4,2.353,0.522,14.1,-15.97,196.42,0.097,1,1.104,438.0,0,,,,,,,1405450647,65.51310987850316,229.5306368455974,244.5589126660116,0,,,,
895,2,mild,6141.1,4.41,1.1655583318527425,1.1143076970823798,20.02,44.42,24.38,1.465,1,2,1.38,0.63,10.6,-10.59,80.84,0.159,1,34.91,25.0,1,48.7892,0.0925,1.0175,0.275,142.57,69.5301372725517,718924503,63.32875673135936,46.17938032394888,7.7339742074843,5,12.878051109507204,15.938292547613186,1.0,1.0
495,1,strong,5532.1,4.357,1.0800450070032448,1.1423035673004145,12.52,64.08,25.97,3.625,1,4,2.445,0.519,10.4,2.84,172.26,0.114,1,2.469,115.1,0,,,,,,,551574606,64.7107201996015,225.53266195855727,109.35319545697728,0,,,,
588,1,strong,5498.2,4.486,0.9019898648510196,0.9039606056257992,14.54,37.47,58.34,4.082,1,3,1.84,0.477,11.8,-8.96,231.09,0.119,1,5.166,253.8,0,,,,,,,1458567099,62.45549560940007,138.99811597696657,52.26346101108727,0,,,,
795,2,mild,6111.8,4.542,1.0472453755541222,0.962121661267732,27.4,59.82,8.53,2.083,1,1,1.26,0.772,12.1,-15.22,20.15,0.192,1,78.49,17.7,1,8.6034,0.10186,1.12046,0.08345,70.89,113.09599892588976,168312190,62.5269496904915,37.01977893158846,3.439839974305986,31,39.85138827744993,46.31232738979579,1.0,1.0
859,2,mild,5468.1,4.258,1.1690725780794338,1.3270137410818843,32.04,38.37,12.74,1.605,1,2,1.48,0.713,10.8,-9.42,42.18,0.214,1,25.43,72.5,1,18.3154,0.18255,2.00805,0.14325,131.61,190.946946065818,1647578260,66.43759459426865,52.75497137749467,10.617107337132396,14,50.65050352841435,64.67655136461475,1.0,1.0
556,1,strong,5772.8,4.467,1.0121029132872053,0.9732291654026228,13.81,65.13,115.05,2.308,1,4,2.572,0.602,11.6,-8.97,186.0,0.139,1,2.379,464.2,0,,,,,,,108112656,63.25014914996387,274.2484409877006,113.49013853857792,0,,,,
1407,3,strong,6254.1,4.364,1.173758239715023,1.1786217458365016,11.35,69.17,118.93,4.339,1,3,2.183,0.469,9.5,-8.33,131.27,0.108,1,3.048,143.3,1,27.6065,0.20682,2.27502,0.18857,284.85,310.696277848205,1039509318,65.17208860043351,172.27045104108078,88.58039356406721,9,30.693306699196768,86.74387679328166,1.0,1.0
1233,3,strong,6158.4,4.413,1.0683308529142723,1.065875936558246,12.04,47.93,61.25,4.52,1,3,2.113,0.538,11.4,-0.46,247.71,0.093,1,2.637,999.1,1,27.7937,0.11739,1.29129,0.18357,201.67,122.39079962958114,326562288,65.08329024824288,366.5458250713253,102.38643897735186,9,5.785115515380303,33.09109276983839,0.0,1.0
13,0,mild,5417.8,4.283,1.1655583318527425,1.289885808070122,23.74,12.62,16.4,1.333,1,1,1.06,0.714,6.2,-17.92,332.94,0.228,1,22.95,53.0,0,,,,,,,1977769029,65.4192997602624,38.64193793319573,11.764402596221217,0,,,,
1018,2,mild,5285.2,4.472,0.9043326956686604,0.9187206178630278,33.02,60.35,15.1,1.253,1,2,1.06,0.778,13.8,1.13,185.63,0.202,1,25.07,15.5,1,19.5795,0.24598,2.70578,0.13748,214.42,723.3234594430024,376262687,62.97494978532544,93.43348578607208,10.769566796301431,13,122.2449767815356,218.72118177893145,1.0,1.0
907,2,mild,5489.2,4.343,1.0495882063719166,1.1414826976124937,30.45,52.9,9.65,1.593,1,1,1.49,0.682,7.1,13.76,109.34,0.246,1,23.94,40.0,1,26.8558,0.12984,1.4282400000000002,0.17836,102.47,130.55040695852054,2001744744,64.73038423324273,43.305142709013815,11.27790474449778,10,32.087682778518435,38.60631868930512,1.0,1.0
424,1,strong,5650.7,4.276,0.9254181730288104,1.1578708354982123,20.64,63.95,38.21,1.483,1,2,1.84,0.43,22.9,0.63,50.85,0.085,1,4.741,281.1,0,,,,,,,944492881,66.13565861763406,206.11711322582883,56.94854241368422,0,,,,
1300,3,strong,5486.0,4.215,1.1936723016662756,1.4014060627445528,13.02,57.87,42.88,4.668,1,2,2.445,0.531,9.2,16.57,19.16,0.124,1,1.885,608.9,1,12.39,0.20687,2.27557,0.11116,235.09,219.87048128728236,738605218,67.4979904210146,276.8896113306283,143.23238174179144,21,20.401636702116487,86.14219099174372,1.0,1.0
1423,3,strong,6036.7,4.517,1.030845559829561,0.9412082390886132,12.58,73.28,53.12,4.873,1,2,2.25,0.533,11.4,10.8,110.28,0.116,1,2.822,236.9,1,13.9898,0.2851,3.1361000000000003,0.11478,46.65,925.8121507479198,2093923070,64.29311438886488,242.695864376772,95.6743584632448,19,79.48872273937906,310.40702731720506,1.0,1.0
1144,3,strong,5517.5,4.448,0.9277610038466048,0.9515155541469732,15.45,49.34,53.64,4.13,1,3,2.037,0.565,16.6,24.5,195.28,0.122,1,1.841,118.9,1,7.2327,0.1745,1.9195,0.07139,193.35,339.35867915736867,20422172,63.65957644904064,244.57195336405576,146.6556434455605,37,37.03002874055132,147.00493067741115,1.0,1.0
684,1,strong,6367.6,4.28,1.129244454176928,1.2733214123662102,20.76,43.21,53.55,1.002,1,4,2.1,0.574,17.4,5.28,184.82,0.101,1,1.013,520.8,0,,,,,,,1602929455,67.62095941492915,272.6986377494589,266.52817332998706,0,,,,
1448,3,strong,6242.6,4.478,1.1093303922256754,1.034234105731317,16.94,66.4,72.1,4.383,1,2,2.585,0.493,16.5,5.36,197.12,0.104,1,4.241,112.4,1,7.6358,0.30372,3.34092,0.07856,188.71,870.1797126665157,1416247006,65.87031015160439,290.9789515231612,63.662588913764885,35,79.88308614504983,361.8085194642931,1.0,1.0
473,1,strong,5461.1,4.414,0.9605606352957272,1.0059203721545722,10.54,82.63,44.85,1.783,1,4,2.31,0.5,8.5,6.75,187.78,0.097,1,4.291,119.0,0,,,,,,,1577762490,63.09853918085006,207.1148197851378,62.92077361530572,0,,,,
569,1,strong,5414.5,4.538,0.9371323271177828,0.862024586228908,10.73,13.19,37.94,3.475,1,2,1.845,0.483,7.7,7.54,123.09,0.093,1,2.006,101.0,0,,,,,,,1999536538,60.51738795349207,75.9184888871046,134.59274156693763,0,,,,
403,1,strong,5868.0,4.54,0.9816461126558772,0.8906151391639521,12.4,43.0,63.49,2.921,1,4,2.53,0.525,13.0,1.95,251.77,0.118,1,1.657,254.0,0,,,,,,,2136580295,62.53426503469384,213.39565959852428,162.94088085894802,0,,,,
553,1,strong,5449.8,4.507,0.9277610038466048,0.8953754758526021,11.43,58.48,60.36,2.949,1,3,2.173,0.504,14.2,3.9,122.9,0.1,1,2.142,605.4,0,,,,,,,204563114,61.665400671971206,270.89674250987093,126.04717067379872,0,,,,
354,0,mild,5581.3,4.491,0.9019898648510196,0.8947852836122645,21.67,34.13,16.62,0.82,1,2,1.195,0.738,9.9,-7.86,125.78,0.204,1,29.23,15.6,0,,,,,,,643706022,62.645435608423625,35.2597822220736,9.236847060666332,0,,,,
80,0,mild,5736.9,4.321,1.0905877456833195,1.194649025494923,27.01,77.54,7.12,2.093,1,1,0.73,0.664,19.0,7.44,308.31,0.163,1,22.28,42.9,0,,,,,,,2016053217,65.39611831923183,37.57099460211048,12.118179514509734,0,,,,
429,1,strong,5549.7,4.3,1.0941019919100112,1.222701055297471,11.82,50.21,98.89,3.824,1,5,1.89,0.547,12.2,2.43,202.89,0.077,1,1.184,1231.4,0,,,,,,,1911545004,72.03697268068454,429.8059103160969,228.03466181020008,0,,,,
529,1,strong,5287.7,4.252,1.194843717075173,1.3589640329921298,19.63,60.67,32.42,2.533,1,3,2.507,0.456,23.9,-18.68,196.6,0.097,1,1.546,101.6,0,,,,,,,1913705093,66.65379106839013,178.15990571439912,174.63974099823858,0,,,,
1374,3,strong,6039.0,4.264,1.0905877456833195,1.275362194433658,14.26,57.6,68.38,3.59,1,5,2.474,0.559,15.6,-7.82,160.36,0.099,1,1.498,101.5,1,15.8292,0.17596,1.93556,0.127,44.77,192.07051934505168,425277654,66.2586330063452,251.2873193316396,180.2356739541234,17,17.73996204451491,69.57870627708132,1.0,1.0
853,2,mild,5516.8,4.2,1.1936723016662756,1.406894669028047,20.1,29.28,8.85,1.554,1,2,1.47,0.708,14.6,-4.55,182.22,0.198,1,27.34,28.8,1,13.2648,0.1575,1.7325,0.11633,269.86,126.45553123481206,1399499208,66.42251074294879,45.55266279409023,9.87538550048562,20,41.06277141561979,49.79144751517886,1.0,1.0
897,2,mild,5359.1,4.352,1.016788574922794,1.1188238133196295,32.07,27.71,12.82,1.723,1,2,1.49,0.68,20.8,-4.75,99.3,0.191,1,21.88,18.0,1,40.4703,0.1225,1.3475,0.23197,273.14,120.96191583559964,1839786679,64.15252598922406,41.36672360242351,12.33971844530516,6,25.039556511479805,29.793817530028186,1.0,1.0
651,1,strong,6321.5,4.352,1.1433014390836949,1.1782841865797309,9.87,55.28,25.48,3.126,1,5,2.088,0.48,9.9,2.43,190.34,0.107,1,3.002,225.2,0,,,,,,,122321604,64.90929187320008,245.08549904843795,89.93772138017218,0,,,,
646,1,strong,5710.2,4.252,1.1433014390836949,1.3244571288515736,21.97,76.0,133.09,4.93,1,2,2.33,0.619,18.4,1.21,107.92,0.08,1,1.85,102.7,0,,,,,,,1637269252,66.60010205253344,234.0445731993448,145.94218355852803,0,,,,
472,1,strong,5970.6,4.375,0.9722747893846996,1.058206925053492,21.83,59.62,139.42,4.395,1,5,2.4,0.513,22.3,-17.59,158.44,0.081,1,1.066,129.6,0,,,,,,,2103947191,64.50406172588542,346.26466953678784,253.27677259219217,0,,,,
1420,3,strong,5503.8,4.403,0.9582178044779328,1.0169511347516862,12.5,80.42,36.64,3.589,1,4,2.2,0.576,16.2,3.7,248.91,0.073,1,4.802,199.1,1,5.9273,0.28446,3.12906,0.06319,142.28,789.4818007916629,162956436,66.41066376959455,264.725343017246,56.22512277869156,45,87.50490046131536,359.619474136325,1.0,1.0
711,1,strong,5367.6,4.439,0.9207325113932217,0.9638560245768406,9.5,80.83,30.63,2.601,1,2,2.405,0.53,6.8,-19.55,118.38,0.108,1,1.871,300.6,0,,,,,,,263697785,63.343193207086095,131.7887456872145,144.30413660249965,0,,,,
220,0,mild,6328.7,4.35,1.1433014390836949,1.1825761142305904,20.24,70.67,8.17,1.501,1,2,1.215,0.701,8.2,12.26,180.88,0.214,1,30.29,35.7,0,,,,,,,1857033436,64.80893247187552,41.985560265243386,8.913603155605047,0,,,,
267,0,mild,5228.4,4.288,1.159701254808256,1.2797102088150918,20.65,81.12,27.56,1.663,1,2,1.42,0.673,13.0,-4.51,167.32,0.168,1,48.37,19.9,0,,,,,,,207003438,65.24450835011802,60.53819311108005,5.581828397421478,0,,,,
1151,3,strong,5870.4,4.517,0.9816461126558772,0.9053818390075922,13.92,82.9,114.19,3.469,1,2,2.26,0.489,10.8,22.57,250.53,0.106,1,1.676,680.0,1,7.8451,0.14016,1.54176,0.07679,262.82,241.81570449497303,418507091,63.27883867833263,319.60155990086633,161.09369903536808,34,19.2178833442548,98.9477128511964,1.0,1.0
578,1,strong,5438.0,4.297,1.091759161092217,1.2306306646454142,15.32,50.0,94.48,3.886,1,5,2.546,0.551,16.7,-4.52,86.12,0.112,1,4.491,417.5,0,,,,,,,169705818,65.6617473146852,293.7772835732861,60.11869062197214,0,,,,
351,0,mild,5237.1,4.52,0.903161280259804,0.8900660772710814,24.91,40.64,21.65,1.888,1,1,0.6,0.689,9.7,12.79,80.08,0.211,1,41.6,15.5,0,,,,,,,1593933383,60.56356741246849,36.78827491356639,6.490217297674924,0,,,,
1375,3,strong,5723.3,4.303,0.9675891277491108,1.1487242748593935,20.49,54.95,87.82,1.651,1,4,2.185,0.469,18.5,7.39,269.47,0.089,1,2.013,168.2,1,8.6075,0.35006,3.85066,0.0813,217.08,937.0294955640449,58290143,67.71038356352646,287.46778126350563,134.12470918195572,31,89.95171236793881,392.3450976999824,1.0,1.0
621,1,strong,6197.1,4.239,1.0472453755541222,1.285002046069898,12.24,12.2,39.88,4.421,1,2,1.935,0.565,10.5,-6.21,196.41,0.121,1,3.992,303.2,0,,,,,,,447756628,67.33911905566455,120.17941709417232,67.63352694971866,0,,,,
803,2,mild,6137.0,4.457,1.0531024525987964,1.0056954561423297,32.98,67.64,6.94,1.705,1,3,1.58,0.693,19.8,-9.49,213.63,0.181,1,64.75,57.1,1,18.4888,0.3181,3.4991,0.13922,86.05,1009.471923780393,1664089411,64.37384212532785,144.10268370533947,4.1697766731008015,14,127.7022410421817,313.092199139245,1.0,1.0
1192,3,strong,5421.9,4.547,0.9371323271177828,0.8504967708592526,17.72,47.32,31.82,4.198,1,4,2.248,0.505,17.2,5.35,188.42,0.088,1,1.642,180.0,1,33.1716,0.09967,1.0963699999999998,0.19772,295.15,138.574544785862,1002401960,60.280437696814246,215.85887698691351,164.42937855254377,8,9.645687466049676,35.86188632253075,1.0,1.0
55,0,mild,5512.2,4.347,1.016788574922794,1.1217259657566216,31.37,86.6,27.89,1.622,1,2,0.705,0.686,17.6,-3.02,172.15,0.199,1,38.37,25.2,0,,,,,,,1767610160,64.51648054768025,43.88254525884401,7.036566056379382,0,,,,
1055,2,mild,5831.9,4.426,1.0074172516516164,1.018123805532815,22.44,84.63,7.41,0.846,1,3,1.05,0.674,8.6,1.2,281.47,0.149,1,56.06,19.8,1,5.3043,0.10314,1.13454,0.05967,85.77,103.5506792509246,431490164,63.48045301721892,42.77732947855931,4.816144123854386,50,42.01670793248181,50.66621986260603,1.0,1.0
1106,2,mild,5920.6,4.426,1.0894163302746342,1.0581422974934984,30.24,82.52,5.52,0.736,1,1,0.77,0.772,13.2,-16.42,313.41,0.184,1,20.29,16.1,1,27.9566,0.14466,1.59126,0.18549,279.4,188.58565469500485,1139013301,62.97880167010455,38.2138794288201,13.306704760141788,9,44.7818885955064,52.3809197302341,1.0,1.0
1286,3,strong,5689.3,4.491,0.9441608195711662,0.912874132389586,21.65,62.21,87.68,4.704,1,3,1.75,0.524,19.3,-7.97,145.45,0.089,1,1.699,567.4,1,20.1419,0.27088,2.97968,0.14213,29.21,888.4478933556234,1589961774,64.38264643339438,236.2371250445197,158.91291323324123,13,68.70623470362985,261.2962412088099,1.0,1.0
330,0,mild,5817.1,4.475,0.9418179887533716,0.928508626547828,29.88,83.99,17.46,2.131,1,1,1.54,0.749,10.9,-11.45,71.33,0.145,1,41.34,17.0,0,,,,,,,761987404,62.62184955764736,46.216866972659,6.5310362743898605,0,,,,
6,0,mild,6350.3,4.369,1.129244454176928,1.1509312437237162,31.74,48.94,5.94,1.473,1,2,1.535,0.673,18.8,-10.57,193.44,0.196,1,23.25,35.0,0,,,,,,,632977320,64.68330923802915,34.44096504456046,11.612603853044169,0,,,,
1100,2,mild,6267.6,4.252,1.0847306686388336,1.2906570805795,32.45,25.75,20.91,0.639,1,2,1.34,0.709,11.7,-10.76,266.47,0.195,1,24.42,31.8,1,22.524,0.10522,1.15742,0.16038,145.73,67.0617281022353,113583146,67.14704811198028,41.68179743858338,11.056226027161214,11,17.494835532934474,20.591469768038277,1.0,1.0
501,1,strong,6289.1,4.382,1.1198731309057504,1.1287156283505129,16.87,60.11,52.27,2.31,1,3,1.867,0.561,14.7,6.49,147.81,0.108,1,2.493,547.7,0,,,,,,,2041448454,64.87314134112053,216.1938215658569,108.3004571132278,0,,,,
312,0,mild,5898.2,4.421,0.995703097562644,1.015951606870289,28.33,60.01,24.93,0.88,1,2,1.2,0.704,19.4,3.35,189.52,0.179,1,29.72,21.0,0,,,,,,,160791045,63.33917947840871,42.044571953270186,9.08455718651672,0,,,,
883,2,mild,5200.2,4.509,0.903161280259804,0.9003445625188581,30.94,29.93,36.66,1.085,1,3,1.553,0.724,17.8,-1.05,182.41,0.135,1,62.25,22.1,1,3.1563,0.08937,0.98307,0.0407,170.91,99.41820230794896,1663970630,60.5143021298315,53.18019534465341,4.337237583667099,85,43.894108205868925,58.43517665766325,1.0,1.0
1120,2,mild,5517.3,4.232,1.1854723938039953,1.3823373496901543,34.37,36.33,16.02,2.432,1,3,1.597,0.763,22.8,-2.2,182.76,0.166,1,29.56,28.3,1,11.0808,0.235,2.585,0.10295,314.16,291.6134303980739,1677361272,66.99158625808737,65.16701653915584,9.133729349907878,24,86.09186274032304,120.1057139030275,1.0,1.0
458,1,strong,6048.0,4.219,1.016788574922794,1.295116071374149,19.19,74.9,61.95,2.811,1,3,2.413,0.524,18.0,2.93,224.1,0.086,1,2.258,115.9,0,,,,,,,1304662894,67.56244745090366,245.17334582879795,119.57176243723512,0,,,,
1328,3,strong,6234.7,4.235,1.0941019919100112,1.3214992449591936,17.12,50.44,40.7,4.287,1,2,2.52,0.571,13.4,-4.62,233.58,0.093,1,1.505,118.3,1,7.7485,0.1825,2.0075,0.07897,189.08,192.43841937169705,912037230,66.64346003288314,147.74401357401058,179.39736849387168,34,36.40111855131847,88.52874108149817,1.0,1.0
797,2,mild,6136.1,4.244,1.1878152246217897,1.3666335406570904,30.99,78.02,15.47,1.029,1,2,1.46,0.684,12.9,-5.87,195.76,0.144,1,42.23,83.7,1,31.1843,0.13332,1.46652,0.20534,345.34,96.025447937996,1059670797,67.21182882966589,53.66432852032154,6.393394259608735,8,21.005646589000424,26.87983922775828,1.0,1.0
1440,3,strong,5222.4,4.452,0.9066755264864548,0.9376497437861858,14.58,68.7,77.9,1.629,1,4,2.268,0.479,14.4,6.79,236.29,0.1,1,5.306,169.7,1,3.8287,0.23632,2.59952,0.04636,200.23,640.9432224639668,822224217,66.30423522208442,300.72054895239296,50.88447787095305,70,70.7568482726991,328.6230518589118,1.0,1.0
893,2,mild,6046.7,4.211,1.0706736837320667,1.344711203750434,23.14,88.67,39.66,1.694,1,2,1.305,0.707,8.1,7.27,101.51,0.167,1,24.87,20.0,1,16.0128,0.18226,2.00486,0.1272,123.82,185.36364780480045,1424250079,67.6362590581134,68.44983476446878,10.85617368650088,16,46.289029139078536,65.85746422883447,1.0,1.0
1346,3,strong,6331.5,4.311,1.1433014390836949,1.2366220233047949,8.77,30.64,27.78,1.804,1,2,2.54,0.462,8.4,-1.21,318.15,0.104,1,2.939,122.9,1,14.231,0.23812,2.61932,0.12018,255.55,374.1258155421166,216908627,65.8051356137663,106.1694304709988,91.86561401268352,18,71.00270176549341,134.7748617487319,1.0,1.0
1290,3,strong,5662.8,4.403,1.0121029132872053,1.048498249489272,15.97,70.96,28.26,2.66,1,4,1.982,0.525,16.6,-1.46,90.28,0.11,1,4.581,392.6,1,34.7544,0.15463,1.7009299999999998,0.20926,26.2,219.4582817071308,161251369,63.831767567219295,248.19285158052244,58.93757685729685,7,13.804971284870131,55.42376016570281,1.0,1.0
106,0,mild,5239.1,4.223,1.1936723016662756,1.386261620597344,26.05,33.66,5.91,1.025,1,3,1.3,0.644,11.3,9.02,124.12,0.175,1,54.55,15.9,0,,,,,,,1321698989,66.58459740707804,44.57550873691236,4.949459937365296,0,,,,
1068,2,mild,6294.8,4.484,1.096444822727806,1.032693969222968,22.61,50.48,8.5,0.97,1,1,1.96,0.65,14.7,1.75,25.51,0.127,1,21.79,18.6,1,18.7515,0.13446,1.47906,0.14244,260.5,171.05777328551724,1456194790,63.26128940496227,71.3390115878517,12.390685616488154,14,36.13873871555091,54.46865356089096,1.0,1.0
221,0,mild,6191.9,4.226,1.0472453755541222,1.304868105038624,20.16,74.31,6.46,0.812,1,3,1.103,0.65,12.7,2.17,116.01,0.166,1,29.43,26.3,0,,,,,,,1090296439,66.98261471132594,39.45490137150317,9.17407541907159,0,,,,
415,1,strong,6370.8,4.282,1.129244454176928,1.2698119560244372,10.82,75.45,76.05,3.225,1,2,2.415,0.506,7.2,11.59,239.9,0.09,1,5.99,247.4,0,,,,,,,1790708382,66.34825676241708,177.95059412614123,45.0739632025504,0,,,,
48,0,mild,5443.0,4.39,0.9511893120245496,1.0303927661035623,30.52,63.75,36.27,1.72,1,1,1.44,0.678,24.0,7.42,8.36,0.172,1,34.82,58.6,0,,,,,,,1963635233,64.00389394783863,65.39027429021934,7.753964376314672,0,,,,
1135,3,strong,6373.5,4.24,1.1714154088972284,1.3568035677311168,21.99,55.08,90.82,3.517,1,3,2.747,0.484,21.7,17.46,112.97,0.089,1,5.657,111.8,1,31.1433,0.21435,2.35785,0.20421,276.78,251.8331536400389,1289986035,67.29427750624727,407.5242345571112,47.7272475841041,8,11.453737392797452,70.30146176828504,1.0,1.0
720,1,strong,6150.9,4.503,1.0941019919100112,1.0019468432478509,19.71,32.54,27.43,3.792,1,4,2.6,0.534,22.8,10.37,147.56,0.1,1,2.417,467.6,0,,,,,,,2077935947,63.24613542128648,360.4398163913097,111.70585005514144,0,,,,
116,0,mild,5650.3,4.539,1.0121029132872053,0.8957479571028235,22.59,87.64,9.72,1.088,1,2,1.07,0.72,11.1,7.42,138.91,0.178,1,40.93,30.8,0,,,,,,,295976220,61.49898738096122,33.86069559708851,6.596458333331954,0,,,,
1168,3,strong,5316.6,4.26,1.1690725780794338,1.3166571609282534,9.57,56.38,64.71,2.588,1,5,1.848,0.493,7.3,-14.04,122.63,0.115,1,5.311,1235.1,1,21.447,0.26317,2.89487,0.15915,331.24,403.1133974433143,2111798529,66.56220900114906,428.62866965578246,50.83657307160175,12,19.80021447451364,129.03211492759254,1.0,1.0
857,2,mild,6007.9,4.438,1.016788574922794,1.0075802265321572,31.21,62.9,20.13,2.169,1,2,0.85,0.736,17.4,7.21,240.19,0.164,1,65.59,15.4,1,22.6612,0.21458,2.36038,0.15759,244.22,457.6348525768459,1368547694,63.656582336922426,65.57653641969289,4.116375050819894,11,92.30127460272608,132.51685803215778,1.0,1.0
703,1,strong,5929.9,4.337,0.9324466654821938,1.0848199205544502,12.67,60.08,123.89,1.568,1,2,2.615,0.506,13.9,16.07,127.56,0.087,1,2.625,263.9,0,,,,,,,1427596132,64.9878670858159,279.28020695180805,102.85449126981976,0,,,,
653,1,strong,6339.7,4.489,1.096444822727806,1.0335883869941966,10.87,14.23,32.94,1.236,1,4,2.445,0.492,10.6,-11.56,197.1,0.106,1,1.704,105.7,0,,,,,,,1827608526,63.08767406047874,75.70907806977937,158.44661947375403,0,,,,
1381,3,strong,5634.9,4.239,1.1690725780794338,1.3479873904964543,11.1,77.23,26.12,3.786,1,2,2.825,0.574,11.8,0.99,252.88,0.127,1,2.755,992.2,1,10.8742,0.15814,1.73954,0.10119,168.67,138.87104120969556,366953988,67.18799461824558,410.7925491994401,98.0011032970152,24,9.08269896909735,56.270185092041466,1.0,1.0
459,1,strong,6394.8,4.397,1.1854723938039953,1.1484523118911047,11.26,49.48,60.8,2.342,1,5,2.03,0.517,11.7,2.77,190.01,0.094,1,3.571,225.3,0,,,,,,,1945235682,63.97496165362245,173.9360950695232,75.6071239381901,0,,,,
470,1,strong,5500.2,4.385,0.903161280259804,1.0085752040723286,14.48,79.35,101.23,1.96,1,2,2.275,0.516,12.8,-15.77,73.1,0.082,1,2.733,276.3,0,,,,,,,1834082912,64.07704738986202,175.0517029343606,98.78998887057332,0,,,,
2,0,mild,6144.3,4.433,1.091759161092217,1.0484212048448989,30.58,76.52,25.35,1.418,1,2,1.08,0.68,17.4,-8.08,216.31,0.17,1,26.93,23.0,0,,,,,,,1728507683,63.55598016975044,45.327521404845136,10.025734852702444,0,,,,
301,0,mild,6333.2,4.353,1.136272946630538,1.1740402845168751,30.35,61.5,16.54,1.503,1,2,1.645,0.723,17.9,11.32,225.69,0.225,1,46.06,41.3,0,,,,,,,963547391,65.33290748735956,72.58826266971664,5.861768119480609,0,,,,
223,0,mild,5330.9,4.443,0.9090183573042492,0.9477847116502072,25.91,73.3,39.98,0.95,1,1,1.16,0.668,15.9,-11.16,182.29,0.183,1,68.57,45.9,0,,,,,,,1664710683,63.13914042013237,51.87866524238323,3.937480524767054,0,,,,
538,1,strong,5274.1,4.221,1.1936723016662756,1.386735652068645,10.2,63.31,114.21,4.313,1,5,2.108,0.514,10.9,-10.31,167.26,0.12,1,4.141,517.4,0,,,,,,,641868677,66.57020408972417,254.32961316461987,65.1999612613564,0,,,,
1181,3,strong,5610.0,4.409,0.9254181730288104,0.9929114436766278,11.07,58.15,139.46,3.049,1,5,1.936,0.496,11.6,-12.69,228.29,0.102,1,3.633,144.6,1,8.1831,0.21715,2.38865,0.07745,14.02,482.6124456089633,1642579733,64.61927300227565,208.5462389555386,74.31682895218191,32,59.13793321084484,199.8084376160869,1.0,1.0
1000,2,mild,5210.9,4.458,0.9043326956686604,0.9271938854670052,30.31,36.2,8.89,0.76,1,1,1.23,0.655,20.5,11.07,306.57,0.244,1,78.99,40.5,1,14.6576,0.1621,1.7831,0.11335,11.7,308.4074027840514,808595192,62.34045696650134,54.16548421896564,3.418066079038826,18,80.10377881200033,106.1164236025199,1.0,1.0
1132,3,strong,6202.0,4.402,1.108158976816778,1.096601037754205,8.03,58.3,107.66,4.197,1,2,2.17,0.581,7.2,1.38,148.75,0.128,1,1.019,100.9,1,3.5889,0.09237,1.01607,0.04747,291.88,71.59199493382452,279379586,64.21976133936694,119.36228264204648,264.9588219659244,75,19.23049375213268,40.58769963399102,1.0,1.0
410,1,strong,5362.8,4.437,0.9207325113932217,0.9638560245768406,14.58,78.49,64.64,3.082,1,2,2.035,0.579,14.9,-1.5,166.49,0.08,1,1.101,100.4,0,,,,,,,307497481,62.88505628942311,140.56475514541552,245.22528572504712,0,,,,
478,1,strong,5822.6,4.382,0.9558749736601384,1.0430716808956049,14.58,43.87,74.97,4.543,1,3,2.153,0.458,14.7,14.42,173.26,0.074,1,5.002,383.2,0,,,,,,,954672880,64.43516477838685,177.8840476292904,53.97701710981145,0,,,,
395,1,strong,5968.1,4.458,1.0905877456833195,1.0206709980746576,20.32,67.3,120.08,3.885,1,5,2.008,0.518,19.1,-2.57,213.55,0.111,1,1.574,123.9,0,,,,,,,1415759319,63.25779897155599,207.6963293799569,171.5330619969993,0,,,,
54,0,mild,5678.2,4.547,0.9511893120245496,0.8599735894273668,22.06,61.03,19.46,1.397,1,2,1.37,0.774,13.9,0.99,245.99,0.168,1,20.75,15.7,0,,,,,,,94356560,61.8934926726164,48.434901178753215,13.011712751001294,0,,,,
391,1,strong,6382.6,4.264,1.1714154088972284,1.3231747024334684,9.78,65.26,92.3,4.11,1,4,2.127,0.494,7.5,-2.14,245.69,0.075,1,1.457,147.2,0,,,,,,,1384833965,66.5875591504166,184.36754881145157,185.307508293258,0,,,,
1205,3,strong,5710.1,4.448,0.9301038346643994,0.9569665864792446,8.21,77.71,78.54,4.029,1,4,2.143,0.557,9.1,9.94,184.81,0.093,1,1.066,334.9,1,11.9043,0.22593,2.48523,0.0996,267.31,562.4114301204803,1736163944,64.67050738567507,216.1912926055677,253.27677259219217,22,57.72689236310129,201.4281467187604,1.0,1.0
901,2,mild,5626.9,4.474,0.9769604510202644,0.9483783201396572,24.62,76.77,12.56,2.046,1,2,0.85,0.708,14.4,2.14,184.66,0.161,1,49.07,95.2,1,6.1879,0.12805,1.40855,0.06545,339.48,183.94831451316043,1273018247,63.02739260316537,54.4805952786293,5.502201744105907,43,63.3020252709564,83.6732003251242,1.0,1.0
1319,3,strong,6347.4,4.269,1.1093303922256754,1.2785351948399533,20.78,82.44,30.27,4.828,1,3,2.15,0.503,17.4,-25.21,170.79,0.132,1,3.753,160.0,1,24.9306,0.15912,1.75032,0.17289,300.47,156.28742914407675,991863872,66.43946658869211,134.85091006758793,71.94059141574124,10,20.610974200090187,46.63550799457895,1.0,1.0
676,1,strong,5583.6,4.274,1.1878152246217897,1.3181403966877925,20.5,80.04,40.28,4.898,1,3,1.817,0.461,17.7,-0.94,268.68,0.12,1,3.753,119.0,0,,,,,,,406253696,65.99522127229831,220.47793939650884,71.94059141574124,0,,,,
315,0,mild,5460.9,4.517,0.9371323271177828,0.8837766823880734,21.28,49.48,9.82,1.557,1,2,1.22,0.655,9.8,-5.86,161.19,0.189,1,51.19,16.5,0,,,,,,,1366168823,60.70108617283856,41.36933514260007,5.2743316972705,0,,,,
643,1,strong,6179.9,4.335,1.030845559829561,1.1426815260676269,20.41,57.38,49.23,2.085,1,4,2.292,0.516,14.5,12.14,160.37,0.111,1,1.829,176.8,0,,,,,,,621665159,65.23097280542505,237.2132071397532,147.6178455895445,0,,,,
430,1,strong,6051.4,4.494,1.030845559829561,0.9504628844973824,9.47,80.52,31.32,2.124,1,2,2.495,0.517,9.0,7.05,171.76,0.115,1,1.892,171.5,0,,,,,,,1995228645,63.09721745568076,226.52619681223095,142.70245221103428,0,,,,
542,1,strong,5735.3,4.407,0.9219039268021187,0.9947647592739058,14.35,59.45,79.7,4.024,1,5,2.022,0.504,14.0,-11.44,225.16,0.103,1,1.935,152.5,0,,,,,,,2014539068,63.63594723989149,174.09430342762354,139.53128660634462,0,,,,
755,2,mild,5956.8,4.454,1.0730165145498611,1.016382573527134,20.8,78.58,7.59,1.575,1,1,1.14,0.707,15.7,-13.25,2.7,0.161,1,23.67,41.5,1,41.4133,0.26518,2.91698,0.23983,41.17,686.8580527493987,1482081977,63.252139829912736,75.58937653822656,11.406550045765815,6,104.41553372251651,162.70543572014745,1.0,1.0
837,2,mild,5439.5,4.328,1.0730165145498611,1.1745643531008234,24.4,51.62,13.86,2.153,1,3,1.347,0.716,12.4,0.26,163.14,0.2,1,63.43,35.9,1,29.836,0.12947,1.42417,0.19274,276.53,122.59832751945665,612369539,64.68342252875796,48.63557667925627,4.256551152187875,9,28.29550713419172,35.40169617629032,1.0,1.0
224,0,mild,6254.1,4.449,1.1093303922256754,1.0373977833496515,28.58,40.99,31.13,0.743,1,3,1.097,0.689,17.2,2.54,111.57,0.197,1,39.17,38.4,0,,,,,,,1912152587,62.73966112600331,55.66431263815396,6.892852682748963,0,,,,
549,1,strong,5382.8,4.424,0.9183896805754272,0.9703172572832875,11.54,80.33,75.02,1.355,1,4,2.365,0.53,14.6,8.71,215.31,0.115,1,4.799,506.1,0,,,,,,,380548641,62.77665324635393,334.706297925899,56.260270802933285,0,,,,
1488,3,strong,5404.9,4.446,0.9090183573042492,0.9424838394288834,15.6,63.72,36.08,3.466,1,5,2.494,0.496,14.0,-8.9,158.06,0.115,1,5.172,196.6,1,27.8276,0.3088,3.3968000000000003,0.17409,148.68,1083.1949862079875,1905116446,63.84155912306535,317.36158179744086,52.2028305458772,9,56.88931908242382,288.4667123365504,1.0,1.0
1254,3,strong,6197.1,4.383,1.0531024525987964,1.0928935797719794,18.43,77.04,122.96,1.534,1,4,2.107,0.522,23.1,2.49,181.99,0.094,1,4.666,181.4,1,40.5935,0.31617,3.47787,0.23518,186.01,844.4723828925208,991561080,64.46658407383995,301.74079208386223,57.86391761321836,6,42.51463742374952,203.48394808720045,1.0,1.0
869,2,mild,5200.2,4.461,0.9277610038466048,0.9446449896941104,25.08,16.31,16.57,2.023,1,2,1.45,0.724,7.8,12.5,202.15,0.199,1,24.02,44.6,1,9.4144,0.14439,1.58829,0.0851,104.67,235.74194590735493,966712053,62.81853844722927,53.31844418312572,11.240343030111443,28,71.45891045005365,93.72863120769247,1.0,1.0
1400,3,strong,5641.1,4.52,0.9441608195711662,0.8830495682828979,17.45,48.64,25.79,3.091,1,3,2.473,0.513,17.0,16.62,162.69,0.11,1,1.171,146.0,1,16.1421,0.34745,3.82195,0.12263,161.17,1562.1198430252418,891396035,64.96596421158176,343.8703548028999,230.56621655275563,16,88.88452076406395,478.7959751308512,1.0,1.0
449,1,strong,5763.2,4.351,0.9219039268021187,1.0602849099770808,17.57,64.52,74.41,4.888,1,2,2.27,0.436,20.1,11.42,275.98,0.085,1,3.905,544.1,0,,,,,,,1651851469,64.61606849308967,290.0083913054196,69.14034304309267,0,,,,
404,1,strong,5904.8,4.209,1.194843717075173,1.435304704547194,17.74,71.09,60.8,3.501,1,3,2.11,0.5,22.9,4.74,102.84,0.086,1,1.213,127.4,0,,,,,,,62971212,67.18917607870304,228.7393319405584,222.5828850645316,0,,,,
844,2,mild,5445.3,4.231,1.1831295629862006,1.3848239503105513,31.0,50.15,11.11,2.011,1,2,1.7,0.73,15.5,8.61,120.48,0.189,1,33.99,17.4,1,4.8884,0.25687,2.82557,0.05962,216.68,347.1662686281041,1745553511,66.83184093568659,90.32881373124408,7.943308019513882,55,112.73525955577377,189.5420694042188,1.0,1.0
181,0,mild,5308.4,4.374,1.0437311293274305,1.100289673516171,22.37,85.39,12.28,0.787,1,3,0.76,0.703,8.6,-5.2,195.18,0.137,1,79.59,89.6,0,,,,,,,1880650249,63.75369946548474,39.97093320971515,3.392298524730203,0,,,,
1340,3,strong,5315.8,4.431,0.9207325113932217,0.9665112946254344,21.33,60.99,26.57,1.092,1,2,1.86,0.633,22.6,-3.09,337.7,0.132,1,1.819,261.2,1,12.2986,0.11267,1.23937,0.10144,326.17,137.12056804053722,538190223,63.20853908371561,150.8394716533413,148.42937855045457,21,19.203276675354267,49.687157543648304,1.0,1.0
1372,3,strong,6188.1,4.21,1.1468156853103866,1.3904721301701672,16.43,5.85,28.25,3.373,1,3,2.137,0.547,14.7,7.91,276.3,0.082,1,4.045,130.8,1,4.0261,0.1837,2.0207,0.05184,109.94,176.11389317751534,1184507128,67.97200961989566,77.57449159112898,66.74735218375201,67,67.06015694158769,101.75701609082248,1.0,1.0
714,1,strong,5735.7,4.251,0.9886746051092608,1.2261135061334754,9.17,58.21,30.4,3.426,1,2,1.63,0.508,8.9,-17.91,166.06,0.11,1,2.478,114.5,0,,,,,,,356637303,67.17127614355307,63.69836493044232,108.95602888752092,0,,,,
835,2,mild,6173.4,4.43,1.108158976816778,1.0606618278626068,32.96,60.16,18.3,1.03,1,1,0.66,0.712,25.8,11.02,238.96,0.219,1,69.98,40.0,1,9.3577,0.11193,1.23123,0.08993,80.06,112.36705819714038,1327474570,63.49251038764091,42.55332903010395,3.858145749975376,28,37.73412076759335,45.42507577969362,1.0,1.0
61,0,mild,6254.5,4.331,1.155015593172667,1.2148525814604862,28.48,73.54,8.77,0.821,1,3,1.327,0.764,16.8,7.16,130.44,0.184,1,23.57,46.2,0,,,,,,,112906079,65.26479818016595,52.15329765098779,11.454944403193757,0,,,,
898,2,mild,5653.0,4.505,0.9207325113932217,0.8872786287669889,34.83,63.65,37.41,1.984,1,2,0.755,0.782,15.1,-7.46,193.66,0.176,1,58.96,64.4,1,31.3425,0.1852,2.0372,0.18927,229.74,439.60417124999833,507983905,62.208570373791474,68.12129333569148,4.5792577948316975,8,75.43598635739953,111.86745770788126,1.0,1.0
348,0,mild,5631.1,4.203,1.1936723016662756,1.4245913010253266,34.72,52.0,32.67,0.556,1,1,1.05,0.667,24.6,11.63,199.61,0.141,1,33.75,17.1,0,,,,,,,1304807937,67.04919189628248,51.0778089240296,7.999793765430426,0,,,,
1004,2,mild,5368.1,4.246,1.194843717075173,1.361975130850005,33.37,63.88,14.74,0.844,1,3,1.647,0.7,18.9,-11.1,150.49,0.214,1,58.71,17.6,1,4.1962,0.21658,2.38238,0.05403,357.11,255.1515586912288,1748482861,66.25382624256623,92.05486762805656,4.598757274455406,64,85.46698587064971,146.308594259552,1.0,1.0
957,2,mild,5961.8,4.231,1.173758239715023,1.37218855331136,30.75,77.8,12.79,0.85,1,2,1.44,0.68,15.8,-10.68,261.91,0.183,1,32.07,86.7,1,46.0477,0.18146,1.99606,0.26522,26.3,176.4550576839954,594923621,66.7520249198506,53.820059526358406,8.418866217127436,5,32.79436411633439,42.12600426580148,1.0,1.0
7,0,mild,6072.4,4.469,1.0683308529142723,0.9910178497752004,21.62,21.17,33.59,0.96,1,1,1.33,0.687,15.1,-7.31,343.04,0.225,1,29.94,26.7,0,,,,,,,48970940,62.66660479031889,46.4942951161237,9.01780359329582,0,,,,
469,1,strong,5295.7,4.255,1.194843717075173,1.3589640329921298,9.28,76.35,122.55,2.507,1,4,2.538,0.491,10.0,-1.78,98.79,0.107,1,3.177,429.0,0,,,,,,,1727842737,66.40112576918915,380.0320655789887,84.98364481689546,0,,,,
513,1,strong,6109.5,4.497,1.0472453755541222,0.9650868647290356,10.79,73.89,28.93,2.562,1,4,2.282,0.541,10.5,-11.37,218.35,0.106,1,2.055,165.1,0,,,,,,,9548974,62.10085786468831,198.37852866986003,131.38347424976976,0,,,,
265,0,mild,6059.8,4.383,1.0706736837320667,1.099421829706318,31.91,56.81,9.34,0.904,1,2,0.93,0.744,16.9,-0.68,186.69,0.201,1,30.25,20.9,0,,,,,,,523059490,64.75181236537524,37.272166749418176,8.925389738290145,0,,,,
915,2,mild,5903.2,4.228,1.1843009783950975,1.3788756507990432,34.32,37.35,33.0,0.88,1,2,1.13,0.714,22.9,-1.24,278.02,0.185,1,68.99,17.4,1,9.5079,0.20587,2.26457,0.09293,201.6,224.9240040175978,59483898,67.25173414018558,58.51039174637065,3.91350977798633,28,73.22344915422214,97.05728228249409,1.0,1.0
487,1,strong,5253.7,4.386,0.948846481206755,1.0317567884723804,16.09,65.93,87.51,3.555,1,2,2.465,0.463,19.6,7.2,173.86,0.097,1,1.348,137.1,0,,,,,,,245768739,64.01559526168441,215.0413782466077,200.29157239115492,0,,,,
889,2,mild,5991.2,4.277,0.9968745129715414,1.2000455248803863,34.42,38.77,9.96,2.352,1,2,1.235,0.752,19.4,0.46,149.46,0.153,1,44.39,20.1,1,5.4032,0.11186,1.23046,0.0602,305.64,87.67061814534696,73981920,65.83412185594857,39.958336357099896,6.0822942010199785,49,38.18679714937849,44.67029655212192,1.0,1.0
941,2,mild,5605.4,4.384,0.983988943473672,1.049569308221023,29.4,9.36,14.45,2.498,1,2,1.28,0.693,8.6,7.39,231.68,0.123,1,24.99,32.9,1,31.2698,0.16468,1.81148,0.19321,197.07,248.4044398299818,404428110,64.30904522325243,43.37892925039816,10.80404320061132,8,54.50616815550638,65.74723333121285,1.0,1.0
1121,2,mild,5559.7,4.418,0.9441608195711662,0.9927161058631988,32.69,89.8,36.1,0.826,1,3,1.027,0.666,17.9,-10.23,130.44,0.181,1,64.72,19.0,1,26.4804,0.24773,2.7250300000000003,0.17057,125.14,628.3577147758394,2008897303,63.91641192602069,87.47669621795015,4.171709511484501,10,105.13055736860622,178.1984878026002,1.0,1.0
954,2,mild,6195.3,4.502,1.0636451912786833,0.9969272807916868,33.83,87.77,23.53,1.555,1,3,1.0,0.704,14.8,-4.81,231.28,0.189,1,48.54,29.1,1,4.4026,0.25565,2.81215,0.05366,281.23,663.5360378153464,80589941,65.83680846466005,128.8567971336524,5.562279348646,61,149.55134912105115,328.69641390613054,1.0,1.0
99,0,mild,5593.4,4.376,1.0097600824694108,1.0776200166943564,26.27,81.86,8.54,1.505,1,1,1.03,0.722,11.8,-9.73,349.12,0.227,1,59.36,84.5,0,,,,,,,73399726,64.51985769035772,42.45847399481095,4.54840026252151,0,,,,
1385,3,strong,6189.3,4.526,1.0636451912786833,0.9930611382165712,15.47,84.2,83.63,1.583,1,5,2.178,0.493,13.2,-2.31,144.83,0.096,1,3.925,680.5,1,4.1118,0.17721,1.94931,0.05127,212.21,321.31008694543215,393584647,63.80892599837512,343.0322006824512,68.78803556261832,65,30.59172563052812,167.2799736338671,1.0,1.0
520,1,strong,5361.8,4.393,0.9781318664291856,1.042169925515687,11.77,29.42,86.91,1.113,1,3,2.283,0.541,9.0,-5.81,156.72,0.107,1,1.005,122.1,0,,,,,,,620437376,64.01798515658237,111.63553013045492,268.6497906301263,0,,,,
784,2,mild,5803.2,4.331,1.0355312214651498,1.1501782381701722,29.65,42.5,23.76,0.955,1,2,1.085,0.722,20.7,1.45,132.16,0.183,1,55.24,44.2,1,5.7561,0.13287,1.4615699999999998,0.06359,339.13,134.65530239910055,1557551068,65.03538445435146,53.99817601575843,4.8876364877494,46,50.89981730069722,66.15762611896794,1.0,1.0
1182,3,strong,5559.5,4.362,0.9043326956686604,1.0376610270212347,21.7,79.22,36.79,1.471,1,2,1.98,0.583,27.4,23.29,220.87,0.102,1,1.321,318.7,1,6.3691,0.1984,2.1824,0.06503,105.33,368.8690409840409,1102526785,65.41863620027945,203.49878484619245,204.38534412057297,42,52.05746956967474,170.0977539433875,1.0,1.0
394,1,strong,5594.1,4.487,0.9675891277491108,0.9256209449253446,20.4,66.51,115.69,2.323,1,4,2.007,0.564,22.8,10.57,246.9,0.1,1,4.015,611.7,0,,,,,,,176980255,62.90213082069184,299.81947250736806,67.24608706930931,0,,,,
638,1,strong,5550.9,4.258,1.1714154088972284,1.330885406642439,13.73,85.08,121.32,2.599,1,2,2.47,0.523,10.8,5.49,201.42,0.119,1,3.902,1050.4,0,,,,,,,1049326711,66.90090512188006,477.28899131854007,69.19350066203917,0,,,,
541,1,strong,5553.7,4.532,0.9090183573042492,0.8555038443730992,9.77,87.06,122.04,1.248,1,3,2.347,0.536,8.4,7.15,101.44,0.065,1,1.553,254.8,0,,,,,,,2126965769,61.72465172313218,249.5012644696209,173.85256895252857,0,,,,
667,1,strong,5764.9,4.429,0.9441608195711662,0.9811543763763048,18.41,76.13,75.79,3.24,1,4,2.188,0.44,17.0,12.14,189.13,0.114,1,1.843,252.0,0,,,,,,,710475638,63.532928203838495,250.5841377563684,146.49649461924952,0,,,,
990,2,mild,6004.0,4.439,1.016788574922794,1.0054225179965304,27.3,66.02,9.39,1.128,1,2,1.24,0.652,15.0,4.55,189.36,0.13,1,38.69,33.6,1,8.5194,0.34523,3.79753,0.08209,310.14,1189.6514089666962,364045772,67.10160774013936,195.93297474813784,6.9783675260604,31,150.84530630572095,465.5741168166022,1.0,1.0
371,0,mild,5607.0,4.223,1.1854723938039953,1.3955148059159057,23.97,70.6,39.2,0.589,1,3,1.213,0.731,11.7,-1.26,209.68,0.173,1,23.85,73.9,0,,,,,,,886789478,67.04300945936811,69.8106668288782,11.320462875609092,0,,,,
1113,2,mild,5697.6,4.508,1.0097600824694108,0.9261791601243514,26.57,76.78,8.44,1.546,1,1,1.37,0.798,20.8,15.45,293.46,0.2,1,74.71,58.2,1,4.6795,0.09459,1.04049,0.05493,237.35,105.244721595809,1380666128,61.38110568024934,40.93754402255679,3.613880867129928,57,44.16985094391172,53.09226377189341,1.0,1.0
140,0,mild,6068.3,4.504,1.0472453755541222,0.9570630388676394,33.6,62.37,10.09,1.722,1,2,0.935,0.659,12.4,14.0,294.44,0.199,1,71.21,54.1,0,,,,,,,148494639,62.507496053918025,38.36796182969952,3.791504558113704,0,,,,
22,0,mild,5243.3,4.346,1.0894163302746342,1.165329274690441,27.11,37.17,7.99,1.645,1,2,1.35,0.735,13.7,10.48,258.4,0.174,1,71.71,26.2,0,,,,,,,1291868899,64.63189143154501,52.415062751858656,3.765068185514948,0,,,,
50,0,mild,5462.6,4.486,0.9277610038466048,0.9092320733271746,32.91,38.03,7.09,0.515,1,2,1.85,0.713,9.4,-5.29,238.13,0.198,1,77.9,15.9,0,,,,,,,778540165,61.80277916762944,57.86371770127433,3.4658926775773664,0,,,,
947,2,mild,6171.2,4.51,1.0941019919100112,1.0037355102141885,33.57,41.35,27.6,0.775,1,1,1.25,0.714,21.5,17.24,111.57,0.149,1,44.56,56.5,1,24.6785,0.26609,2.92699,0.17094,291.98,709.1178397928591,1627263001,63.41845601458376,87.47938952342214,6.059089757254867,10,115.35472888038716,196.5349100662484,1.0,1.0
1266,3,strong,5857.7,4.302,1.0097600824694108,1.1740606072811417,8.3,83.99,50.35,3.215,1,4,1.98,0.506,8.0,-5.24,181.56,0.107,1,1.529,982.7,1,4.4192,0.11791,1.29701,0.05287,132.74,101.77008275765446,1381135779,69.64763344677357,355.6825235513561,176.5814516568194,61,10.030795864008056,52.19897843997466,1.0,1.0
669,1,strong,5618.0,4.419,0.9301038346643994,0.98766647902239,9.91,32.38,35.36,4.122,1,4,2.075,0.542,10.7,-7.17,93.92,0.086,1,4.158,222.0,0,,,,,,,1687512837,63.48033433169351,103.6777854882296,64.93339095316904,0,,,,
754,2,mild,5231.5,4.521,0.903161280259804,0.8900660772710814,31.31,58.4,11.53,2.475,1,3,1.41,0.776,15.4,-7.62,226.88,0.215,1,37.56,97.4,1,29.1697,0.1118,1.2298,0.17926,36.5,159.19850708727344,858335050,60.80609588884042,64.7825011838788,7.188313087946668,9,29.86965291946181,43.64513555526732,1.0,1.0
877,2,mild,5703.5,4.251,1.1468156853103866,1.328790786356004,31.32,59.11,5.21,1.049,1,2,0.845,0.76,13.2,1.49,229.6,0.169,1,47.02,64.7,1,22.53,0.15334,1.68674,0.16341,279.38,134.3685355042261,1097880099,65.45516436812166,42.6502676260848,5.742089314829367,11,35.65035676204408,42.550701904862805,1.0,1.0
201,0,mild,5396.1,4.33,1.0730165145498611,1.1727343128936214,20.78,53.85,23.42,0.801,1,1,1.66,0.716,4.3,0.43,109.78,0.12,1,25.68,31.4,0,,,,,,,651221448,64.67186687442063,46.16496135870862,10.513747647323866,0,,,,
1139,3,strong,6303.1,4.204,1.136272946630538,1.3951380568959324,14.52,53.82,32.52,2.263,1,2,1.775,0.54,14.2,13.83,148.19,0.102,1,1.435,138.3,1,45.2048,0.12796,1.40756,0.25915,118.23,84.88168137297995,1783837823,68.05018022276579,113.53956533077796,188.1484596399142,5,10.327989559228463,20.089960882542144,1.0,1.0
1335,3,strong,6041.6,4.383,1.0812164224121417,1.1064084904224984,20.15,67.2,94.72,2.905,1,2,1.54,0.48,20.8,20.0,212.2,0.073,1,4.921,265.4,1,21.0926,0.12139,1.33529,0.15334,73.7,121.46039953049548,1008467179,63.973844930724304,178.54303202015916,54.86548254080001,12,12.636631331475783,37.46283965520697,1.0,1.0
308,0,mild,5654.8,4.346,1.101130484363395,1.17044446851588,21.94,89.16,12.07,1.279,1,1,0.91,0.755,12.0,1.71,307.47,0.225,1,60.3,16.4,0,,,,,,,1804193742,64.85031056186958,35.37457563432463,4.477496510502104,0,,,,
439,1,strong,6148.3,4.544,1.0472453755541222,0.9626988264973784,20.74,62.14,44.02,3.766,1,3,2.373,0.473,19.9,9.65,193.45,0.123,1,1.4,114.3,0,,,,,,,1207204994,62.75599117533995,286.1956383074772,192.85217113091207,0,,,,
809,2,mild,5764.8,4.368,1.021474236558383,1.0968775256068286,20.64,21.36,7.54,1.58,1,1,1.18,0.671,4.4,5.85,121.76,0.182,1,58.69,17.1,1,40.1094,0.15637,1.7200700000000002,0.23095,151.18,205.06449754674912,1031609823,64.03461191973253,38.11935212116124,4.600324409324874,6,42.95510160778644,49.9900997415232,1.0,1.0
66,0,mild,5242.2,4.255,1.194843717075173,1.358563156952587,23.09,19.05,38.03,0.937,1,2,1.345,0.759,12.6,-4.41,47.73,0.158,1,60.68,31.6,0,,,,,,,1793494344,66.3706667475325,47.90245280650734,4.449456815808782,0,,,,
228,0,mild,5938.3,4.276,0.995703097562644,1.2019657925065952,29.94,78.68,24.63,0.833,1,1,1.16,0.759,17.7,-3.89,84.58,0.211,1,41.8,18.2,0,,,,,,,2140490762,65.66423971071873,45.18979340873501,6.459163626394184,0,,,,
850,2,mild,5376.9,4.46,0.9066755264864548,0.923875733591034,24.2,88.73,9.36,1.208,1,2,1.32,0.76,13.1,-7.25,157.91,0.208,1,53.37,35.7,1,24.2037,0.17792,1.95712,0.15849,188.71,374.2159564237658,1080128107,63.23679163355901,60.95257334322546,5.058891504277251,11,77.50053476234851,107.64100140307632,1.0,1.0
202,0,mild,5424.1,4.248,1.194843717075173,1.3646098630747467,23.55,48.86,5.32,1.116,1,3,1.117,0.688,9.4,10.15,140.22,0.18,1,64.29,87.0,0,,,,,,,546307451,66.8228262305523,71.3855435411544,4.199611752734124,0,,,,
1415,3,strong,5984.5,4.545,1.030845559829561,0.9412082390886132,16.2,71.05,103.48,2.383,1,4,2.025,0.542,19.9,7.21,172.46,0.094,1,4.714,239.9,1,13.6307,0.11599,1.27589,0.11281,48.92,153.23908093384364,1630991972,62.28929271545785,246.26372770764385,57.274722015968784,19,12.94773541757439,52.8015956147535,1.0,1.0
1211,3,strong,5795.3,4.337,0.9207325113932217,1.0771158747914031,16.96,89.16,46.81,1.137,1,5,2.254,0.551,17.1,-6.4,132.57,0.085,1,4.548,325.7,1,31.5564,0.1097,1.2067,0.19013,192.06,104.66182033907114,557030109,65.63127750343534,305.33071838564416,59.36522418277856,8,5.851877975950995,27.84601909280363,0.0,1.0
863,2,mild,5342.7,4.234,1.1831295629862006,1.3774613997076488,34.18,15.55,26.7,1.229,1,3,1.44,0.685,15.4,-2.77,137.45,0.203,1,56.25,33.0,1,29.3247,0.1061,1.1671,0.19684,58.52,59.86483293531869,846296822,66.29931516757665,53.22468794209532,4.799876259258255,9,13.972057329942562,17.917375928157266,1.0,1.0
782,2,mild,6252.7,4.391,1.1468156853103866,1.1312358789510537,27.76,28.78,24.15,0.71,1,1,1.98,0.785,21.5,-9.23,324.56,0.128,1,22.64,24.3,1,12.8864,0.13311,1.46421,0.1126,188.75,139.70595133206234,1446815413,64.33629973572307,47.6590262369438,11.925487614102336,20,40.99673389534391,51.020012789961264,1.0,1.0
1029,2,mild,5488.1,4.385,0.983988943473672,1.0524068839440806,25.68,41.0,14.55,2.125,1,1,1.09,0.695,9.0,2.67,210.58,0.177,1,50.62,16.0,1,10.7924,0.22112,2.4323200000000003,0.09506,212.56,445.4393431159666,1570947263,64.75940823900127,75.74970631986598,5.333722631040634,25,112.79112141403137,173.57453204016505,1.0,1.0
272,0,mild,5913.2,4.252,0.9324466654821938,1.1961451667391934,32.24,57.05,5.4,1.028,1,1,1.5,0.686,19.1,-1.77,164.87,0.165,1,21.3,23.6,0,,,,,,,490105646,67.03365488204743,41.599724321542624,12.675729557900322,0,,,,
558,1,strong,6070.8,4.2,1.190158055439584,1.4330108008922022,15.81,63.49,47.89,2.525,1,2,2.215,0.487,10.2,15.73,304.2,0.115,1,5.582,244.8,0,,,,,,,1381911428,67.42962216358376,190.12552666183456,48.3685130030951,0,,,,
753,2,mild,5993.1,4.404,0.9816461126558772,1.0285425011682812,27.93,55.45,21.69,1.306,1,1,1.31,0.75,10.6,16.47,310.95,0.138,1,47.14,45.3,1,5.9631,0.21577,2.37347,0.06396,329.25,444.0557733720802,75749781,64.35464743899163,91.0998965218588,5.727472201596878,45,120.75421411189626,209.28832151641456,1.0,1.0
176,0,mild,5444.4,4.239,1.194843717075173,1.366325865960993,21.8,10.54,39.92,1.325,1,1,1.93,0.624,9.8,16.58,256.64,0.213,1,38.03,87.3,0,,,,,,,300710362,66.55643117398039,66.27774086106884,7.099475140238677,0,,,,
1206,3,strong,5440.8,4.286,1.1198731309057504,1.2616562171619523,19.95,75.71,29.76,4.144,1,2,2.445,0.591,26.4,14.12,298.65,0.094,1,5.741,246.8,1,28.1642,0.35083,3.859129999999999,0.18813,75.71,780.209555188898,1319702472,66.06251596520389,252.09629824982244,47.02892171804161,9,56.992759187419146,224.82944051392,1.0,1.0
920,2,mild,5289.0,4.339,1.0566166988253,1.1486450839675828,23.45,87.29,7.04,1.567,1,3,1.483,0.737,13.1,4.65,265.51,0.215,1,20.96,16.3,1,39.1686,0.16616,1.82776,0.2299,251.99,211.14516102310856,238659170,64.18082169744034,62.40286781911569,12.881347308362445,6,37.319116305700376,52.05131013339879,1.0,1.0
1235,3,strong,5948.8,4.253,0.983988943473672,1.2263925307464438,12.2,58.28,39.26,1.67,1,3,2.067,0.469,13.8,5.35,54.91,0.08,1,3.694,291.7,1,5.9016,0.17442,1.91862,0.06357,262.3,204.095511074872,1319120669,66.80968990080841,257.1582804669038,73.08961548004247,45,25.387381047419247,100.9629617457118,1.0,1.0
132,0,mild,5460.2,4.296,1.1643869164438791,1.2728663973305652,26.02,81.61,15.02,0.502,1,1,0.64,0.719,10.3,-11.13,8.72,0.191,1,73.75,16.5,0,,,,,,,1980366727,65.65360117180501,37.88848421588583,3.660922570620704,0,,,,
63,0,mild,5316.2,4.532,0.903161280259804,0.8551653523057802,26.07,87.69,26.89,2.449,1,1,1.48,0.777,15.1,-2.76,12.92,0.176,1,41.97,96.5,0,,,,,,,652398270,60.25840534746148,61.38251580781901,6.433000704867212,0,,,,
200,0,mild,5385.1,4.452,0.9019898648510196,0.9335879910310492,28.73,29.34,7.59,2.021,1,2,1.575,0.725,16.0,0.59,112.56,0.133,1,45.66,68.6,0,,,,,,,1078444703,63.064881044804046,46.15964082092876,5.913119570374001,0,,,,
911,2,mild,5709.5,4.23,1.194843717075173,1.4026408647528752,30.61,55.57,5.26,1.327,1,2,1.18,0.728,10.7,0.63,201.42,0.175,1,48.36,27.3,1,5.773,0.18722,2.05942,0.06683,264.78,179.76758696192067,1688818325,67.03929244450424,52.784527548544446,5.582982621655849,46,72.62441466957553,92.43427162573518,1.0,1.0
981,2,mild,5671.8,4.318,1.1151874692701615,1.2160567951185932,31.49,49.47,18.7,1.379,1,3,1.343,0.691,14.6,5.09,84.82,0.19,1,64.02,82.3,1,8.3657,0.1454,1.5994,0.08364,169.1,144.25171246505573,1403132042,65.84546171842152,79.09769713764474,4.217323329948092,32,40.37619165154128,63.10880223604415,1.0,1.0
826,2,mild,5910.2,4.513,1.016788574922794,0.926724595210338,26.87,71.41,34.59,1.287,1,1,0.94,0.624,19.1,-6.63,90.16,0.13,1,56.13,72.4,1,10.814,0.12535,1.37885,0.09624,332.63,184.60658145851409,1785131604,63.30777097254881,60.49028614216255,4.810137886749988,24,48.66611105062768,67.31020226861523,1.0,1.0
4,0,mild,6363.0,4.473,1.096444822727806,1.0382020108844665,30.75,64.5,12.73,1.044,1,1,1.85,0.702,9.9,3.17,63.64,0.16,1,65.58,42.2,0,,,,,,,982296572,63.89749237431155,62.83177151813052,4.1170027383848256,0,,,,
699,1,strong,5854.8,4.34,1.0097600824694108,1.123964088968599,9.88,50.29,42.26,3.534,1,2,2.455,0.615,8.7,1.67,139.56,0.106,1,3.785,201.9,0,,,,,,,324840145,64.90969648294579,124.66132936932054,71.33237505502692,0,,,,
815,2,mild,5824.6,4.532,0.974617620202494,0.8844645189641449,27.43,8.83,31.98,0.572,1,2,1.89,0.724,10.1,4.3,124.34,0.201,1,31.21,90.0,1,7.8872,0.15799,1.73789,0.07688,76.23,321.95727975022567,2066626502,62.529042871575946,71.2966247346411,8.650850355119413,34,87.06735845603748,132.04685289482228,1.0,1.0
369,0,mild,6204.5,4.26,1.0472453755541222,1.255007351803233,26.16,82.7,28.69,1.416,1,3,1.133,0.76,18.7,0.19,181.74,0.212,1,57.04,74.4,0,,,,,,,2074314138,66.68965028145277,58.19433776423017,4.733398309664742,0,,,,
118,0,mild,5306.5,4.342,1.0566166988253,1.1491245532030696,34.14,21.83,36.1,1.322,1,3,1.2,0.716,14.5,5.73,228.91,0.199,1,67.5,81.4,0,,,,,,,1574240250,64.87157145530719,55.69986845520132,3.999896882715213,0,,,,
484,1,strong,6354.8,4.495,1.096444822727806,1.0335883869941966,19.78,72.04,35.71,2.075,1,4,2.385,0.5,21.9,-7.75,118.11,0.094,1,1.877,468.4,0,,,,,,,30982293,63.76015164222958,388.3273592931423,143.84285539865576,0,,,,
188,0,mild,6238.2,4.311,1.108158976816778,1.217638926048088,27.25,61.8,36.13,2.096,1,3,1.157,0.754,14.3,3.8,203.79,0.192,1,41.64,15.4,0,,,,,,,1863726808,65.73287231318345,65.90926378742527,6.483982698925957,0,,,,
644,1,strong,5789.5,4.361,0.9207325113932217,1.0478015206525149,15.64,85.7,30.48,1.614,1,4,2.322,0.54,16.8,2.84,214.75,0.116,1,3.182,580.5,0,,,,,,,814027699,64.8044386062999,291.6212369861918,84.85010672007444,0,,,,
1411,3,strong,5727.9,4.358,0.9769604510202644,1.0842535539684477,8.26,60.15,51.7,1.908,1,2,2.05,0.509,7.8,-1.99,196.99,0.101,1,2.139,116.7,1,13.2298,0.18759,2.0634900000000003,0.10863,353.53,302.0351864376404,1624409446,64.93856943439927,150.3924826158166,126.22395492439313,20,43.750636667232726,110.36510616872944,1.0,1.0
761,2,mild,5861.9,4.361,0.9781318664291856,1.0805354662325115,29.29,24.2,22.89,0.77,1,3,1.02,0.784,13.0,0.98,255.52,0.172,1,21.05,18.8,1,15.4963,0.23756,2.61316,0.12075,243.37,487.7176391935414,604310793,64.95381512961741,78.97968773092366,12.826272664288688,17,106.92243729185,168.33071224856883,1.0,1.0
781,2,mild,5956.0,4.517,1.016788574922794,0.9373595099134224,26.61,74.89,15.84,1.426,1,1,1.69,0.779,18.3,-1.28,234.84,0.243,1,25.26,88.4,1,28.9179,0.20067,2.20737,0.18541,341.88,462.4368176220076,506504139,62.14392992081771,69.70144992150388,10.688560553573906,9,82.94133600191367,124.63342874840244,1.0,1.0
618,1,strong,6179.2,4.276,1.1878152246217897,1.31297655452024,10.14,40.41,125.14,1.007,1,4,1.945,0.49,11.2,-2.33,180.23,0.116,1,1.021,135.7,0,,,,,,,505771792,66.97106984658184,168.53508259297698,264.43980370546217,0,,,,
1279,3,strong,6119.9,4.345,1.0613023604607903,1.1457990620612364,20.03,68.73,136.94,1.302,1,4,2.275,0.489,18.2,20.11,265.85,0.077,1,3.876,644.5,1,27.8791,0.12751,1.40261,0.18354,182.17,124.960124391523,263346242,66.07557137299862,396.32977603014666,69.65764695130983,9,5.683214526576454,34.55915369595248,0.0,1.0
1391,3,strong,5892.4,4.474,0.9722747893846996,0.9457275190507648,8.97,47.42,88.1,4.642,1,3,2.023,0.534,9.6,5.49,219.61,0.088,1,5.428,110.7,1,9.4517,0.14453,1.58983,0.08667,250.35,235.65889374257443,859572570,63.23303146032226,115.90516791988944,49.74079579647695,28,44.28645752605819,92.47105926813984,1.0,1.0
142,0,mild,5428.5,4.268,1.1761010705328172,1.3122458075907324,28.13,53.4,6.54,1.878,1,3,1.63,0.681,15.2,3.46,197.49,0.166,1,65.74,17.8,0,,,,,,,1698332778,65.64159774934912,98.96643770397402,4.106982652620579,0,,,,
1189,3,strong,5571.9,4.332,1.0894163302746342,1.1762375119939943,11.19,33.76,26.38,2.665,1,3,2.223,0.501,9.6,9.79,133.81,0.119,1,1.757,1012.2,1,16.7604,0.11436,1.25796,0.13188,344.68,95.3801770698034,542145123,66.49681867144658,372.7354412018475,153.6670686302088,16,5.688446280847817,32.38895959620522,0.0,1.0
381,1,strong,6190.4,4.266,1.129244454176928,1.2934605875932546,17.98,20.94,121.01,3.724,1,4,2.595,0.483,13.3,9.62,299.35,0.101,1,4.075,164.6,0,,,,,,,906094981,66.75830446310393,192.92662630907031,66.25596063393297,0,,,,
194,0,mild,6225.4,4.207,1.0941019919100112,1.3636551874549696,22.94,27.83,26.4,1.181,1,1,0.78,0.716,16.2,-18.78,167.46,0.129,1,75.29,19.7,0,,,,,,,904123807,67.76830749472154,44.24177184578647,3.586041168591803,0,,,,
328,0,mild,5854.4,4.457,1.0027315900160276,0.9783304288636924,29.74,74.95,10.53,0.511,1,1,1.96,0.786,11.7,-2.54,248.38,0.154,1,32.8,15.9,0,,,,,,,382475299,62.9153750463679,36.03893767118972,8.231495109246246,0,,,,
1267,3,strong,5436.6,4.231,1.1831295629862006,1.383097841275059,9.91,60.85,102.9,3.08,1,4,1.83,0.563,12.6,-0.84,144.39,0.074,1,1.046,971.3,1,32.1659,0.09886,1.08746,0.20935,266.29,51.55078553170477,506581373,70.21950346655582,361.4746081740899,258.1195407105897,8,2.665200032920675,13.976337089193445,0.0,1.0
117,0,mild,5319.9,4.429,0.9207325113932217,0.9665112946254344,34.93,72.89,5.17,1.615,1,3,1.6,0.674,18.3,-0.59,107.26,0.173,1,68.98,33.7,0,,,,,,,1132893991,63.53417440185527,101.681854859737,3.914077117762784,0,,,,
892,2,mild,6236.4,4.395,1.1761010705328172,1.1384314779506433,20.92,81.63,8.69,2.106,1,2,0.95,0.71,11.6,0.28,135.69,0.147,1,21.75,16.0,1,18.1793,0.11686,1.28546,0.14283,136.0,106.3207067635897,1987979391,63.90700340073391,39.4428586564922,12.413473084288592,14,29.44247676265353,34.598672808282025,1.0,1.0
1271,3,strong,5565.7,4.516,0.9886746051092608,0.9066871768092664,14.13,66.53,69.56,3.237,1,5,2.348,0.475,14.1,7.61,217.21,0.116,1,5.99,226.7,1,3.0724,0.23593,2.59523,0.0412,336.25,683.2053686552081,1714279944,66.291935085815,292.22219349655285,45.0739632025504,87,80.73911653800909,364.9501007820768,1.0,1.0
187,0,mild,5554.0,4.431,0.9886746051092608,1.001025360670931,28.4,74.52,9.44,2.315,1,1,1.57,0.751,21.3,-7.14,297.99,0.187,1,58.22,26.1,0,,,,,,,664972671,63.43022206598884,48.72405976274391,4.637462033378167,0,,,,
749,1,strong,5397.0,4.342,1.065988022096431,1.148544328173681,12.7,46.95,96.72,3.99,1,3,1.967,0.461,13.6,-6.22,205.01,0.112,1,1.933,149.2,0,,,,,,,1799250713,64.96984846514053,190.7071312221362,139.6756542075928,0,,,,
995,2,mild,5561.6,4.45,0.9371323271177828,0.9532228643753032,32.34,45.45,10.57,1.456,1,1,1.13,0.725,13.3,-0.15,8.82,0.18,1,25.09,27.8,1,38.3233,0.25333,2.78663,0.2177,113.09,712.6630242812324,963125694,63.257761207979726,75.60533310650096,10.760982047958423,7,114.4043766716572,178.28335807254544,1.0,1.0
879,2,mild,5357.1,4.231,1.1936723016662756,1.3901488364083945,25.31,45.92,14.76,1.651,1,1,0.91,0.797,9.2,-5.62,109.39,0.138,1,35.89,31.9,1,4.6619,0.09485,1.04335,0.05794,284.69,46.97339517792442,365466147,66.61243995237912,39.812165652657065,7.522792966934435,57,22.31712830035401,25.999289628631374,1.0,1.0
674,1,strong,5787.7,4.397,1.0074172516516164,1.0519489096679189,11.13,47.12,47.85,3.808,1,2,2.77,0.495,9.3,-0.23,202.39,0.088,1,5.322,1325.4,0,,,,,,,795360754,65.17670115153454,494.6289595827936,50.73149935800016,0,,,,
723,1,strong,5715.2,4.29,0.9675891277491108,1.1661054634227617,15.94,85.62,50.33,1.806,1,2,2.225,0.506,16.2,16.28,180.85,0.107,1,2.83,102.8,0,,,,,,,2060782353,66.28144760120634,169.1312988224033,95.40390091281868,0,,,,
250,0,mild,5451.5,4.358,1.0343598060562529,1.116700830249287,28.6,48.65,39.91,0.552,1,1,1.03,0.686,20.9,15.22,51.54,0.239,1,35.41,41.0,0,,,,,,,122289058,64.37281171917546,53.85254104377911,7.624768132823409,0,,,,
447,1,strong,6303.0,4.26,1.1198731309057504,1.2959069545707975,8.86,88.21,80.62,3.378,1,5,2.392,0.596,7.6,6.98,185.78,0.094,1,5.243,125.0,0,,,,,,,1793050865,66.31169622579522,212.0128129810212,51.49590684403525,0,,,,
535,1,strong,6113.8,4.205,1.140958608265676,1.3937524983890577,13.69,51.65,38.94,3.816,1,2,2.02,0.529,8.6,-0.21,107.77,0.121,1,2.149,369.8,0,,,,,,,402863233,67.38327546591245,151.32139849054707,125.63659357062674,0,,,,
565,1,strong,5216.3,4.35,1.101130484363395,1.1627501447345647,12.45,54.43,115.04,4.815,1,3,2.39,0.521,8.4,-14.63,322.27,0.084,1,1.529,144.3,0,,,,,,,989967143,64.38135707700474,217.46481420927532,176.5814516568194,0,,,,
1012,2,mild,6318.5,4.242,1.136272946630538,1.3370575595634997,30.04,37.39,18.56,1.839,1,1,0.54,0.673,7.5,14.9,127.6,0.168,1,34.48,19.4,1,31.0703,0.15955,1.75505,0.20184,142.87,143.67899833877027,1855496803,67.44063294346353,41.390931714,7.83042458188158,8,34.02020233518204,39.91651807812674,1.0,1.0
1387,3,strong,5705.7,4.537,0.9511893120245496,0.8724969053674971,9.58,27.04,97.69,3.906,1,3,1.953,0.587,8.5,11.76,215.81,0.078,1,2.446,140.7,1,11.8272,0.11603,1.27633,0.09991,359.28,178.44840731899995,1283959540,62.32742853268965,138.96510249064332,110.38145526707966,22,25.788078874715342,63.01535771481176,1.0,1.0
929,2,mild,6254.8,4.48,1.096444822727806,1.0290457566398423,24.69,42.94,7.5,1.145,1,3,1.12,0.641,12.6,-3.08,282.19,0.19,1,45.84,47.4,1,10.4519,0.18783,2.06613,0.09647,278.49,336.1711399880455,810769932,63.43549278227623,65.2341431245501,5.889900514469391,25,90.05949431622862,129.1816086757797,1.0,1.0
262,0,mild,5387.1,4.533,0.9277610038466048,0.8659412690762539,29.19,52.61,20.06,2.328,1,2,1.175,0.764,21.2,-5.67,81.02,0.241,1,57.33,41.7,0,,,,,,,1645701967,60.529483087490334,55.62463893754112,4.7094547284716,0,,,,
819,2,mild,5451.6,4.442,0.903161280259804,0.9440396504888,22.06,42.52,28.67,2.01,1,1,1.25,0.764,16.8,11.6,70.01,0.166,1,69.99,36.0,1,23.0044,0.24906,2.73966,0.15302,124.16,702.3076172876824,2016422332,64.05463200994998,86.93176794831521,3.857594507547891,11,118.6566087196288,200.02904117549576,1.0,1.0
627,1,strong,5530.6,4.219,1.1831295629862006,1.3944048741062534,21.85,34.87,101.3,2.923,1,4,2.328,0.503,22.7,0.81,130.75,0.094,1,1.534,193.9,0,,,,,,,1728033151,67.22499213339282,203.14660333684984,176.00589281830304,0,,,,
1097,2,mild,6065.2,4.485,1.030845559829561,0.9613595875318564,25.13,68.88,6.68,2.283,1,3,1.41,0.747,14.3,8.07,193.92,0.195,1,22.52,23.8,1,8.763,0.1461,1.6071,0.08403,130.59,233.03899053608612,560192951,62.73422856581765,80.69885898212877,11.989033729275173,30,57.7313292433334,94.06353065525538,1.0,1.0
940,2,mild,5663.8,4.436,0.9675891277491108,0.9837228552842272,27.64,53.24,22.29,1.954,1,1,1.85,0.768,10.0,-7.67,326.39,0.183,1,34.0,22.6,1,4.4216,0.21198,2.33178,0.05215,286.0,468.53726107452695,1683427511,65.57353160052838,100.65909887484712,7.94097175244932,61,128.4533000008458,235.33259940630688,1.0,1.0
1492,3,strong,5364.7,4.363,0.974617620202494,1.0710387079289494,21.55,66.57,59.76,4.09,1,3,2.09,0.533,24.6,7.08,190.86,0.124,1,1.39,587.3,1,5.98,0.25512,2.8063200000000004,0.06393,155.01,572.5040471276467,1999007459,66.43858184204817,286.876154239098,194.23959682250137,45,60.27576661004596,267.1542104292012,1.0,1.0
300,0,mild,5406.0,4.243,1.194843717075173,1.3646098630747467,28.81,83.24,14.31,1.986,1,3,0.943,0.728,12.5,-3.59,210.1,0.206,1,27.5,24.4,0,,,,,,,1076574584,66.45596927152025,46.74620790267725,9.81792871211916,0,,,,
84,0,mild,5444.6,4.385,1.0355312214651498,1.0778250393169724,32.49,71.63,9.39,1.38,1,3,1.44,0.712,17.1,0.22,133.04,0.186,1,57.31,28.3,0,,,,,,,863244617,63.953339308812,57.78708366307392,4.711098230383473,0,,,,
1479,3,strong,5234.4,4.326,1.0706736837320667,1.1781916811083166,10.23,86.59,45.66,4.834,1,5,2.356,0.515,10.0,11.4,204.09,0.131,1,2.466,111.0,1,3.2937,0.31282,3.44102,0.04432,330.14,711.3068672838041,1777419622,69.34213690437679,258.4791517152469,109.4862285414748,81,103.3504955543449,398.870489177978,1.0,1.0
207,0,mild,5369.7,4.328,1.030845559829561,1.149908625052538,20.73,45.49,5.32,2.479,1,2,0.82,0.706,10.2,-0.48,185.38,0.18,1,58.14,39.0,0,,,,,,,644931578,65.09011466595376,37.04966232283588,4.643843130087322,0,,,,
318,0,mild,5972.7,4.447,1.0706736837320667,1.0218597799319002,33.58,27.51,16.14,0.636,1,1,1.56,0.709,17.8,-4.69,278.6,0.198,1,54.53,38.2,0,,,,,,,581775753,62.86671937574777,42.01444655231204,4.951275253681953,0,,,,
737,1,strong,6010.6,4.447,1.0706736837320667,1.0228466566531145,10.13,55.44,46.52,1.453,1,3,2.203,0.562,7.3,-6.8,295.2,0.082,1,1.67,117.8,0,,,,,,,1517826966,63.07069663554897,149.83416525595317,161.67247879238136,0,,,,
422,1,strong,6215.4,4.203,1.103473315181189,1.3747358082442007,18.22,37.84,146.86,2.928,1,3,1.967,0.513,20.4,-7.13,229.61,0.086,1,2.808,250.3,0,,,,,,,1369998577,67.94798659059403,201.56648985221656,96.15136737296186,0,,,,
727,1,strong,5924.8,4.533,1.016788574922794,0.9255340134827756,18.58,84.91,85.04,2.743,1,3,2.057,0.566,15.3,-7.91,211.61,0.11,1,2.092,290.9,0,,,,,,,116186927,63.18957637363359,219.03591750007317,129.05977035529486,0,,,,
1356,3,strong,5924.7,4.205,1.194843717075173,1.4387216514981906,16.28,62.59,59.31,4.186,1,3,2.593,0.514,19.7,-17.04,100.39,0.084,1,4.7,438.0,1,44.5667,0.20672,2.27392,0.26105,2.16,208.3105741775894,703020118,67.49008704398184,250.27820432853227,57.44532757090997,6,14.244378486276748,54.71029536570816,1.0,1.0
226,0,mild,5473.3,4.283,1.1878152246217897,1.3052696310630585,32.88,77.11,8.29,1.222,1,3,0.927,0.701,13.8,-2.3,34.6,0.176,1,61.64,67.2,0,,,,,,,1885185965,65.7529355617738,45.96908315774764,4.380159629839015,0,,,,
762,2,mild,5216.8,4.237,1.1936723016662756,1.38630390635029,26.88,40.61,35.4,0.998,1,3,1.613,0.691,12.9,7.12,270.5,0.226,1,34.08,26.3,1,8.677,0.09184,1.01024,0.08766,316.92,44.28398941334381,635076338,66.0477611964772,73.73677982243125,7.922330973687702,31,13.47166277385874,20.191253239618288,1.0,1.0
74,0,mild,5775.3,4.502,1.0343598060562529,0.9455317029660296,29.63,74.15,21.01,2.466,1,2,1.155,0.721,9.8,0.88,160.89,0.198,1,70.38,47.2,0,,,,,,,1211982278,62.42175115660831,47.7996076095015,3.836218237898222,0,,,,
645,1,strong,5899.1,4.236,1.101130484363395,1.3231581534714647,21.29,82.73,79.64,3.223,1,2,2.28,0.5,26.9,9.05,103.03,0.124,1,1.071,733.4,0,,,,,,,352705772,68.59347400490807,379.0863349369096,252.09434134759744,0,,,,
764,2,mild,5882.3,4.45,1.0074172516516164,0.9895879059495724,26.24,55.3,5.79,1.911,1,3,1.407,0.752,11.2,6.67,192.87,0.197,1,74.17,87.7,1,15.1565,0.1136,1.2496,0.12016,209.39,132.96819913578693,145138480,63.314611574649525,72.12941934119944,3.640191985752688,17,29.46810363015112,44.66948047807964,1.0,1.0
1272,3,strong,6254.3,4.341,1.0941019919100112,1.1687989770788831,17.99,37.56,78.48,3.164,1,2,2.28,0.508,21.9,8.87,201.54,0.104,1,1.051,311.6,1,41.2751,0.26341,2.89751,0.24085,186.49,512.4892418855227,1127862770,65.07816519146395,153.43555432470143,256.89156953689525,6,49.21961173751856,126.05222964132722,1.0,1.0
841,2,mild,6125.7,4.444,1.1479871007192837,1.0633256661527315,24.08,46.86,13.27,1.366,1,3,1.317,0.73,12.5,2.26,183.83,0.209,1,35.66,54.5,1,10.0878,0.13151,1.44661,0.09567,117.06,154.34225601352117,854465229,63.73826495238527,62.3943092166447,7.571313504859139,26,43.13814680183148,60.36680068088089,1.0,1.0
457,1,strong,5902.3,4.306,0.9863317742915458,1.155631066746505,17.84,77.67,29.98,1.287,1,4,2.128,0.503,16.8,0.7,170.95,0.102,1,3.121,129.5,0,,,,,,,71674898,66.65557674606784,197.5351922536568,86.50850355119412,0,,,,
955,2,mild,6042.8,4.461,1.112844638452367,1.0295569768985,34.45,46.71,35.62,1.789,1,1,0.52,0.734,15.8,-11.39,337.15,0.139,1,21.92,45.4,1,3.5651,0.2875,3.1625,0.04733,235.18,786.8189448947293,1587790084,67.97506307477659,163.30479919858303,12.317200710915914,75,156.63579409320627,407.60330618762,1.0,1.0
292,0,mild,6044.6,4.3,1.0730165145498611,1.213170284272327,23.07,13.46,9.25,2.251,1,1,1.19,0.747,16.7,10.12,62.4,0.206,1,67.5,19.6,0,,,,,,,670133824,65.8810565864503,34.28750291024633,3.999896882715213,0,,,,
305,0,mild,5230.8,4.521,0.903161280259804,0.8900660772710814,24.67,47.12,19.75,2.478,1,3,1.333,0.72,13.5,15.37,169.28,0.16,1,31.2,26.5,0,,,,,,,1454393272,60.40801384703321,53.13896817836413,8.653623063566567,0,,,,
772,2,mild,6135.6,4.224,1.1690725780794338,1.384172619456668,25.03,49.17,36.79,1.147,1,2,1.295,0.74,9.3,10.67,287.16,0.201,1,76.97,28.0,1,31.8023,0.22192,2.44112,0.20695,41.27,259.36553241152893,434246571,67.18435852533085,66.31261053685387,3.5077697750198373,8,52.33272855064944,73.53106751046928,1.0,1.0
1137,3,strong,5350.4,4.361,1.0800450070032448,1.1392437783981126,14.49,19.17,111.66,2.875,1,3,2.253,0.564,11.7,8.54,221.87,0.125,1,1.413,116.7,1,45.358,0.30639,3.37029,0.25538,356.0,729.8199391778453,1569405961,64.72813999785322,166.13815227210466,191.07787656282864,5,60.11348511019104,165.5903765221768,1.0,1.0
773,2,mild,6330.9,4.431,1.096444822727806,1.0588244688271038,33.05,49.2,12.09,1.449,1,3,1.227,0.675,17.3,11.06,113.78,0.175,1,63.22,50.0,1,20.4381,0.16439,1.80829,0.15086,278.56,243.2219326136817,1107224699,64.1199306281101,58.8571073130223,4.270690281291947,13,55.7193640183001,75.6344168697402,1.0,1.0
798,2,mild,6291.4,4.508,1.096444822727806,1.032693969222968,32.96,60.26,5.43,2.2,1,3,1.243,0.683,18.5,11.53,259.21,0.199,1,67.77,60.4,1,30.1396,0.1318,1.4498,0.19545,305.97,164.3567031281072,760572342,63.138039881624046,41.92712212142369,3.9839610385609694,8,35.738976803709306,42.90119718693863,1.0,1.0
1326,3,strong,5941.4,4.27,1.021474236558383,1.2252791256096065,13.08,62.9,52.8,3.959,1,4,2.41,0.491,13.7,1.26,251.27,0.128,1,1.976,197.0,1,39.6668,0.23313,2.56443,0.22925,340.46,365.2802068184885,1918769484,66.12810590238091,246.0346697110879,136.63615363526156,6,23.61170539683146,90.9669524373427,1.0,1.0
634,1,strong,6384.0,4.452,1.1690725780794338,1.1061602172317762,16.52,25.82,59.23,3.846,1,2,2.37,0.528,10.7,7.57,206.33,0.086,1,2.382,154.7,0,,,,,,,1529191946,64.0234554803443,97.54660277435212,113.34720385527996,0,,,,
93,0,mild,5219.5,4.358,1.0343598060562529,1.1137438636982415,32.64,72.53,9.81,1.46,1,3,1.037,0.705,15.8,7.9,138.33,0.195,1,41.74,88.3,0,,,,,,,215365548,64.44155761236897,53.31838527703088,6.46844848067266,0,,,,
812,2,mild,5791.5,4.297,0.9582178044779328,1.1508414628111137,32.35,60.88,13.74,2.205,1,1,1.96,0.758,20.7,-1.19,53.6,0.242,1,39.83,48.9,1,23.5442,0.12533,1.37863,0.1585,83.0,119.6682557049455,1190918016,65.49338650209921,50.05268830619817,6.778635189135749,11,29.06830963840019,36.58525147008414,1.0,1.0
96,0,mild,5935.7,4.205,1.194843717075173,1.4423924009232425,33.92,84.87,8.67,0.579,1,1,0.86,0.669,7.5,-12.28,136.3,0.156,1,34.11,21.1,0,,,,,,,1679168386,67.30470564809323,37.56137977537155,7.915363224370474,0,,,,
1022,2,mild,5777.5,4.521,0.995703097562644,0.9078375705602062,29.26,71.94,16.6,2.366,1,2,1.06,0.644,20.6,1.95,219.09,0.203,1,30.1,38.4,1,6.1256,0.2787,3.0657,0.06543,244.06,950.9496343296408,1400900803,66.05205005978166,165.99223979426614,8.969868424693583,44,150.30334009534107,406.5262362570011,1.0,1.0
1035,2,mild,5709.4,4.243,1.173758239715023,1.3518484673392248,24.07,60.68,25.47,1.914,1,2,1.26,0.709,12.0,5.94,67.91,0.183,1,79.85,16.3,1,5.6135,0.10406,1.14466,0.06521,251.79,59.78765217957186,2114935726,66.42670249991428,49.91393048732824,3.3812528438732232,48,24.83180657924041,31.06083289791704,1.0,1.0
525,1,strong,5735.1,4.413,1.0425597139185332,1.0528365472683987,19.61,86.8,62.8,2.901,1,3,2.447,0.511,21.3,-4.58,203.59,0.098,1,3.711,219.6,0,,,,,,,520373339,63.38509998714788,331.51106013623314,72.75479374380946,0,,,,
1310,3,strong,5542.0,4.38,0.9043326956686604,1.0143098578724088,15.65,63.65,113.99,2.005,1,5,2.252,0.543,16.2,9.73,145.66,0.112,1,2.582,345.1,1,22.3035,0.30494,3.35434,0.14996,231.5,911.9843409860288,347289236,65.57138986627444,357.62623023447185,104.56740495092056,12,49.277111937986206,273.2374504669423,1.0,1.0
802,2,mild,5586.6,4.402,0.9781318664291856,1.0338445361660376,21.3,62.25,26.8,2.418,1,1,1.6,0.775,5.7,-4.33,301.23,0.152,1,39.64,17.0,1,3.3504,0.21345,2.34795,0.0435,9.12,430.1121657019845,36903483,65.31555242666714,100.4308624899068,6.81112612470426,80,132.3095626511183,242.682297360718,1.0,1.0
867,2,mild,5629.2,4.444,0.9019898648510196,0.940822426994497,24.95,81.92,6.7,2.394,1,3,1.07,0.732,10.8,-0.56,106.52,0.206,1,32.53,38.7,1,4.2796,0.24577,2.70347,0.04984,212.95,688.560805958315,813463698,66.59345566311066,136.00484250175856,8.299816771696184,63,149.77159667494644,340.57983181732203,1.0,1.0
481,1,strong,5484.0,4.515,0.9254181730288104,0.882257141322936,17.39,73.41,52.75,2.095,1,3,2.237,0.482,12.8,-4.71,145.41,0.107,1,1.296,145.9,0,,,,,,,948050921,61.10822607815295,225.879469412196,208.32796264141732,0,,,,
1398,3,strong,6275.7,4.533,1.096444822727806,1.0290457566398423,16.14,31.69,104.92,4.621,1,2,2.19,0.496,18.6,-11.16,221.34,0.131,1,3.454,167.0,1,5.2891,0.12523,1.37753,0.06126,312.41,149.4332600066274,1402881374,63.6484146148558,146.64029971445044,78.16822223024808,51,29.053536984932464,72.97012649269712,1.0,1.0
379,1,strong,6193.7,4.238,1.0531024525987964,1.2910685310951306,13.6,83.3,93.05,1.655,1,4,2.022,0.531,16.7,15.47,133.43,0.097,1,1.239,340.7,0,,,,,,,1433110378,67.72582347142256,231.15758046206855,217.91205777504183,0,,,,
1166,3,strong,5685.7,4.338,0.9066755264864548,1.0677756695396516,12.93,83.91,87.32,3.229,1,3,1.993,0.545,15.1,26.28,129.99,0.112,1,1.382,106.3,1,40.2796,0.22336,2.45696,0.22258,327.43,441.5202658478533,1529610670,65.06843837317722,187.3974210880733,195.3639939097517,6,34.99241527405736,106.6805529717444,1.0,1.0
97,0,mild,5230.2,4.271,1.1690725780794338,1.3140661610125075,31.35,49.18,39.24,2.357,1,2,1.225,0.718,21.1,15.47,178.17,0.19,1,79.37,43.4,0,,,,,,,382064159,65.67205677100576,64.41922376105718,3.401701393262906,0,,,,
656,1,strong,6323.7,4.512,1.096444822727806,1.033060147194224,13.25,65.3,59.95,2.146,1,4,2.28,0.506,16.6,5.27,188.03,0.104,1,4.085,135.9,0,,,,,,,1311377044,63.33422166032467,251.69847137751137,66.09376733984746,0,,,,
690,1,strong,5262.0,4.326,1.0706736837320667,1.1785715298911636,8.21,78.2,90.58,1.318,1,3,2.153,0.53,9.0,12.74,167.11,0.093,1,1.599,120.7,0,,,,,,,395862346,65.19334409907452,187.4619557553501,168.85118172812813,0,,,,
255,0,mild,6319.3,4.286,1.1198731309057504,1.258815191879337,29.93,37.99,6.92,0.888,1,3,1.227,0.705,18.4,1.24,96.88,0.231,1,39.42,31.4,0,,,,,,,1335022750,66.18721129403343,48.72437243727487,6.849138497800022,0,,,,
171,0,mild,5740.9,4.463,0.9781318664291856,0.9640395912069462,26.97,70.38,10.22,1.023,1,1,1.89,0.65,21.4,-16.46,89.53,0.162,1,21.69,45.7,0,,,,,,,2093716460,62.99810425237296,42.16048831354815,12.447811875669748,0,,,,
1033,2,mild,5477.5,4.501,0.9371323271177828,0.8954177455578514,29.96,85.4,32.16,2.169,1,1,1.94,0.702,23.7,11.73,109.76,0.144,1,21.28,96.7,1,33.769,0.16199,1.78189,0.20009,207.52,330.236367759398,1963318215,61.15541975889193,75.96604273207974,12.687642837560002,7,50.85274175380899,81.09396165230773,1.0,1.0
95,0,mild,5246.8,4.373,0.9968745129715414,1.0777068448906804,21.86,57.91,8.21,1.994,1,1,1.71,0.789,12.3,8.54,357.41,0.212,1,32.11,17.4,0,,,,,,,66721458,64.15712775073187,46.36502237681822,8.408378685246866,0,,,,
1227,3,strong,6040.7,4.282,1.1655583318527425,1.2930789996578778,16.37,64.13,77.43,4.219,1,5,2.442,0.523,17.8,10.56,286.23,0.077,1,2.018,107.6,1,41.8866,0.25398,2.79378,0.24841,21.26,389.2680887142084,1337407324,65.88901391144915,340.1774075638381,133.79238829696575,6,18.76181223982613,98.66534069820328,1.0,1.0
69,0,mild,5995.0,4.435,1.0905877456833195,1.048324589705111,34.41,69.13,10.81,1.35,1,3,1.33,0.711,16.6,0.63,134.97,0.181,1,57.4,37.7,0,,,,,,,937736292,63.355045575236936,80.67550986064563,4.703711490997855,0,,,,
956,2,mild,5955.6,4.248,1.096444822727806,1.3024600989334614,30.61,62.74,32.69,1.543,1,3,0.927,0.729,18.0,5.92,192.12,0.146,1,22.61,44.6,1,48.905,0.13803,1.5183300000000002,0.26988,170.33,113.32298436073742,1542576601,67.03286184694583,54.35350263994167,11.941310905938828,5,20.828219161908407,26.81486981365761,1.0,1.0
334,0,mild,5975.4,4.544,1.016788574922794,0.9309455341487014,30.31,80.1,5.9,2.316,1,2,0.895,0.75,15.2,-1.64,131.84,0.176,1,34.94,31.6,0,,,,,,,1710919564,62.91409647957147,33.386246241133804,7.727333703013076,0,,,,
1299,3,strong,6017.8,4.222,1.1714154088972284,1.3873706244595,20.73,84.58,68.95,3.362,1,3,2.047,0.549,24.2,-15.97,309.75,0.066,1,1.068,132.5,1,3.8924,0.31345,3.44795,0.05105,250.31,515.0524307077059,545380494,68.45407785531793,226.33815909638585,252.8024715199221,69,85.92310141440497,296.8072368734876,1.0,1.0
1034,2,mild,5776.9,4.223,1.194843717075173,1.4142918069078991,30.37,62.06,21.91,0.888,1,2,1.48,0.659,17.5,-4.58,109.44,0.236,1,24.21,17.9,1,8.5465,0.26994,2.9693400000000003,0.08681,106.8,367.5837620907559,1600714372,67.48775109704998,91.70288019382676,11.152128855153938,31,97.93402542766636,165.22600735114284,1.0,1.0
67,0,mild,5617.5,4.232,1.194843717075173,1.3886446965566754,23.39,59.59,12.43,2.391,1,2,1.405,0.689,11.0,11.8,154.94,0.152,1,23.21,26.0,0,,,,,,,1314734604,66.71470911170341,51.59668529426615,11.632616957487157,0,,,,
999,2,mild,6128.3,4.384,1.140958608265676,1.1365588168985188,27.54,62.09,7.28,2.49,1,2,1.86,0.711,12.7,3.38,136.06,0.157,1,59.25,42.1,1,13.4834,0.29898,3.28878,0.11585,101.64,698.2329290516775,747801738,65.07595871965071,118.96108497918404,4.556844549928724,20,122.29228870621058,254.817616942014,1.0,1.0
855,2,mild,5763.7,4.284,0.9219039268021187,1.145745490639091,20.55,73.02,38.29,1.968,1,1,1.1,0.661,12.6,16.79,74.72,0.166,1,32.48,72.1,1,11.6777,0.30299,3.33289,0.09804,241.43,705.6350733209304,1943690221,66.5019329386323,121.33986642473212,8.312593583228969,23,131.92072487604958,274.4835463883689,1.0,1.0
1313,3,strong,5681.7,4.299,0.9066755264864548,1.11699052558335,8.74,54.57,96.05,3.111,1,2,2.455,0.593,9.2,-1.87,160.8,0.101,1,1.178,524.1,1,42.2714,0.11234,1.2357399999999998,0.22986,318.41,102.06333201422488,1140119254,67.38018424745526,206.36539007836004,229.1961286785033,6,7.621127887351837,24.553921467997576,1.0,1.0
849,2,mild,6218.8,4.341,1.0531024525987964,1.1474094337128409,26.72,36.36,36.57,1.506,1,3,1.477,0.717,14.8,2.38,129.62,0.183,1,21.6,57.7,1,9.0404,0.20125,2.21375,0.08641,119.19,310.4093738826449,1094288257,65.50521729106362,72.89864579373271,12.49967775848504,29,86.28680203068836,129.09828361368332,1.0,1.0
728,1,strong,5710.1,4.429,0.9781318664291856,1.001734052036268,21.02,53.82,98.88,3.155,1,4,2.335,0.53,19.2,17.34,231.65,0.114,1,5.743,146.2,0,,,,,,,170514488,63.16196580458671,320.76067184492825,47.01254389400607,0,,,,
388,1,strong,5702.7,4.278,1.1643869164438791,1.2969850710332045,18.43,72.47,39.86,1.649,1,2,2.56,0.503,16.6,8.22,138.1,0.103,1,3.379,147.1,0,,,,,,,991968885,65.63394792775699,245.07543299764467,79.90323752094609,0,,,,
40,0,mild,6021.5,4.319,1.0542738680075054,1.1769549065759155,34.32,85.9,8.3,0.698,1,3,1.127,0.654,13.6,7.35,223.87,0.203,1,78.31,90.9,0,,,,,,,713521953,65.96858176664112,56.69721547985079,3.4477466426162287,0,,,,
786,2,mild,6157.4,4.46,1.0847306686388336,1.0111182736619289,34.78,69.11,26.99,0.634,1,3,1.317,0.682,18.3,0.01,172.52,0.168,1,61.17,31.5,1,33.5728,0.13075,1.43825,0.20927,259.1,168.72496959782993,959827833,63.52220874297563,66.09639810149166,4.413814608194816,8,30.613673617208438,44.18021615999904,1.0,1.0
1240,3,strong,5303.7,4.354,1.021474236558383,1.1122439305738263,19.91,56.37,54.23,3.077,1,5,2.326,0.505,19.9,-2.54,167.08,0.095,1,2.895,509.6,1,5.1006,0.09126,1.00386,0.0584,248.02,67.92986038736096,1143238546,64.87753810035719,210.62763574804976,93.26184441563969,52,10.114567564329928,34.35981768873941,1.0,1.0
532,1,strong,5990.1,4.518,1.0613023604607903,0.9692971044349776,19.41,79.49,52.58,2.766,1,5,1.91,0.494,18.3,-13.67,145.32,0.091,1,3.855,135.8,0,,,,,,,952063252,62.65345227618519,240.40306377479527,70.03710495026637,0,,,,
514,1,strong,5391.8,4.262,1.1690725780794338,1.320221302359354,16.45,25.62,96.02,3.546,1,3,2.243,0.502,18.5,23.72,174.08,0.131,1,1.442,338.5,0,,,,,,,148852082,66.15702201220726,254.2965114852485,187.23511760282724,0,,,,
733,1,strong,5237.5,4.22,1.1936723016662756,1.386261620597344,18.96,77.57,25.31,2.876,1,2,2.52,0.632,16.8,-0.81,310.96,0.142,1,3.085,105.9,0,,,,,,,2101697766,66.37103359370194,137.8520490453565,87.51800310641066,0,,,,
688,1,strong,6128.3,4.299,1.0812164224121417,1.219639987821782,8.21,72.06,141.68,3.864,1,5,2.122,0.506,9.5,-6.05,159.02,0.117,1,1.202,433.2,0,,,,,,,1055358739,67.45565205722409,257.4157703590486,224.61983326395747,0,,,,
543,1,strong,5441.2,4.498,0.9277610038466048,0.8962446453798025,12.76,72.79,30.05,2.664,1,4,2.175,0.572,12.2,-0.7,120.98,0.107,1,1.189,400.2,0,,,,,,,271848694,61.88149464495711,280.5149240873728,227.07572715162053,0,,,,
1038,2,mild,5750.1,4.261,1.136272946630538,1.3080560251852755,33.68,17.45,19.69,2.319,1,2,1.225,0.672,11.1,18.24,282.66,0.182,1,41.4,56.2,1,21.4788,0.09066,0.99726,0.1578,253.99,48.47062507651426,1255870063,66.21681254302918,45.66634201656481,6.521571004426978,12,12.860739297611811,15.622571607726492,1.0,1.0
596,1,strong,6162.8,4.477,1.0636451912786833,0.9930627694582254,16.41,51.52,144.17,2.855,1,2,2.34,0.502,15.8,-20.23,85.78,0.1,1,2.877,110.1,0,,,,,,,637488951,63.18628554770186,186.77996269481247,93.84533874983556,0,,,,
770,2,mild,6144.3,4.222,1.112844638452367,1.353359800515599,32.14,47.59,24.2,1.559,1,1,0.8,0.687,24.6,0.4,175.83,0.203,1,58.97,20.7,1,7.5706,0.13977,1.53747,0.07819,163.7,107.62205189375442,673609942,67.6237485247762,47.75509606046992,4.5784812545917735,35,40.649154293900665,49.7632955639422,1.0,1.0
1099,2,mild,5545.6,4.208,1.1936723016662756,1.4102318778856704,34.54,76.07,28.36,1.308,1,3,0.817,0.704,16.9,-6.32,223.44,0.207,1,45.06,15.5,1,28.2506,0.21197,2.33167,0.19257,177.24,227.96471277959444,869212860,67.20889945510699,53.03145571043488,5.991856182496157,9,53.05280612348374,67.57949505998403,1.0,1.0
562,1,strong,6235.6,4.312,1.108158976816778,1.2164268611834634,18.76,13.89,37.23,2.538,1,4,2.672,0.482,22.0,1.03,134.94,0.11,1,3.647,181.5,0,,,,,,,1280127493,65.91376523829305,124.38133511511045,74.03154362031174,0,,,,
697,1,strong,5662.9,4.305,1.0683308529142723,1.1967935480734797,14.53,55.89,101.38,2.939,1,3,1.857,0.577,12.2,11.99,283.88,0.111,1,1.87,540.6,0,,,,,,,1969968790,66.14679887263246,235.52057955317036,144.38130458998762,0,,,,
461,1,strong,5452.4,4.334,1.0894163302746342,1.1718651840958922,21.14,74.99,47.96,4.027,1,5,2.426,0.573,19.9,-1.89,207.88,0.094,1,1.488,112.4,0,,,,,,,2000821544,64.68674032867273,297.6224894401057,181.4469352038151,0,,,,
1091,2,mild,5802.6,4.215,1.194843717075173,1.4193053413035517,23.51,66.21,7.78,2.371,1,2,1.85,0.734,10.1,6.6,125.86,0.148,1,44.24,19.2,1,39.9956,0.30666,3.37326,0.24288,222.24,471.0450783890208,1223375502,67.27802298406316,83.81396684014659,6.102916807940255,6,75.78177330191812,121.06077969845718,1.0,1.0
56,0,mild,5902.9,4.268,1.1643869164438791,1.307593997944798,30.19,52.54,7.8,0.698,1,1,1.13,0.652,8.5,-7.18,129.87,0.232,1,21.59,21.5,0,,,,,,,730257527,65.9323988657819,35.772553525601495,12.505467326691845,0,,,,
1351,3,strong,6274.5,4.513,1.096444822727806,1.0290457566398423,16.06,36.67,77.23,3.131,1,3,2.777,0.458,17.9,-3.75,204.36,0.077,1,1.459,973.9,1,20.9983,0.31218,3.43398,0.1536,187.85,928.6256223938326,922311969,68.78521047120256,410.7626932416534,185.05348840526173,12,42.29953552956701,256.1161344884864,1.0,1.0
1082,2,mild,5821.6,4.453,0.9511893120245496,0.9578127212529158,27.34,23.67,28.96,0.655,1,2,1.43,0.663,20.8,-8.09,18.44,0.194,1,42.14,17.9,1,6.1056,0.21461,2.36071,0.0643,72.72,506.5689771183021,1765238262,64.23958182210986,94.81945322375428,6.407048874781131,44,129.19365823819297,230.33675393740884,1.0,1.0
402,1,strong,5239.9,4.492,0.903161280259804,0.8900660772710814,20.0,67.29,129.2,2.913,1,5,2.062,0.512,17.0,-3.06,135.13,0.095,1,1.49,227.2,0,,,,,,,437644276,60.97252536424024,278.1178708432024,181.2033822706556,0,,,,
227,0,mild,5572.9,4.256,1.1714154088972284,1.3336490247492854,24.61,62.01,9.99,1.766,1,1,1.88,0.639,5.0,8.15,127.93,0.231,1,45.66,18.5,0,,,,,,,2105908955,65.85683934447073,38.601526370066175,5.913119570374001,0,,,,
554,1,strong,5406.3,4.295,1.140958608265676,1.256809607074527,18.93,69.92,44.72,3.778,1,2,2.38,0.463,22.9,30.72,248.2,0.123,1,1.358,338.0,0,,,,,,,228398041,65.13223723787992,203.61820945594303,198.81667126898148,0,,,,
868,2,mild,5771.5,4.49,1.0800450070032448,0.9770140995414476,21.83,72.59,11.09,2.02,1,2,1.47,0.641,13.7,3.04,188.58,0.163,1,34.31,23.0,1,6.4627,0.14672,1.6139199999999998,0.06967,247.15,227.5500087078729,739064103,62.6716057667758,75.1306903833823,7.869222954919174,41,65.46197074875106,102.19450785170436,1.0,1.0
887,2,mild,5681.7,4.289,0.9066755264864548,1.1301920435778336,34.67,13.67,7.19,1.027,1,1,1.37,0.775,19.9,-17.35,257.33,0.205,1,35.26,25.1,1,24.62,0.2297,2.5267,0.16031,155.48,416.790087280976,1816666981,65.98116782713083,59.48849797387641,7.657204752787206,10,90.24966258781242,121.5150360292477,1.0,1.0
1165,3,strong,5225.6,4.368,0.9722747893846996,1.0656292035463046,20.16,69.5,93.61,1.139,1,4,2.345,0.529,21.8,-6.84,153.77,0.1,1,2.538,319.4,1,23.8333,0.18661,2.05271,0.16057,277.02,309.426482429204,1918867252,64.96818147298823,257.9003003260905,106.38023624242588,11,22.40754114207313,91.72882904499122,1.0,1.0
899,2,mild,6009.5,4.34,1.065988022096431,1.1549874058000833,27.29,78.67,21.11,1.116,1,3,0.787,0.691,19.4,-4.5,120.8,0.146,1,44.0,31.7,1,12.0869,0.21759,2.39349,0.10529,293.97,358.11560775256504,1794789434,65.31995458070041,68.62325426398895,6.1362054450744745,22,94.26049950928753,136.7167088717635,1.0,1.0
891,2,mild,5283.1,4.316,1.0531024525987964,1.1843938024353795,23.1,12.93,26.3,1.427,1,2,1.655,0.748,7.8,-4.43,214.11,0.159,1,22.42,20.7,1,5.1213,0.31623,3.47853,0.05916,164.38,719.3061373923456,1507808417,67.73682885650572,145.15892741503973,12.042508455989156,52,151.3941422774058,358.0200865442443,1.0,1.0
545,1,strong,5821.8,4.215,1.194843717075173,1.4230638648009912,17.2,27.19,79.06,1.499,1,5,2.366,0.531,15.6,17.5,93.56,0.097,1,3.007,302.1,0,,,,,,,699246360,67.12681222989845,286.8100523161283,89.7881741214755,0,,,,
155,0,mild,6253.6,4.484,1.096444822727806,1.0290457566398423,27.74,32.11,8.44,1.512,1,1,1.49,0.644,14.1,-8.02,83.55,0.127,1,47.24,45.3,0,,,,,,,2028362012,62.86214998301961,37.36710960790636,5.715348001339477,0,,,,
1467,3,strong,5265.8,4.495,0.903161280259804,0.8816866133227489,11.14,51.34,37.91,1.187,1,4,2.467,0.535,12.9,-8.29,161.75,0.104,1,1.314,198.2,1,13.502,0.28494,3.1343400000000003,0.10727,287.17,1053.8486128889865,833268542,62.35441330532984,229.8348559426906,205.4741549340007,19,93.82749277277308,358.3446363100671,1.0,1.0
996,2,mild,5980.9,4.438,1.0730165145498611,1.0371424238392517,34.66,40.93,13.94,0.999,1,2,1.9,0.756,24.7,9.82,223.93,0.228,1,43.19,44.1,1,10.0143,0.26841,2.95251,0.09309,315.54,675.8035484605801,618880119,64.41477244720333,123.96557391993473,6.25128593617219,26,120.3027922009382,260.91179801592,1.0,1.0
559,1,strong,6144.8,4.534,1.0472453755541222,0.96334272354702,19.15,71.94,52.66,2.511,1,3,2.16,0.557,18.9,12.27,218.29,0.099,1,5.125,139.8,0,,,,,,,475645483,62.76211966428822,223.8089339040315,52.681568699175976,0,,,,
886,2,mild,6234.9,4.459,1.1093303922256754,1.034234105731317,24.02,12.57,31.03,1.699,1,3,1.107,0.646,9.0,-5.39,277.07,0.183,1,44.91,54.9,1,45.2157,0.09181,1.00991,0.25713,179.82,79.51373358369514,1911912597,63.21473770501981,44.04086003710518,6.011869062197214,5,14.369968031703245,17.513520229964815,1.0,1.0
1193,3,strong,6222.0,4.538,1.0636451912786833,0.9974886688805212,19.59,77.65,67.26,1.281,1,2,1.66,0.462,21.8,1.31,255.34,0.071,1,2.846,115.9,1,10.7001,0.09321,1.02531,0.09701,287.23,88.1067042565969,1358673455,63.48183947994753,136.92051331764134,94.86754728857234,25,14.137264590701948,33.60978806781531,1.0,1.0
539,1,strong,5465.8,4.209,1.1936723016662756,1.3991904125402623,17.23,38.08,54.16,1.992,1,5,2.01,0.563,14.3,9.0,103.6,0.099,1,1.548,200.3,0,,,,,,,207263247,66.9517025267541,318.8661302141096,174.4141082579308,0,,,,
874,2,mild,5669.4,4.288,1.1561870085815644,1.2811246874866846,27.06,54.34,37.57,1.245,1,3,1.537,0.685,8.6,-8.37,176.52,0.21,1,40.23,19.1,1,9.2765,0.15295,1.68245,0.09069,358.85,143.8189270508894,725439684,65.81434992637514,61.04799865645173,6.711236380394653,29,45.60332624733834,62.201374177985095,1.0,1.0
143,0,mild,5624.6,4.243,1.1690725780794338,1.344638753635795,22.79,79.17,9.97,0.64,1,1,1.87,0.676,18.0,-14.3,257.37,0.245,1,46.0,36.3,0,,,,,,,975342000,66.37430823524384,73.09686197706823,5.86941390398428,0,,,,
392,1,strong,5246.6,4.212,1.1936723016662756,1.3863982481318544,12.9,46.26,90.63,1.525,1,5,2.264,0.548,11.6,-5.54,141.78,0.087,1,3.662,212.5,0,,,,,,,1250687528,67.0470231880455,151.5556377019834,73.72830136080745,0,,,,
1031,2,mild,6363.3,4.549,1.096444822727806,1.033060147194224,27.57,11.43,6.92,1.739,1,2,1.225,0.71,15.0,0.05,279.03,0.188,1,55.12,25.5,1,29.5378,0.32212,3.54332,0.19284,175.5,981.033973082006,997976280,64.03406165047836,106.57660447943972,4.898277205792397,9,137.4867104269115,266.9558474010782,1.0,1.0
81,0,mild,6026.7,4.518,1.030845559829561,0.9412082390886132,24.43,34.25,16.32,1.08,1,2,1.475,0.681,12.7,-4.4,161.48,0.155,1,36.86,40.7,0,,,,,,,1530618312,62.59173580297372,41.90081570679746,7.324824730962476,0,,,,
307,0,mild,5750.2,4.373,0.9219039268021187,1.0329147255473774,22.5,63.4,15.1,1.712,1,1,0.73,0.774,8.7,5.07,302.1,0.202,1,55.78,52.5,0,,,,,,,294630050,64.66614299521807,36.964712183569866,4.840319820424469,0,,,,
231,0,mild,5743.3,4.377,0.9968745129715414,1.0666602751226764,34.76,65.5,7.96,1.476,1,1,1.02,0.749,10.6,-3.33,18.57,0.196,1,72.91,23.1,0,,,,,,,854592333,64.42408386615115,33.61763143669988,3.703100254879672,0,,,,
1231,3,strong,5491.1,4.533,0.9019898648510196,0.8479154555484992,20.79,71.3,52.99,4.907,1,5,1.988,0.499,23.5,-5.69,142.36,0.098,1,1.899,629.0,1,22.9929,0.17634,1.93974,0.1529,199.84,436.41176704255696,2089199157,61.27330685440042,347.2722225485257,142.17642948039855,11,21.40052671101384,123.16299873270496,1.0,1.0
585,1,strong,5626.6,4.216,1.1854723938039953,1.3995098217609712,16.17,77.95,49.39,4.637,1,3,2.33,0.587,10.1,4.79,162.29,0.097,1,3.014,103.7,0,,,,,,,1640480884,66.63334478924052,156.09516942234762,89.57964153393394,0,,,,
90,0,mild,6343.6,4.428,1.1690725780794338,1.1047541854850325,21.74,88.17,31.5,1.479,1,1,0.73,0.744,5.0,-14.41,158.79,0.157,1,35.52,27.0,0,,,,,,,75765828,63.846284964895176,43.95368751524023,7.601155393673334,0,,,,
376,1,strong,5929.4,4.513,1.016788574922794,0.9309455341487014,9.54,21.48,131.23,3.08,1,4,1.847,0.507,10.6,-22.74,263.96,0.111,1,5.385,264.2,0,,,,,,,1316259969,63.12175299066028,162.49184047995982,50.13798320952217,0,,,,
1424,3,strong,5930.8,4.371,0.995703097562644,1.0766237484350267,10.02,71.32,66.97,2.415,1,2,2.34,0.521,9.2,-13.33,286.65,0.073,1,4.856,256.7,1,8.0521,0.15246,1.6770600000000002,0.07851,338.98,202.34095820874168,1668958930,64.65359469830462,154.48815242399155,55.59988459293181,33,33.6753732860067,87.22890989384028,1.0,1.0
239,0,mild,5509.7,4.481,0.9371323271177828,0.9160421645017864,31.28,31.08,30.9,1.704,1,2,1.095,0.642,15.4,1.43,247.69,0.215,1,75.3,58.6,0,,,,,,,1346304777,62.73375382371602,46.93673174748083,3.5855649347048724,0,,,,
1059,2,mild,5379.7,4.402,0.9418179887533716,1.0102388346977318,33.94,84.2,6.36,0.813,1,2,1.125,0.724,20.6,-1.82,183.14,0.188,1,73.17,22.2,1,20.9472,0.23491,2.58401,0.14577,41.42,545.575392012854,1328937408,63.70881475769458,77.69538515356616,3.689941773722521,12,104.64206069661844,165.03202227689167,1.0,1.0
882,2,mild,6089.0,4.307,1.0706736837320667,1.2022708125296382,27.32,41.02,28.95,2.26,1,3,1.433,0.687,14.1,-3.89,122.93,0.161,1,51.95,63.2,1,35.9295,0.26592,2.92512,0.218,8.84,493.62514986526986,525245224,65.83845927242253,94.93389232710612,5.197171118061152,7,73.47440258740961,128.92900179944976,1.0,1.0
567,1,strong,6296.8,4.48,1.096444822727806,1.032693969222968,20.35,73.91,148.89,2.614,1,4,2.325,0.533,21.3,-5.24,154.44,0.084,1,5.558,258.5,0,,,,,,,881605383,63.83527957981201,315.1319378495574,48.57737308083427,0,,,,
27,0,mild,6078.9,4.354,1.0449025447363278,1.1252234422410738,28.3,83.75,19.48,2.44,1,3,1.43,0.698,18.6,7.02,153.01,0.19,1,21.05,22.0,0,,,,,,,1354701920,65.07657912126079,68.31245966151722,12.826272664288688,0,,,,
1065,2,mild,5392.4,4.503,0.9277610038466048,0.8873255590735313,29.94,65.37,6.89,1.075,1,3,1.23,0.731,19.0,8.93,126.64,0.165,1,49.91,15.4,1,37.1053,0.34077,3.74847,0.21235,350.64,1488.1839210291416,2071083177,61.72943690772472,148.9416941286487,5.409598068188276,7,140.40840086368527,366.7233825065161,1.0,1.0
1495,3,strong,5325.5,4.345,1.0894163302746342,1.167237215106108,18.77,42.18,99.77,3.249,1,2,2.06,0.465,16.1,-13.67,336.34,0.099,1,2.247,808.2,1,39.6815,0.12833,1.41163,0.23428,308.3,121.9657860831242,1393659252,65.23354612340773,339.96707068339026,120.1571159694156,6,5.603006604970876,29.73297786479185,0.0,1.0
512,1,strong,5446.9,4.29,1.103473315181189,1.2451374434052789,17.83,64.55,62.27,3.99,1,4,2.13,0.478,15.4,-5.28,200.36,0.108,1,2.691,108.4,0,,,,,,,2025912688,65.574227529291,324.3949445008896,100.33186160656888,0,,,,
339,0,mild,5844.8,4.289,1.1058161459989837,1.2461734540496194,24.82,33.66,14.6,1.584,1,1,1.94,0.724,13.7,10.6,265.42,0.147,1,22.82,30.3,0,,,,,,,1804619368,65.83888006655806,48.13625885765463,11.831421541773745,0,,,,
878,2,mild,5254.8,4.389,0.948846481206755,1.0317567884723804,23.23,85.89,22.75,0.703,1,1,1.51,0.71,17.9,-15.07,8.32,0.152,1,37.02,16.4,1,40.0078,0.18837,2.07207,0.22496,250.69,336.3323855677,344624734,64.11357555770424,64.46090605015134,7.29316692553422,6,56.676134127481234,80.36955994865413,1.0,1.0
936,2,mild,5283.1,4.522,0.903161280259804,0.8702624395942471,22.78,34.33,28.48,1.489,1,1,1.04,0.785,16.0,-4.81,211.96,0.214,1,27.59,33.4,1,21.7727,0.152,1.672,0.1475,237.41,307.81273120297334,183119600,60.69693217944933,54.89265124871835,9.785902123351825,12,68.1857188313357,91.9342275320847,1.0,1.0
283,0,mild,6173.7,4.431,1.108158976816778,1.0599931067531962,22.98,81.48,22.72,1.939,1,1,1.43,0.73,16.2,-12.21,174.95,0.138,1,21.26,23.2,0,,,,,,,2000378740,63.70361417376313,47.22617099584793,12.699578531668712,0,,,,
1061,2,mild,5974.7,4.231,0.9968745129715414,1.2663958079933637,32.52,70.75,37.36,0.919,1,2,1.465,0.693,23.4,-7.19,160.79,0.194,1,33.48,24.2,1,29.9768,0.32235,3.54585,0.18866,188.21,653.7569257889847,470762798,67.66876810248161,108.38778964589766,8.064308231280672,9,100.5334782158092,189.83457028204305,1.0,1.0
696,1,strong,5235.9,4.441,0.9254181730288104,0.955216678719182,13.38,74.3,82.66,1.391,1,5,2.306,0.575,12.7,11.62,177.98,0.095,1,1.733,441.8,0,,,,,,,357555486,63.59442349038898,360.80531154848654,155.79517575492028,0,,,,
516,1,strong,5537.8,4.345,1.101130484363395,1.1713274365227488,20.53,78.55,31.86,2.299,1,2,2.175,0.442,25.6,-3.96,219.76,0.102,1,1.791,208.6,0,,,,,,,1185456102,65.06339423834743,239.0715236623032,150.74988251439245,0,,,,
777,2,mild,5637.0,4.525,0.9441608195711662,0.8797313159905991,25.55,73.45,6.25,0.833,1,2,0.895,0.693,13.0,5.98,295.07,0.198,1,50.4,30.9,1,8.6858,0.27909,3.06999,0.08113,245.6,1015.5196462266512,1528822691,64.34741301673843,148.9439320398904,5.357004753636446,31,156.1608252742016,393.753331027231,1.0,1.0
1156,3,strong,5284.2,4.445,0.9254181730288104,0.9520589475998028,18.31,39.6,30.42,4.179,1,3,1.89,0.47,19.7,2.53,56.37,0.102,1,1.855,120.2,1,4.3362,0.11342,1.2476200000000002,0.05071,132.04,143.20279356180572,1199875021,63.50288997631739,96.53310489081149,145.54880840068833,62,40.65343108374838,73.97156362664995,1.0,1.0
488,1,strong,6088.1,4.436,1.140958608265676,1.0745688405465594,17.43,46.14,74.69,3.074,1,2,2.675,0.601,14.9,15.79,229.21,0.099,1,1.791,373.3,0,,,,,,,1776345748,64.13087127563395,225.35037616078452,150.74988251439245,0,,,,
1194,3,strong,5450.5,4.411,0.9441608195711662,1.0023089309651634,14.12,82.62,109.88,4.935,1,2,2.16,0.537,13.4,11.76,224.68,0.097,1,1.264,194.4,1,41.4304,0.2562,2.8182,0.22988,342.59,659.2572776916764,2036479617,63.81761162091624,237.13264129571016,213.6020882779089,6,40.808650478916654,157.03151643600165,1.0,1.0
771,2,mild,5491.3,4.523,0.9066755264864548,0.8635798462836529,32.7,53.51,39.27,2.429,1,1,1.07,0.746,6.9,-19.57,191.33,0.249,1,50.54,67.3,1,6.9842,0.20191,2.22101,0.06921,269.89,551.5825811441912,1145904859,62.49974373119032,99.02257473793706,5.342165405288423,38,125.161110654793,234.496647075794,1.0,1.0
150,0,mild,6085.0,4.236,1.1058161459989837,1.327284691652594,21.28,28.39,9.55,0.525,1,2,1.41,0.712,14.2,-11.34,196.46,0.193,1,33.25,21.4,0,,,,,,,1042619217,67.08203002324386,37.35752763829529,8.120091416038402,0,,,,
477,1,strong,5206.4,4.372,0.9968745129715414,1.0783472255221662,13.94,57.9,80.51,2.159,1,5,2.51,0.483,12.1,-0.75,115.48,0.099,1,1.917,101.5,0,,,,,,,283917389,64.30611584869352,297.4257692591382,140.8414395322258,0,,,,
575,1,strong,6347.3,4.539,1.096444822727806,1.033060147194224,17.04,28.76,77.76,3.21,1,4,2.228,0.5,15.4,13.93,202.19,0.108,1,4.131,1137.9,0,,,,,,,1711873893,63.96816420989461,474.3145720793053,65.35779220122896,0,,,,
1397,3,strong,5902.2,4.326,0.9863317742915458,1.1289306927259013,16.24,74.44,91.73,4.373,1,2,2.2,0.504,12.4,-13.89,269.07,0.102,1,1.171,544.7,1,9.0082,0.12539,1.37929,0.08434,357.9,124.47757694065167,1313288977,66.33384726067338,205.61844410015564,230.56621655275563,29,15.730724956078424,51.23596250966304,1.0,1.0
248,0,mild,5975.2,4.533,1.0613023604607903,0.9692971044349776,32.26,34.56,34.43,1.702,1,2,0.985,0.764,12.1,-1.92,296.76,0.176,1,55.69,81.7,0,,,,,,,1980997682,62.020712766259145,52.10146138311036,4.848142208354766,0,,,,
471,1,strong,5582.9,4.312,1.0706736837320667,1.1938096446726605,21.42,29.21,36.02,1.25,1,3,2.033,0.436,25.7,-6.61,250.49,0.082,1,2.403,483.9,0,,,,,,,1053683500,65.58866400501773,271.78502570227414,112.35665400885428,0,,,,
1152,3,strong,5520.3,4.281,1.1093303922256754,1.2631009060289906,14.41,23.2,82.44,3.035,1,3,2.26,0.604,10.5,-2.42,110.99,0.102,1,4.029,444.8,1,17.2103,0.18683,2.05513,0.13505,241.71,220.758287510189,333654954,66.10733593543475,168.51597753014278,67.012419851893,15,27.669183290217862,75.76531321535764,1.0,1.0
323,0,mild,5643.0,4.35,1.0542738680075054,1.1366754495991491,21.88,19.3,11.08,2.213,1,1,1.38,0.693,6.6,-9.07,22.26,0.122,1,33.72,48.2,0,,,,,,,1932075472,64.82542436511044,36.913481087780646,8.006911019670133,0,,,,
973,2,mild,6028.8,4.494,1.030845559829561,0.9438316289297554,20.89,89.57,35.21,0.585,1,3,1.34,0.646,12.3,10.68,155.81,0.172,1,67.02,67.7,1,3.8343,0.35489,3.90379,0.04843,264.22,1426.5872964408206,529533873,76.70989695057251,276.67657780138006,4.02854430891192,70,165.92295104053258,621.0250788476183,1.0,1.0
11,0,mild,5649.0,4.349,0.9254181730288104,1.0653352959179196,29.78,81.76,30.37,1.408,1,1,0.85,0.754,20.5,-17.34,214.0,0.134,1,24.49,50.2,0,,,,,,,853792670,65.56990629720687,50.24163536938679,11.02462391111788,0,,,,
412,1,strong,6179.9,4.468,1.0636451912786833,0.9959571917874522,18.79,48.53,122.84,1.337,1,4,2.438,0.555,17.2,-3.76,180.76,0.112,1,4.697,373.1,0,,,,,,,850182095,63.52088701780633,209.22885285250305,57.48201822083816,0,,,,
409,1,strong,5872.6,4.342,1.000388759198233,1.1166773290320262,9.11,42.48,51.67,4.465,1,4,1.95,0.528,9.7,19.04,160.15,0.071,1,1.829,363.5,0,,,,,,,323826611,65.66045795829555,230.44766957197297,147.6178455895445,0,,,,
480,1,strong,5427.3,4.254,1.1690725780794338,1.3233299947037944,14.05,65.09,56.59,3.933,1,3,2.213,0.525,14.5,21.69,249.27,0.112,1,1.475,111.7,0,,,,,,,246781810,66.31945933811613,229.2628166372727,183.04612853103515,0,,,,
79,0,mild,5771.4,4.357,1.101130484363395,1.1462043986979946,29.61,58.66,7.6,2.276,1,3,1.333,0.669,8.8,1.38,212.11,0.202,1,47.96,60.0,0,,,,,,,109265545,64.67941419487717,72.30483689657243,5.629546279884838,0,,,,
1282,3,strong,5351.7,4.294,1.091759161092217,1.225784225240055,16.76,82.87,71.33,4.174,1,4,2.1,0.498,14.5,-13.34,237.56,0.102,1,2.472,143.8,1,33.3884,0.24943,2.74373,0.20895,103.31,417.8007348159418,770292273,65.59109705828857,149.75694796484262,109.22048526831588,8,46.707763714527104,116.42285914048176,1.0,1.0
1303,3,strong,5420.1,4.536,0.9371323271177828,0.8644257344927772,17.13,80.22,51.06,2.44,1,5,2.094,0.555,19.0,6.32,182.54,0.106,1,2.156,192.1,1,8.4646,0.17833,1.96163,0.07954,357.08,429.4309344924979,1315526570,61.45865048671278,270.77825089546326,125.22868255254028,31,38.13301343016594,172.2819340020513,1.0,1.0
792,2,mild,6223.9,4.362,1.108158976816778,1.1479514506796695,31.37,38.17,33.63,1.878,1,1,1.19,0.661,14.9,12.29,219.57,0.152,1,48.12,16.6,1,13.7955,0.32377,3.56147,0.11649,193.41,802.6497047519349,936396861,65.36107911525382,118.8529904040846,5.610827921514482,19,138.86233405278583,288.17200062948046,1.0,1.0
370,0,mild,5350.7,4.543,0.9277610038466048,0.851964279092523,26.36,84.17,15.17,0.954,1,2,1.4,0.72,6.0,2.09,325.39,0.173,1,73.57,17.6,0,,,,,,,955885270,60.3235960696894,65.14164897742938,3.669879564812789,0,,,,
1111,2,mild,6210.9,4.309,1.091759161092217,1.2113060093753931,22.68,72.5,10.71,1.684,1,2,1.145,0.7,16.1,-5.75,123.63,0.152,1,53.03,25.4,1,5.0563,0.14713,1.61843,0.05937,60.57,148.86568787022114,23262988,66.18166004832237,57.65307122883847,5.091326411149856,53,57.90809755248694,76.7991904609106,1.0,1.0
657,1,strong,5251.5,4.537,0.903161280259804,0.8342812138810903,18.93,29.51,46.62,2.08,1,4,2.265,0.551,15.9,-1.33,211.88,0.114,1,1.947,128.4,0,,,,,,,908622188,60.20253143897799,98.91958454767168,138.67130949320844,0,,,,
1285,3,strong,6066.3,4.433,1.0812164224121417,1.044993033389408,15.33,18.75,27.82,2.221,1,2,2.93,0.474,8.8,-2.94,171.3,0.089,1,5.086,216.0,1,6.328,0.09169,1.00859,0.06872,83.12,77.68139880684652,1704530733,63.890711114973534,103.38754545476462,53.08553668566199,42,18.76158165586768,35.68919774496649,1.0,1.0
60,0,mild,6334.6,4.337,1.1433014390836949,1.2004556741449812,33.86,70.76,16.67,0.509,1,1,1.52,0.721,7.3,14.09,178.71,0.217,1,38.15,15.1,0,,,,,,,2131024767,64.9990019460177,35.972372077446174,7.077143894712369,0,,,,
751,2,mild,5207.9,4.399,0.9418179887533716,1.015455443421427,32.26,65.62,5.77,1.973,1,2,1.495,0.69,23.4,3.21,214.11,0.159,1,66.58,21.9,1,25.2225,0.17823,1.96053,0.16499,274.91,310.8420413310776,807491939,63.82249930664435,69.59376023058705,4.055167311253783,10,59.885887314778174,88.60340131312475,1.0,1.0
1222,3,strong,5673.4,4.397,0.9019898648510196,0.9945321014319172,8.85,76.84,100.99,1.492,1,5,1.852,0.497,8.9,8.89,183.97,0.105,1,4.382,542.6,1,19.2699,0.1083,1.1913,0.13591,299.65,119.65178551471077,1313620878,64.23635573373744,311.33685231734574,61.61411218240002,14,7.721582401705766,38.21276808004447,1.0,1.0
1128,3,strong,6195.2,4.464,1.0847306686388336,1.0125002724630856,15.0,50.16,37.98,4.244,1,2,2.455,0.592,19.6,-1.8,101.19,0.085,1,1.814,464.1,1,14.1914,0.29568,3.25248,0.11787,56.2,860.5051695698947,835101107,64.55735152679301,270.6869999733796,148.83850032154183,19,68.71455553215479,296.19873207901844,1.0,1.0
821,2,mild,5971.0,4.206,1.194843717075173,1.4452883612245784,29.64,36.62,18.91,1.41,1,3,0.87,0.653,16.7,-4.06,182.17,0.213,1,57.35,19.0,1,3.3293,0.10966,1.20626,0.0463,4.45,58.088124496599626,1588708939,67.03601780296233,44.38317601989404,4.707812372855743,81,30.607240899575046,36.70763190623196,1.0,1.0
1284,3,strong,5962.9,4.201,1.194843717075173,1.4452883612245784,9.77,83.87,47.01,2.927,1,5,2.404,0.547,10.1,2.81,189.54,0.092,1,3.963,101.2,1,3.281,0.23965,2.63615,0.04585,96.25,277.42509160291485,1032694630,68.35320594831548,224.2648568624041,68.12844804019099,82,50.312862011556064,172.57214755212888,1.0,1.0
905,2,mild,6103.3,4.52,1.0472453755541222,0.962121661267732,24.7,35.06,9.9,1.592,1,2,1.325,0.67,12.6,-5.03,151.21,0.151,1,22.64,35.9,1,5.0181,0.10005,1.10055,0.05825,82.23,109.11239363200391,458663748,62.53831113215088,45.928057849507184,11.925487614102336,53,43.0340615432352,53.39244759273716,1.0,1.0
168,0,mild,5920.3,4.232,1.0027315900160276,1.2674218002283666,28.14,70.73,23.88,1.347,1,1,0.57,0.624,12.9,-10.24,206.66,0.235,1,51.64,15.8,0,,,,,,,1472681589,67.50089282159047,38.85428034706362,5.228370247546027,0,,,,
1324,3,strong,6076.0,4.246,1.1761010705328172,1.3463087934401374,21.42,80.79,47.24,4.818,1,3,2.09,0.608,23.8,-13.62,136.69,0.114,1,5.651,1283.5,1,45.1928,0.18851,2.07361,0.2621,13.8,197.82414811500084,304464558,66.36776974175326,438.8611731281077,47.77792241785116,5,7.011117680609645,46.88860865880451,0.0,1.0
120,0,mild,6112.0,4.401,1.140958608265676,1.1136949482246872,32.94,55.07,9.16,2.263,1,3,1.387,0.738,20.9,-3.58,169.38,0.197,1,61.12,62.7,0,,,,,,,1531529008,64.30499912579538,57.336267906205066,4.417425385852043,0,,,,
1021,2,mild,6294.3,4.271,1.159701254808256,1.3043291530069523,34.53,53.83,14.69,1.989,1,1,0.99,0.685,14.1,-7.62,233.06,0.128,1,69.83,15.6,1,21.4792,0.20682,2.27502,0.15888,350.3,253.69420511699352,799446415,66.18755116621983,50.357490720057655,3.866433332139151,12,64.79011703198114,81.4105973542453,1.0,1.0
903,2,mild,5282.5,4.311,1.0941019919100112,1.212687091745286,23.76,89.64,8.58,2.489,1,2,1.28,0.71,11.6,-15.14,210.06,0.142,1,56.4,28.6,1,23.8761,0.20436,2.24796,0.16721,152.12,286.54587476768944,527017332,65.05589007626376,89.50458391042712,4.787110630909164,11,52.185480660238895,88.75912428801833,1.0,1.0
44,0,mild,5424.7,4.546,0.9371323271177828,0.8504967708592526,32.27,23.03,23.37,1.438,1,1,1.88,0.681,7.4,11.78,224.18,0.165,1,56.63,46.1,0,,,,,,,1135227061,60.43069357197911,46.49859288104828,4.767668013125143,0,,,,
270,0,mild,5550.7,4.247,1.1690725780794338,1.3363165541120656,34.42,72.47,6.22,1.558,1,1,0.9,0.727,23.4,14.75,105.44,0.221,1,38.15,15.1,0,,,,,,,293173288,66.02786518658175,36.36587467694898,7.077143894712369,0,,,,
362,0,mild,5595.3,4.448,0.9886746051092608,0.9752136504918884,20.9,85.77,10.56,1.096,1,1,1.56,0.739,10.9,-15.87,53.89,0.238,1,34.03,33.9,0,,,,,,,976854238,62.541213532726736,42.14214228812265,7.933971189634936,0,,,,
631,1,strong,6043.6,4.407,1.0706736837320667,1.0692217605143806,13.78,68.35,45.68,4.217,1,4,2.11,0.507,9.8,11.16,139.98,0.1,1,2.172,434.4,0,,,,,,,269676241,63.83570037394754,219.8282681448896,124.30618765344238,0,,,,
1323,3,strong,5464.2,4.202,1.1936723016662756,1.3991904125402623,14.24,37.19,64.37,2.784,1,3,2.213,0.547,10.3,-17.92,97.67,0.102,1,1.548,209.6,1,5.9849,0.19403,2.1343300000000003,0.06843,171.4,194.0367573376137,665531284,67.28450213479104,110.37300205272832,174.4141082579308,45,51.431278038262406,98.80814601141452,1.0,1.0
521,1,strong,5258.8,4.395,0.9582178044779328,1.0265863543657363,16.91,73.0,132.89,3.621,1,2,1.83,0.569,15.9,6.52,207.98,0.098,1,1.943,905.1,0,,,,,,,1294653977,65.0872014757847,349.3517882112242,138.95678825696183,0,,,,
836,2,mild,5408.4,4.276,1.1433014390836949,1.2910310899160151,33.75,87.91,10.21,2.155,1,1,1.97,0.758,25.1,5.38,129.89,0.188,1,36.4,41.5,1,35.1676,0.10366,1.14026,0.21966,259.57,65.05023794614485,1485742624,65.83820571698188,76.30352385233935,7.417391197342772,7,11.336175272044104,17.352781224776468,1.0,1.0
114,0,mild,5343.3,4.234,1.1831295629862006,1.3774613997076488,23.49,25.97,28.48,0.792,1,1,1.32,0.659,7.0,-5.28,225.42,0.193,1,70.83,17.2,0,,,,,,,1465878987,66.2709223530214,43.7934491504349,3.81184582215554,0,,,,
1027,2,mild,5459.4,4.261,1.1714154088972284,1.3221610652003537,23.67,76.1,5.77,1.039,1,3,1.253,0.689,11.0,-7.86,166.22,0.165,1,61.8,27.5,1,24.2027,0.16206,1.78266,0.17262,135.35,151.59428303091082,1935122919,65.81823417993391,55.66221424170288,4.368819410732636,11,36.6685298413552,48.02319939448324,1.0,1.0
560,1,strong,6193.7,4.453,1.1198731309057504,1.0454012404202315,20.08,60.13,107.66,2.105,1,5,2.452,0.522,16.6,3.26,180.06,0.104,1,1.89,166.7,0,,,,,,,238563088,63.76529827819495,465.26795507024735,142.8534600969719,0,,,,
1043,2,mild,5571.8,4.268,1.190158055439584,1.327201355998633,32.33,35.94,7.05,2.097,1,2,1.42,0.667,11.2,19.12,144.56,0.193,1,60.62,25.1,1,20.6797,0.20888,2.29768,0.15626,186.53,249.9309076223684,743426490,65.87211201367192,49.163995874920616,4.453860765148084,13,67.08850922595133,83.71415211724332,1.0,1.0
1344,3,strong,5727.0,4.254,1.190158055439584,1.3474608635383056,10.78,61.58,45.9,3.643,1,2,2.32,0.535,7.6,13.17,138.25,0.099,1,1.522,196.8,1,43.3948,0.2273,2.5003,0.25611,304.2,287.1219754468052,530073792,66.52500648373066,177.26016896659323,177.39358711122003,6,25.91579949424428,73.75722059845712,1.0,1.0
572,1,strong,6125.2,4.229,1.190158055439584,1.3848407999955334,16.39,77.7,116.26,3.964,1,3,2.167,0.553,16.8,21.36,84.13,0.078,1,3.494,153.1,0,,,,,,,15955011,67.38763985636945,257.7967480555347,77.27333703013075,0,,,,
668,1,strong,5309.5,4.486,0.9043326956686604,0.9077183063844484,10.97,72.35,71.9,2.389,1,4,2.208,0.51,9.8,3.05,191.54,0.116,1,3.933,861.3,0,,,,,,,437929084,63.16861758880609,386.4918444586896,68.64811583607344,0,,,,
1118,2,mild,5703.2,4.307,0.9019898648510196,1.1032887381940837,29.89,65.26,10.99,0.837,1,2,0.815,0.771,11.2,6.88,60.52,0.226,1,42.69,33.5,1,43.6535,0.2065,2.2715,0.23443,314.59,353.47737719250904,284980528,65.82531215308543,49.955135658898925,6.32450315257149,6,69.34358842182662,87.05137547182642,1.0,1.0
832,2,mild,5934.8,4.517,1.016788574922794,0.9309455341487014,20.42,84.71,5.36,0.649,1,3,0.997,0.726,7.6,-5.4,115.1,0.174,1,70.17,31.8,1,29.9294,0.27396,3.01356,0.18971,333.86,873.8273858311173,649222037,63.51595617370534,96.23119083144194,3.847699010735027,9,127.22267175093307,230.95174552652168,1.0,1.0
978,2,mild,5361.7,4.27,1.1714154088972284,1.3147156287691069,22.71,82.61,36.2,2.046,1,2,1.65,0.7,10.2,5.96,218.48,0.153,1,35.39,15.6,1,4.0254,0.22268,2.44948,0.05221,37.01,289.4667306786339,843099907,66.11404706241683,103.21853096503943,7.629077128659984,67,89.86205032162772,166.60642056269288,1.0,1.0
258,0,mild,5257.7,4.397,0.9582178044779328,1.0265863543657363,25.87,41.94,26.22,2.068,1,2,1.63,0.68,14.2,-5.54,69.41,0.149,1,70.8,46.8,0,,,,,,,231773875,63.06376971670251,49.518278358457415,3.8134610110632328,0,,,,
796,2,mild,5726.6,4.479,1.0097600824694108,0.9581548011050962,24.68,55.77,35.33,1.066,1,1,1.92,0.771,9.6,13.69,30.99,0.171,1,30.09,27.4,1,11.9003,0.33779,3.71569,0.10234,41.91,1254.070924672022,2001846895,66.16222259613872,180.99491388033664,8.972849437795842,22,148.761537341769,433.29296036201055,1.0,1.0
57,0,mild,5446.5,4.511,0.9371323271177828,0.8837540093389243,33.94,71.17,6.15,0.715,1,1,1.43,0.642,24.1,12.79,189.38,0.218,1,79.63,15.6,0,,,,,,,462091826,60.76026169684701,55.56009791844254,3.3905944943272246,0,,,,
70,0,mild,5376.9,4.296,1.1643869164438791,1.2668642320921275,24.62,40.51,6.51,1.6,1,3,1.063,0.708,12.1,-1.15,153.5,0.172,1,30.44,21.9,0,,,,,,,1691313609,65.52921874117881,44.1983627664621,8.869679355561,0,,,,
91,0,mild,5937.3,4.331,1.0027315900160276,1.1318439536603435,29.77,65.19,6.27,0.528,1,1,1.18,0.691,20.4,1.22,213.67,0.169,1,20.61,26.7,0,,,,,,,958614135,65.76490122065343,33.59854921782716,13.100098960857684,0,,,,
680,1,strong,5206.8,4.42,0.9183896805754272,0.9788317972464,17.14,43.81,96.48,4.704,1,5,2.362,0.517,18.2,20.95,202.97,0.081,1,1.261,101.0,0,,,,,,,1362485309,63.08467994836053,330.6571027925901,214.11026136659547,0,,,,
108,0,mild,5592.3,4.307,0.9277610038466048,1.1191171769838169,23.76,82.91,10.68,0.8,1,3,0.84,0.667,15.2,-16.09,179.27,0.215,1,79.03,19.2,0,,,,,,,568712455,65.31976036802247,48.8275284433177,3.4163360696352885,0,,,,
890,2,mild,6119.4,4.323,1.1058161459989837,1.200207628849371,29.26,78.43,34.74,1.065,1,1,0.76,0.782,10.8,1.38,345.6,0.184,1,30.38,26.9,1,16.1305,0.0972,1.0692,0.1292,94.67,66.17891553447231,1734881198,65.4203895091775,49.109221750972615,8.887196826309312,16,18.29037725785428,22.87034284700995,1.0,1.0
964,2,mild,5424.3,4.225,1.1936723016662756,1.395022407528708,30.26,81.51,11.77,2.041,1,1,1.41,0.622,10.3,-17.76,135.8,0.199,1,43.57,39.3,1,3.7065,0.14996,1.64956,0.04972,86.69,116.59726909660188,1932698712,66.32681784069135,52.63770743196325,6.196764736820676,72,55.01528497722778,70.23490934830217,1.0,1.0
196,0,mild,5278.3,4.226,1.1936723016662756,1.386735652068645,28.85,75.07,26.92,1.306,1,2,1.205,0.669,12.8,1.16,348.71,0.186,1,47.73,26.9,0,,,,,,,423310376,66.24314994007625,65.53744734646054,5.656673781338297,0,,,,
917,2,mild,5818.6,4.228,1.1690725780794338,1.3750735784389505,28.34,57.88,13.57,1.837,1,1,1.03,0.739,6.3,-8.66,38.29,0.135,1,21.13,93.3,1,6.1458,0.08995,0.98945,0.06917,270.26,43.176789155547866,2089870303,66.53022325205195,50.58631745834507,12.777711291210451,43,17.288739441760864,21.71876892504147,1.0,1.0
625,1,strong,5461.5,4.232,1.1854723938039953,1.3747368052381823,10.79,52.85,38.97,1.444,1,2,2.255,0.56,13.2,2.62,158.01,0.082,1,1.287,108.7,0,,,,,,,1312602457,66.57557191235053,111.71183161016252,209.78480154100768,0,,,,
1416,3,strong,6164.1,4.27,1.136272946630538,1.2938757569321395,17.84,33.87,83.27,2.93,1,5,2.252,0.554,17.5,8.14,180.25,0.125,1,2.568,199.1,1,9.1078,0.15942,1.7536200000000002,0.08907,346.3,153.17939166352113,448165705,66.58812020926398,160.21938912531343,105.13747647323864,29,25.250548725125267,65.79423323650316,1.0,1.0
694,1,strong,5340.0,4.242,1.1854723938039953,1.365469232162987,16.44,76.6,73.97,1.179,1,4,2.177,0.504,22.5,-14.95,114.79,0.103,1,4.225,447.5,0,,,,,,,2112833242,66.51291674452902,272.8887395840545,63.90367800787619,0,,,,
971,2,mild,5480.1,4.315,1.0683308529142723,1.1867858069773625,28.92,67.63,5.38,2.016,1,1,1.74,0.743,17.0,-16.99,93.59,0.22,1,41.22,44.2,1,27.9794,0.12078,1.32858,0.18439,29.68,104.50696728105412,476962051,64.81752098807767,49.6560803891612,6.550049480428842,9,23.79170063997454,29.97088130057292,1.0,1.0
1438,3,strong,5275.3,4.293,1.1479871007192837,1.266766107034484,17.45,43.1,78.9,1.752,1,3,2.4,0.567,14.9,-6.99,158.14,0.084,1,3.991,278.1,1,11.7871,0.19744,2.17184,0.10613,128.52,245.11918090021183,1732528067,65.63116960750315,182.7511181923222,67.6504734611067,22,32.426278009781214,95.9376019626639,1.0,1.0
1263,3,strong,5774.5,4.478,0.9301038346643994,0.9224902244901066,19.21,82.37,117.07,1.943,1,3,2.147,0.553,22.1,-22.81,135.41,0.072,1,1.176,250.4,1,6.6762,0.29559,3.2514900000000004,0.06773,182.04,1035.990592652747,946227505,67.36766292452486,293.18514530926205,229.58591801299056,40,95.89640028699552,428.21842618249167,1.0,1.0
218,0,mild,5207.3,4.226,1.1831295629862006,1.3753606639888347,26.46,79.59,5.93,1.051,1,2,0.97,0.778,13.7,9.16,159.28,0.203,1,29.25,79.8,0,,,,,,,36058302,65.88010170745044,43.5082434548867,9.230531267804338,0,,,,
725,1,strong,5398.2,4.42,0.9769604510202644,1.0063808281239677,17.53,38.57,29.26,4.284,1,5,2.258,0.559,14.9,-4.22,250.98,0.105,1,4.716,252.7,0,,,,,,,1586445631,62.7890396993691,198.63762886925025,57.25043248161087,0,,,,
1224,3,strong,5602.5,4.23,1.194843717075173,1.3856892648777432,15.34,82.48,44.5,4.511,1,2,2.44,0.556,14.6,3.32,248.65,0.096,1,2.44,163.5,1,6.8268,0.15629,1.7191900000000002,0.07473,275.13,128.36025158452873,949192499,66.76355899500147,263.54863557512,110.65288507511347,39,15.316642655788,62.37221158691244,1.0,1.0
944,2,mild,6174.5,4.215,1.091759161092217,1.3499509534902403,22.2,82.06,29.7,2.488,1,1,0.75,0.75,11.5,-12.22,340.36,0.173,1,25.39,19.4,1,13.5618,0.14285,1.57135,0.1146,218.83,112.98593702103778,348255826,67.7941863340568,46.28167997906677,10.63383377641894,19,35.01403142767839,42.39519502959058,1.0,1.0
489,1,strong,5542.9,4.365,1.0425597139185332,1.1100092992102475,10.54,39.98,38.89,1.359,1,2,2.35,0.552,7.7,25.15,208.88,0.109,1,2.607,173.2,0,,,,,,,1509065196,64.45852964250213,160.12211124819478,103.56464886201644,0,,,,
59,0,mild,5669.8,4.315,1.1151874692701615,1.2160567951185932,26.77,48.21,16.29,1.424,1,2,1.455,0.684,9.9,-3.0,76.22,0.181,1,62.92,70.9,0,,,,,,,2037200696,65.20020088556507,60.65115084269412,4.291052758793339,0,,,,
167,0,mild,6148.8,4.507,1.0941019919100112,0.9987861448154228,24.83,67.67,16.41,1.056,1,1,1.61,0.651,11.3,-12.62,34.04,0.183,1,32.4,78.7,0,,,,,,,451385106,62.64810063794867,58.47923534786399,8.333118505656694,0,,,,
1390,3,strong,6108.4,4.428,1.1878152246217897,1.0998647680117315,16.67,85.71,26.87,1.287,1,2,2.73,0.548,19.8,3.21,109.58,0.068,1,2.434,110.0,1,40.3384,0.15971,1.75681,0.24378,158.07,212.7578145125526,875363723,64.34993238675501,270.82810026470565,110.92565307447693,6,11.66156529681684,50.446163999357125,1.0,1.0
1485,3,strong,5899.6,4.332,0.9511893120245496,1.10186579008336,10.18,25.17,27.1,4.291,1,3,2.287,0.524,9.2,3.34,197.32,0.097,1,5.611,254.5,1,4.312,0.14841,1.63251,0.05099,65.4,183.04961218063343,211970046,65.45942625744308,130.03409528998918,48.11852425294544,62,44.1276046259537,98.13921946206716,1.0,1.0
722,1,strong,6111.0,4.284,1.1058161459989837,1.2558910251549726,21.7,83.77,61.19,3.092,1,5,2.604,0.514,25.6,-9.01,144.69,0.104,1,1.039,197.8,0,,,,,,,1115370107,66.49162887710834,426.802860933522,259.85855590305766,0,,,,
242,0,mild,5303.8,4.422,0.9183896805754272,0.9750937663713868,32.96,39.41,5.45,0.791,1,1,1.4,0.786,15.2,10.63,267.32,0.165,1,28.16,17.4,0,,,,,,,1640448619,63.60016894877799,36.06224314284586,9.587821007928866,0,,,,
1412,3,strong,6143.5,4.323,1.133930115812517,1.219619719951349,18.54,37.14,93.37,3.479,1,4,2.36,0.589,15.7,8.92,172.66,0.103,1,1.089,331.5,1,45.5156,0.09476,1.04236,0.26016,132.48,60.91175471422342,650562083,66.3604436079577,186.2894562233209,247.92749273028176,5,4.645309161297782,13.843158861718498,0.0,1.0
942,2,mild,5386.8,4.499,0.9277610038466048,0.9020804232075914,30.14,61.66,18.84,0.941,1,1,1.81,0.652,7.4,8.17,43.06,0.201,1,26.64,45.5,1,27.8504,0.13858,1.52438,0.17538,253.16,238.1280087034509,479618196,60.70038484927934,70.86168978640032,10.134873858231114,9,42.31199549982957,65.03981458662953,1.0,1.0
1001,2,mild,5971.6,4.514,1.0613023604607903,0.9692971044349776,30.4,71.91,11.59,1.734,1,3,1.7,0.708,14.5,4.95,191.74,0.169,1,51.57,20.1,1,7.8729,0.15471,1.7018099999999998,0.079,268.05,257.0530869429916,528109574,63.02928617677526,114.90599732750223,5.235467123972792,34,51.89933730524716,107.91490680177056,1.0,1.0
86,0,mild,5919.3,4.534,1.016788574922794,0.9234786670975028,27.41,87.57,9.34,1.454,1,2,1.155,0.679,14.8,-5.4,97.55,0.218,1,38.64,30.8,0,,,,,,,302720141,62.91533728279163,50.60076079131933,6.98739750474319,0,,,,
615,1,strong,5641.2,4.415,0.9066755264864548,0.97681972766223,14.08,70.86,120.56,3.874,1,2,2.2,0.551,20.3,-15.38,240.56,0.115,1,2.156,108.5,0,,,,,,,462389741,63.77490101615967,155.67748532070993,125.22868255254028,0,,,,
329,0,mild,5589.9,4.257,1.1573584239904615,1.321280730909823,29.88,80.04,14.95,1.042,1,2,1.39,0.725,17.6,17.32,236.03,0.129,1,34.93,27.9,0,,,,,,,1081796105,66.08579451257343,50.34661048691603,7.729545937110704,0,,,,
1451,3,strong,6208.5,4.49,1.0636451912786833,0.9974886688805212,19.23,68.53,107.64,4.932,1,2,2.525,0.566,20.3,11.51,84.66,0.096,1,5.143,137.4,1,34.8857,0.20442,2.24862,0.21329,40.98,423.7704876494951,1956663930,62.84373214739514,184.2845065787212,52.49718833040577,7,33.961101385490835,105.21976871037457,1.0,1.0
294,0,mild,5720.8,4.531,0.9511893120245496,0.8726884734977706,28.01,66.83,6.94,1.4,1,1,1.82,0.744,11.3,6.78,281.83,0.189,1,22.35,15.3,0,,,,,,,848845696,61.79383998964767,53.93316914037269,12.080225484710374,0,,,,
15,0,mild,6299.6,4.368,1.1198731309057504,1.1477851117250468,24.93,17.21,15.22,2.197,1,2,1.625,0.746,10.8,-3.4,167.06,0.178,1,22.49,73.4,0,,,,,,,1722337463,64.753625017036,46.13999106685097,12.005026215352462,0,,,,
928,2,mild,5735.6,4.503,0.9301038346643994,0.8955439111635226,25.02,84.08,9.63,2.276,1,1,1.46,0.679,19.3,8.96,198.02,0.145,1,77.67,96.7,1,11.2248,0.29098,3.20078,0.09577,229.85,1065.2520787332614,376118700,64.4698317413988,148.65151078613945,3.4761560394396405,24,152.35794889077246,382.9157834148836,1.0,1.0
814,2,mild,5490.3,4.204,1.1936723016662756,1.4042675752221547,32.75,23.06,36.38,1.864,1,2,0.935,0.705,15.6,5.89,239.94,0.188,1,20.05,46.0,1,12.9891,0.26564,2.92204,0.11472,226.61,361.06641111703806,1409888556,67.1967233991596,80.77125665217483,13.465987011634756,20,89.47887584098108,139.90881220669957,1.0,1.0
65,0,mild,5572.8,4.266,1.190158055439584,1.327201355998633,24.29,22.01,37.14,0.689,1,3,1.49,0.73,14.1,10.76,110.58,0.211,1,22.27,44.5,0,,,,,,,1515687524,66.30986199494802,64.25221718810475,12.123620996105831,0,,,,
1337,3,strong,5377.3,4.292,1.103473315181189,1.2410670368290528,16.5,39.99,47.74,2.192,1,3,2.39,0.557,14.9,-2.62,183.05,0.089,1,2.749,985.7,1,38.4525,0.20838,2.29218,0.2304,249.29,284.46017183242884,2026397813,66.6371697000366,360.582437972424,98.2150016672524,7,13.63898859675749,75.05204168250263,1.0,1.0
297,0,mild,6266.2,4.289,1.173758239715023,1.2855576235000448,29.89,24.31,5.22,2.482,1,1,1.5,0.773,8.9,-19.51,159.11,0.23,1,38.48,22.0,0,,,,,,,1013695917,66.09237616443689,33.48212587904095,7.01645113262154,0,,,,
437,1,strong,5931.5,4.274,1.0847306686388336,1.2592577647952248,8.69,45.46,27.08,1.355,1,4,2.323,0.488,8.9,-6.15,148.02,0.093,1,2.112,100.3,0,,,,,,,94670862,66.52445621447652,157.1261519935433,127.83761343905154,0,,,,
894,2,mild,6158.7,4.334,1.155015593172667,1.213659792639477,21.2,87.46,36.96,0.761,1,3,1.233,0.725,11.6,-0.76,42.28,0.16,1,25.28,23.5,1,13.9402,0.16936,1.86296,0.11894,151.69,196.4842047043767,812836367,65.19208711146453,62.75994618268498,10.680104413895446,19,52.12022747162366,72.34725454954737,1.0,1.0
423,1,strong,5997.8,4.513,1.030845559829561,0.9412082390886132,19.73,50.5,31.74,4.827,1,5,1.902,0.51,22.3,8.94,109.87,0.1,1,3.268,126.4,0,,,,,,,185183777,62.77113976421913,221.86347161396853,82.61720917480933,0,,,,
237,0,mild,6315.9,4.226,1.136272946630538,1.3589951118460035,21.1,44.78,12.78,0.99,1,3,1.237,0.659,8.5,-14.98,188.83,0.149,1,71.15,22.9,0,,,,,,,116589223,67.08162541349816,42.51991266514933,3.794701891542893,0,,,,
321,0,mild,6281.9,4.41,1.1714154088972284,1.1168177775909451,27.93,52.43,31.83,1.409,1,3,1.163,0.694,19.4,-0.18,15.95,0.155,1,41.25,30.6,0,,,,,,,534207009,63.65950631668472,45.18423478292502,6.54528580807944,0,,,,
605,1,strong,6271.1,4.384,1.159701254808256,1.1447624098241704,15.45,72.72,44.3,4.203,1,2,2.345,0.427,14.1,0.79,145.47,0.097,1,1.112,608.9,0,,,,,,,1995649544,65.57518780308746,327.41808638062145,242.79949602812667,0,,,,
1406,3,strong,5691.2,4.522,0.9781318664291856,0.8971405626453007,17.77,88.23,124.68,4.713,1,2,2.355,0.53,17.2,-22.71,58.95,0.115,1,1.141,1013.8,1,29.6272,0.28019,3.08209,0.18601,289.89,984.201808320827,99814252,65.95863915649001,448.1986555846931,236.6284308354749,9,35.97315526782624,247.0756772972945,1.0,1.0
393,1,strong,6227.9,4.473,1.1093303922256754,1.0330623974185258,15.64,52.14,91.27,2.656,1,5,2.462,0.554,15.0,-17.54,165.65,0.098,1,1.571,310.7,0,,,,,,,276226095,63.32089111790286,183.5463960896801,171.86062354123288,0,,,,
822,2,mild,5920.1,4.386,1.0027315900160276,1.063023582982797,26.21,76.8,15.02,0.888,1,3,1.543,0.707,9.1,-6.55,112.23,0.219,1,43.94,18.1,1,10.004,0.11415,1.25565,0.09095,154.37,116.34987340158162,1264512928,63.91445361485148,69.79841938470267,6.144584423834249,26,31.298802794798583,46.34543296205917,1.0,1.0
314,0,mild,6380.1,4.514,1.096444822727806,1.0341833706233932,30.53,83.57,39.23,1.946,1,2,1.695,0.661,14.7,-13.18,232.28,0.173,1,27.64,20.8,0,,,,,,,504163755,63.364831736286376,91.85293308906743,9.768199695487583,0,,,,
1167,3,strong,5690.6,4.384,1.0425597139185332,1.0838660112920644,8.39,89.05,57.61,3.363,1,2,2.975,0.424,7.7,-15.62,130.87,0.087,1,4.228,198.4,1,42.297,0.11939,1.3132899999999998,0.24091,206.85,122.42908154208035,244574792,64.10871484595917,255.89647795107803,63.85833481156028,6,7.240757989467478,29.795421725366687,1.0,1.0
963,2,mild,6387.7,4.292,1.096444822727806,1.2375191059230417,22.48,61.51,5.8,2.008,1,2,1.07,0.645,5.5,5.94,86.93,0.182,1,34.08,27.6,1,34.2006,0.12484,1.37324,0.21263,284.85,102.68418885621048,383261608,66.67751198908164,40.74998082051355,7.922330973687702,7,22.647785382793973,26.542438042134968,1.0,1.0
909,2,mild,5540.0,4.505,0.9066755264864548,0.8829077948748772,21.01,86.27,6.19,2.395,1,2,1.505,0.693,14.7,-12.96,190.3,0.192,1,71.47,28.7,1,3.2191,0.33374,3.67114,0.0413,170.59,1441.7358684557464,132312189,79.49584544681633,285.1325784085804,3.777711481506602,83,169.9722198521003,632.9007003717685,1.0,1.0
775,2,mild,5514.6,4.48,0.9371323271177828,0.918276686239712,33.61,27.57,24.67,2.28,1,2,1.435,0.707,19.8,-1.9,354.8,0.181,1,34.44,35.5,1,25.2874,0.09953,1.09483,0.165,127.96,118.53886747382144,659031080,62.17135167198327,44.31809663233501,7.839519151663092,10,26.89290691318258,33.026174740422114,1.0,1.0
368,0,mild,6063.7,4.437,1.0613023604607903,1.0311390417358008,25.42,85.23,5.02,0.982,1,3,1.357,0.69,12.6,-2.5,229.27,0.169,1,66.45,23.6,0,,,,,,,666051859,63.52842354866965,60.43992054692141,4.063100670929674,0,,,,
756,2,mild,6219.3,4.442,1.0847306686388336,1.037188234517022,34.18,83.63,5.86,2.051,1,1,1.0,0.755,21.4,-11.92,280.29,0.12,1,23.82,20.8,1,31.5756,0.0969,1.0659,0.20089,192.98,88.0708672565826,613325532,63.44162666602111,36.10502960521177,11.334720385527996,8,20.11851315585304,23.148375435662167,1.0,1.0
253,0,mild,6298.3,4.307,1.0636451912786833,1.1982880757853016,22.97,14.56,36.39,2.121,1,2,1.585,0.7,7.0,6.04,161.34,0.237,1,45.94,28.2,0,,,,,,,1687850896,65.94243318747539,51.582553870532365,5.877079660062623,0,,,,
180,0,mild,5554.4,4.349,1.0542738680075054,1.1353947724803537,34.39,69.91,35.63,1.93,1,1,1.39,0.798,26.4,-4.16,113.59,0.134,1,23.94,36.6,0,,,,,,,1861792334,64.33424971301152,51.37779289391189,11.27790474449778,0,,,,
1281,3,strong,5926.3,4.332,0.9324466654821938,1.0901988898368618,18.05,49.3,87.17,1.99,1,3,1.717,0.547,19.4,9.15,143.88,0.113,1,2.601,327.5,1,31.9599,0.09741,1.07151,0.19255,208.09,80.5555557112475,952303069,65.58691069611967,171.0515539003034,103.80355231959896,8,7.724931689309332,21.576959215655577,1.0,1.0
608,1,strong,6342.1,4.296,1.1433014390836949,1.2584016038588992,18.53,81.47,62.18,2.234,1,5,1.86,0.532,14.7,-5.96,143.41,0.089,1,2.54,125.4,0,,,,,,,1437470817,66.09589896662283,232.7389053017457,106.29647227688064,0,,,,
1460,3,strong,5615.4,4.23,1.194843717075173,1.3856892648777432,21.55,84.4,57.81,4.426,1,2,2.81,0.497,18.7,14.27,206.63,0.14,1,4.051,565.4,1,11.5984,0.14486,1.59346,0.10641,8.33,110.27197145632591,1300447177,67.100949574953,358.72303196650114,66.64849162756772,23,8.22305223799162,44.723072768235696,1.0,1.0
1295,3,strong,5598.1,4.438,0.9605606352957272,0.9793348351643546,9.35,77.54,117.73,3.829,1,5,2.058,0.57,11.0,2.77,247.79,0.12,1,1.972,410.1,1,5.4661,0.21082,2.31902,0.05992,255.19,467.5855641956801,1081359007,65.13339172435433,245.30162474224133,136.91330607671242,49,56.28245348336467,219.3126392535557,1.0,1.0
612,1,strong,5562.4,4.235,1.194843717075173,1.3797441523785652,19.58,62.15,59.44,3.69,1,5,2.114,0.585,24.6,2.82,53.39,0.11,1,4.088,186.6,0,,,,,,,2073612396,67.17878570043335,207.932045987639,66.04526408592878,0,,,,
1015,2,mild,5284.7,4.289,1.155015593172667,1.2758345286555808,30.46,47.03,33.73,1.757,1,3,1.013,0.704,21.6,-8.99,231.36,0.211,1,36.96,17.3,1,48.2801,0.16499,1.81489,0.27226,206.33,168.74325574719342,1480761117,65.6101191111333,61.86014971391707,7.305006482231517,5,29.060788350608124,39.940943168043056,1.0,1.0
1236,3,strong,5608.6,4.438,0.9605606352957272,0.9793348351643546,14.81,58.63,94.03,3.763,1,5,2.282,0.479,13.9,-5.48,225.46,0.09,1,1.522,115.7,1,37.2792,0.18884,2.07724,0.21549,181.97,375.1677167681198,755784301,63.5729521998836,291.9589851479518,177.39358711122003,7,19.964876521866827,93.83722505681564,1.0,1.0
1129,3,strong,5317.3,4.421,0.9183896805754272,0.9742397993816052,19.82,76.36,130.69,2.6,1,4,2.365,0.539,13.2,8.96,196.06,0.096,1,3.117,353.3,1,39.0418,0.23111,2.5422100000000003,0.21893,197.48,567.8133808864915,305958291,63.50491302504592,260.14247022989804,86.61951863435254,6,31.61072305776396,133.2931455303625,1.0,1.0
361,0,mild,5780.1,4.291,1.0941019919100112,1.2389999741452085,31.88,74.2,7.53,0.984,1,3,1.123,0.673,8.3,-2.43,171.36,0.175,1,58.74,85.7,0,,,,,,,559926291,66.09293182848766,61.02249284004749,4.5964085730894935,0,,,,
342,0,mild,5487.9,4.31,1.0531024525987964,1.1915124610691246,26.28,35.82,17.53,2.412,1,2,1.08,0.774,13.7,-6.11,135.48,0.162,1,59.08,30.5,0,,,,,,,731372297,65.37116738491339,38.01756142147452,4.569956661869954,0,,,,
589,1,strong,5729.8,4.205,1.1854723938039953,1.4191300895753305,14.81,30.89,107.2,2.72,1,5,2.614,0.548,15.1,-2.79,81.98,0.111,1,3.65,752.4,0,,,,,,,1666621073,67.46372806774835,360.9487849074834,73.97069577624023,0,,,,
1244,3,strong,5627.5,4.215,1.1854723938039953,1.3995098217609712,19.01,14.39,43.7,2.719,1,4,1.958,0.487,19.9,0.87,137.06,0.087,1,3.551,1150.5,1,20.6709,0.31034,3.41374,0.15601,193.08,496.16199184757926,317359145,68.2672021007685,413.0134133479637,76.03295961229988,13,26.86959117462179,164.76546364809764,1.0,1.0
1363,3,strong,5267.9,4.523,0.903161280259804,0.8702624395942471,13.24,18.88,38.08,1.519,1,2,2.475,0.472,12.2,-0.54,84.13,0.111,1,3.992,150.8,1,3.2329,0.33881,3.72691,0.04136,59.67,1529.3674497309098,208631960,80.32335329873135,307.6460444654539,67.63352694971866,83,166.87573528470142,660.5755462991696,1.0,1.0
1052,2,mild,5416.3,4.465,0.9254181730288104,0.9320212184210904,23.51,63.88,18.44,1.584,1,1,0.92,0.689,17.1,-4.53,16.61,0.242,1,46.01,23.3,1,18.9196,0.13573,1.49303,0.13541,321.35,213.9932039332448,481780936,62.85228829481764,47.93980945564776,5.868138221762158,14,53.36998893413601,67.12257578301984,1.0,1.0
1124,2,mild,5444.9,4.348,1.016788574922794,1.1202183621149144,22.21,47.93,6.78,2.186,1,2,1.475,0.629,11.6,-15.02,156.72,0.154,1,40.54,21.4,1,14.4509,0.32433,3.5676300000000003,0.11676,127.43,845.802086176397,200113217,65.09335693871601,120.51728446318354,6.659917108615611,18,142.43489219724427,299.71895282968217,1.0,1.0
987,2,mild,5389.5,4.334,1.0905877456833195,1.180846169876429,27.32,51.86,6.34,2.286,1,3,1.49,0.771,16.2,-5.01,226.69,0.21,1,28.18,19.4,1,4.1742,0.14363,1.57993,0.05222,320.23,149.2806620786446,666009872,64.41410349242376,62.963338555540005,9.58101630884588,64,59.47308105477168,83.16587544329897,1.0,1.0
144,0,mild,5925.0,4.545,1.016788574922794,0.9234786670975028,30.08,56.43,21.92,2.469,1,3,1.083,0.71,11.0,-11.81,266.1,0.131,1,52.77,33.4,0,,,,,,,1161256572,62.99671239484774,46.58686544285405,5.116411589601608,0,,,,
1332,3,strong,5421.6,4.336,1.0566166988253,1.152583509726372,8.98,30.4,25.27,4.901,1,2,2.06,0.607,9.4,-20.45,232.93,0.112,1,1.851,190.4,1,40.026,0.23275,2.56025,0.23324,56.3,411.4664768567594,325741223,64.51712792327338,95.2833501287519,145.86333851068443,6,56.87669118421319,101.44388342274485,1.0,1.0
174,0,mild,5717.1,4.337,1.0566166988253,1.153306527489568,26.42,50.19,8.95,1.872,1,3,1.227,0.706,14.6,5.13,144.7,0.167,1,60.21,19.8,0,,,,,,,475741187,65.01257525428694,51.98913771288789,4.4841893303982205,0,,,,
824,2,mild,5341.8,4.434,0.9207325113932217,0.9653574817092386,20.29,50.91,37.55,1.262,1,2,0.875,0.727,10.4,5.62,143.12,0.195,1,67.91,24.1,1,5.5071,0.1203,1.3233,0.05937,183.54,156.69487895631443,1665689467,63.85073027730132,58.55978582623676,3.9757478954981136,49,55.31419922862811,75.05502832602535,1.0,1.0
452,1,strong,6133.5,4.278,1.1198731309057504,1.2718141651443684,16.72,45.96,42.41,1.121,1,2,2.005,0.485,21.3,6.48,260.58,0.07,1,4.433,416.6,0,,,,,,,1187298004,66.0733810855752,187.361795728712,60.90526496351836,0,,,,
42,0,mild,5517.4,4.496,0.9254181730288104,0.9014877121487042,22.69,27.8,11.82,1.4,1,1,1.57,0.773,16.4,1.23,89.43,0.164,1,28.08,17.4,0,,,,,,,1560653252,61.50442533594349,33.14638612949189,9.615136737296185,0,,,,
115,0,mild,6194.9,4.421,1.155015593172667,1.094749531393448,29.3,75.59,18.89,1.881,1,1,1.94,0.725,19.6,-19.5,183.5,0.169,1,40.4,23.9,0,,,,,,,901439261,64.19449211204854,63.01536333054956,6.682996029289032,0,,,,
1446,3,strong,5489.6,4.204,1.1936723016662756,1.4014060627445528,8.15,58.17,130.9,3.939,1,4,2.745,0.515,7.8,12.59,188.27,0.106,1,3.023,129.4,1,29.4653,0.20778,2.28558,0.19805,40.69,221.8091114261672,1874703350,67.02485057398088,287.7456708330549,89.31294726539096,9,15.016039786853073,66.19139865837492,1.0,1.0
256,0,mild,5211.3,4.399,0.9582178044779328,1.027578590531045,29.5,51.34,33.54,1.327,1,2,1.27,0.673,11.8,12.39,107.13,0.206,1,53.58,19.8,0,,,,,,,593845520,63.61423857833529,55.98619346715195,5.039063822009647,0,,,,
871,2,mild,5564.0,4.352,0.9043326956686604,1.0499323949239217,32.44,20.32,9.34,2.279,1,3,1.117,0.7,17.2,-6.96,124.42,0.201,1,54.52,63.1,1,8.984,0.24571,2.70281,0.08179,261.2,552.6152613250595,1034829714,65.44051210053054,92.86880266948464,4.952183411285343,30,132.106541688614,229.34620250008803,1.0,1.0
1046,2,mild,6219.1,4.502,1.0636451912786833,0.9974886688805212,23.91,41.89,21.67,2.377,1,3,1.337,0.737,14.8,3.47,112.0,0.178,1,45.82,23.8,1,9.6924,0.17719,1.94909,0.09082,35.44,318.3921536155681,2016376859,63.2712967526727,82.16746943401918,5.892471400769901,27,76.00129221631275,124.57026870087644,1.0,1.0
269,0,mild,5906.2,4.381,1.0343598060562529,1.0855877076173197,32.71,50.73,5.29,2.054,1,1,1.76,0.715,7.7,-18.91,49.81,0.228,1,60.45,24.8,0,,,,,,,355660187,64.12684675736334,42.06458981078157,4.466386097324679,0,,,,
1452,3,strong,6113.1,4.434,1.1643869164438791,1.0817877981131914,12.99,44.5,35.48,4.315,1,4,2.38,0.523,14.1,10.08,232.33,0.094,1,4.047,162.4,1,9.1573,0.26388,2.90268,0.09012,98.38,600.383399898187,189058862,64.65240784305054,355.0336008250108,66.71436609421222,29,43.37179379352994,242.0896294516708,1.0,1.0
825,2,mild,5282.3,4.283,1.136272946630538,1.2703150438968949,31.9,68.95,13.11,0.553,1,1,1.88,0.792,18.7,-5.28,109.97,0.144,1,59.39,27.6,1,34.6364,0.16135,1.7748499999999998,0.217,150.25,162.78520808603054,128565437,65.7313995337091,57.56515876641021,4.546102703877367,7,32.40848566258002,43.07966343514023,1.0,1.0
33,0,mild,5562.5,4.338,0.9043326956686604,1.066534141954394,26.25,23.75,5.02,0.724,1,3,1.033,0.686,14.4,-1.71,261.05,0.147,1,24.64,15.6,0,,,,,,,1691336294,65.09190573842808,38.582923008115735,10.957509723347275,0,,,,
1280,3,strong,5914.4,4.546,1.016788574922794,0.9234786670975028,9.45,72.71,59.58,4.836,1,3,2.11,0.546,7.8,-4.0,158.64,0.082,1,3.218,307.5,1,12.247,0.27941,3.07351,0.10456,346.97,923.698073734794,666009431,64.79781919086017,195.84186833641016,83.90088240623894,22,100.85739938848256,321.0786441565019,1.0,1.0
1403,3,strong,5832.6,4.423,1.0074172516516164,1.018123805532815,8.75,43.89,29.69,1.33,1,4,2.285,0.527,10.3,10.92,205.63,0.105,1,1.557,687.6,1,6.1936,0.11554,1.27094,0.06617,156.82,129.9461522160447,1506242190,64.40812066298395,328.7532142852127,173.4059342217578,43,11.465382883847717,59.63438853827513,1.0,1.0
1051,2,mild,5556.4,4.225,1.1854723938039953,1.3885513183982865,32.7,47.84,32.18,1.71,1,3,1.39,0.732,17.6,13.65,123.51,0.225,1,66.55,27.7,1,12.237,0.18727,2.05997,0.10999,148.15,183.53226860590587,1345130356,66.34479869779045,85.45897352510639,4.056995335586429,22,45.66350171543848,74.46386951888178,1.0,1.0
986,2,mild,5215.3,4.353,1.0542738680075054,1.1308600652454288,22.59,55.35,36.7,2.117,1,3,0.877,0.642,9.8,-9.8,173.3,0.192,1,30.16,45.1,1,13.9595,0.3264,3.5904000000000003,0.11548,12.55,840.5865692988752,245676085,65.22866383247623,127.61728233736048,8.952023858861965,19,138.01405522871391,303.2460064176448,1.0,1.0
808,2,mild,6087.0,4.42,1.1643869164438791,1.1045574897669506,21.29,64.04,12.65,2.124,1,3,1.177,0.69,9.2,-0.3,204.45,0.167,1,34.72,56.8,1,28.5491,0.20218,2.22398,0.19232,336.2,338.0645379650558,375184685,63.43348591793753,57.08101669533607,7.776297223020648,9,70.26750873879115,94.52850611380308,1.0,1.0
47,0,mild,5310.1,4.434,0.9207325113932217,0.9665112946254344,29.83,47.77,19.84,0.54,1,1,0.8,0.76,21.4,6.71,46.57,0.152,1,29.29,17.0,0,,,,,,,1287835972,63.70399180952579,37.798592547906345,9.217925557640044,0,,,,
1307,3,strong,5496.8,4.238,1.194843717075173,1.3720068628213131,14.32,86.04,32.58,1.344,1,5,2.234,0.552,12.0,-0.04,142.85,0.086,1,1.844,135.6,1,49.1493,0.19219,2.11409,0.27865,229.02,197.99256786509588,1188868184,65.98337969374069,182.2565538553632,146.41704966555145,5,16.405986820040216,48.19429916147677,1.0,1.0
752,2,mild,5412.6,4.397,0.9324466654821938,1.0108108834574694,25.78,47.16,20.57,2.425,1,2,1.375,0.681,18.1,14.07,75.26,0.221,1,63.19,16.5,1,11.7166,0.14257,1.56827,0.09863,246.18,200.731884890572,918068001,63.62310222916452,68.93446961199275,4.272717828505727,23,51.92272016950712,76.55622014170146,1.0,1.0
88,0,mild,5811.8,4.309,0.9441608195711662,1.127184028714764,34.54,51.95,22.96,1.238,1,1,0.83,0.704,26.4,-11.39,309.44,0.215,1,33.79,54.3,0,,,,,,,1124950329,65.87948130584036,41.0561334221286,7.99032375209461,0,,,,
670,1,strong,5940.1,4.343,0.995703097562644,1.1122176403633737,10.71,59.59,144.61,2.615,1,3,1.967,0.602,9.3,12.16,87.08,0.087,1,1.374,111.8,0,,,,,,,1791976418,65.32199920861537,220.0397438735682,196.50148441286524,0,,,,
935,2,mild,5212.5,4.369,1.0027315900160276,1.0842196717060184,25.54,57.94,10.03,2.484,1,3,0.87,0.68,14.0,-1.31,187.95,0.174,1,28.16,25.1,1,14.9825,0.25941,2.8535099999999995,0.11905,167.79,577.6153741465719,1628125215,64.8831702680174,85.98507183821134,9.587821007928866,18,122.70457143338508,203.7129614599116,1.0,1.0
1444,3,strong,6324.2,4.229,1.1843009783950975,1.3839584685040962,17.63,83.05,112.56,3.387,1,3,2.103,0.479,20.0,3.37,141.11,0.116,1,4.043,145.6,1,31.021,0.21115,2.32265,0.20442,302.87,234.8745379322826,368466544,67.42829504361785,255.5378337368092,66.78037090855227,8,16.81979252271423,65.9249366864821,1.0,1.0
794,2,mild,5816.2,4.293,0.9441608195711662,1.1472994455314385,20.48,54.29,9.77,0.755,1,1,0.99,0.694,9.9,-5.2,179.41,0.188,1,35.69,83.2,1,5.1728,0.14977,1.6474699999999998,0.05743,196.73,171.94754295603815,1165788563,66.33250935111425,54.72852835358079,7.564949273837962,52,67.67959998682417,87.7418360181556,1.0,1.0
125,0,mild,6213.3,4.261,1.1843009783950975,1.3254599996979992,31.47,29.96,10.58,2.066,1,1,0.78,0.709,6.9,8.96,301.46,0.149,1,22.37,59.9,0,,,,,,,360644067,66.33073446302977,39.42865452670726,12.069425104303836,0,,,,
209,0,mild,6260.3,4.282,1.0941019919100112,1.2512109947808594,27.45,45.79,22.81,0.905,1,1,1.97,0.698,8.5,-4.1,224.31,0.163,1,71.9,92.9,0,,,,,,,2126321515,66.5654512739113,51.552035110402734,3.755118770282015,0,,,,
1465,3,strong,5541.1,4.356,1.0343598060562529,1.1175363926065134,14.73,30.04,146.27,2.059,1,5,2.412,0.55,16.6,-0.79,143.98,0.098,1,1.926,164.5,1,10.61,0.28837,3.17207,0.09557,227.96,671.8567539547449,1754726784,65.99700694997601,238.6601347027313,140.18330196431822,25,69.77307751455155,261.7847849268321,1.0,1.0
309,0,mild,5916.2,4.477,1.1151874692701615,1.0094339703841704,24.98,39.25,17.36,1.224,1,1,0.51,0.637,6.5,1.03,163.97,0.199,1,52.19,15.2,0,,,,,,,845177668,62.38134952480056,33.86195650760653,5.173271499966984,0,,,,
1421,3,strong,5833.4,4.454,1.101130484363395,1.027545440013922,10.38,45.14,42.99,2.303,1,5,2.08,0.521,11.1,3.16,192.96,0.116,1,1.315,116.3,1,7.1991,0.16595,1.82545,0.07535,226.15,263.1796609272937,180776641,63.5468251999043,175.80223046137814,205.3179008237847,37,39.1790511038603,115.25246863348248,1.0,1.0
536,1,strong,5465.8,4.417,0.9886746051092608,1.0201294298313328,21.27,49.21,64.6,4.908,1,3,2.373,0.556,18.9,-0.08,261.05,0.103,1,1.505,192.2,0,,,,,,,1404878144,63.69994031727213,210.33121720195643,179.39736849387168,0,,,,
380,1,strong,5858.5,4.272,0.9781318664291856,1.196774660195742,13.67,21.74,78.09,3.306,1,4,2.345,0.512,13.7,11.31,99.21,0.122,1,1.355,221.8,0,,,,,,,713863072,66.30788210459237,179.04407245202827,199.25685578101613,0,,,,
440,1,strong,6380.6,4.435,1.1690725780794338,1.1088340000609995,19.82,75.87,54.82,4.822,1,2,2.205,0.617,22.2,-7.3,188.05,0.078,1,2.138,219.4,0,,,,,,,921791795,63.95455853284572,185.30483996890948,126.28299325691154,0,,,,
1289,3,strong,5348.3,4.343,1.0894163302746342,1.1678216151995,16.22,26.15,39.42,1.765,1,4,2.165,0.536,13.2,11.69,257.24,0.101,1,2.252,132.3,1,5.7266,0.1164,1.2804,0.06446,198.41,100.2427157895642,2012387430,64.94413686450017,190.66310226680343,119.89033729275172,47,16.046770185716557,49.76809772639351,1.0,1.0
185,0,mild,6219.6,4.303,1.0531024525987964,1.198205732437104,34.3,43.41,11.37,2.1,1,3,1.287,0.686,14.9,6.8,102.87,0.17,1,37.36,21.9,0,,,,,,,1375194862,66.19100923084645,62.81002858805588,7.226794421393921,0,,,,
419,1,strong,6028.4,4.337,0.9816461126558772,1.11233848249667,10.56,88.61,135.63,3.027,1,4,2.035,0.518,12.8,14.04,236.55,0.104,1,1.514,142.9,0,,,,,,,1741105045,65.78496986404038,284.70845404426643,178.33093763756727,0,,,,
284,0,mild,6387.7,4.377,1.1690725780794338,1.1615038306498875,27.47,75.72,15.98,0.872,1,1,1.52,0.691,10.3,13.84,11.64,0.124,1,56.57,22.2,0,,,,,,,2102131920,64.59917199010904,52.64819130145474,4.772724758410409,0,,,,
1270,3,strong,5320.9,4.381,0.983988943473672,1.0550750966429898,20.83,60.49,112.38,3.622,1,2,1.93,0.515,14.1,1.11,94.49,0.077,1,2.181,178.7,1,18.1087,0.21838,2.40218,0.13423,186.07,432.2737472018115,1406828128,64.37337817281944,168.31413499395006,123.79323227110356,14,49.44239253701036,138.40706569468765,1.0,1.0
610,1,strong,6225.7,4.312,1.0531024525987964,1.1860357814017444,8.47,80.79,74.3,1.903,1,5,2.256,0.523,9.6,5.78,133.31,0.112,1,1.58,1092.6,0,,,,,,,447720124,70.36117622031513,450.4757944805685,170.88167062232714,0,,,,
491,1,strong,6155.1,4.204,1.0683308529142723,1.352319894565763,14.81,41.83,32.91,3.395,1,5,2.296,0.505,16.1,8.15,283.46,0.103,1,1.407,148.3,0,,,,,,,1101963200,67.80787293305484,430.6594695485672,191.8927075929473,0,,,,
162,0,mild,6236.4,4.394,1.1433014390836949,1.1239471882193182,25.16,75.18,14.72,1.085,1,3,1.623,0.705,16.9,5.05,171.91,0.184,1,31.27,22.4,0,,,,,,,524648173,64.15762946681654,92.25211466548367,8.634251345803545,0,,,,
29,0,mild,5485.2,4.498,0.9371323271177828,0.8993061044334844,25.22,53.63,29.49,1.098,1,2,1.34,0.717,19.4,-10.14,86.17,0.151,1,44.37,98.6,0,,,,,,,1450207794,61.087121633817,71.33746526247627,6.085035825631663,0,,,,
1126,3,strong,6356.8,4.245,1.096444822727806,1.3099307779321727,21.27,41.12,136.72,4.814,1,2,2.575,0.627,14.7,-5.43,38.86,0.085,1,3.098,304.4,1,4.1301,0.13513,1.48643,0.05195,290.75,107.37588168827034,982241163,67.76431534523059,209.58995481711003,87.1507551915032,65,18.51854525760209,60.1957724633171,1.0,1.0
856,2,mild,5992.7,4.522,1.030845559829561,0.9412082390886132,27.76,76.21,7.3,1.445,1,3,1.473,0.675,12.5,-2.98,245.55,0.202,1,24.66,15.1,1,35.5959,0.22653,2.49183,0.21393,247.28,584.4937770493996,1571456255,62.35166195905906,84.84787360789652,10.94862285414748,7,84.86300873003202,143.3096014067833,1.0,1.0
112,0,mild,5912.1,4.407,0.995703097562644,1.033381748347994,25.08,28.32,12.65,2.228,1,3,1.427,0.719,10.5,-4.8,257.78,0.136,1,34.93,15.7,0,,,,,,,1931509330,63.91490138297007,37.61968623517892,7.729545937110704,0,,,,
1174,3,strong,5558.8,4.244,1.194843717075173,1.3797441523785652,14.2,67.21,34.59,2.494,1,4,2.26,0.544,12.8,4.67,188.04,0.126,1,3.219,116.1,1,31.8394,0.1006,1.1066,0.20862,165.79,53.6412289691124,466944733,66.2726972411059,253.7269217131678,83.87481813708509,8,3.876484862876759,15.339144216777994,0.0,1.0
1069,2,mild,6017.9,4.362,0.9816461126558772,1.0805161232087914,30.24,86.0,30.34,2.421,1,3,1.41,0.686,14.3,-13.22,113.82,0.208,1,72.8,24.2,1,8.0125,0.09426,1.03686,0.07788,206.06,76.78780433821416,2095206083,64.57196063601126,69.40634320351018,3.708695598671386,33,22.65246638246709,33.25627034070142,1.0,1.0
1459,3,strong,5557.0,4.308,1.0812164224121417,1.2022507411353562,9.71,71.55,37.51,1.155,1,4,2.098,0.486,10.3,-17.23,140.97,0.115,1,1.267,792.1,1,20.3455,0.08931,0.98241,0.1497,103.63,55.68137534963831,849372188,67.2176875787837,330.8714446585676,213.09632169161557,13,3.5095197338604707,17.628094336309267,0.0,1.0
274,0,mild,5801.0,4.389,0.9441608195711662,1.0290308278114242,32.41,83.2,10.07,1.834,1,2,1.255,0.736,21.3,-6.22,270.68,0.176,1,66.0,49.3,0,,,,,,,28647569,64.50575569202077,63.4252310602232,4.090803630049649,0,,,,
304,0,mild,5272.6,4.508,0.903161280259804,0.8816866133227489,28.69,85.89,25.98,1.026,1,1,1.55,0.763,12.4,12.73,74.19,0.123,1,32.0,32.2,0,,,,,,,1422983817,60.29589378910016,53.0374519375604,8.437282486977402,0,,,,
870,2,mild,5587.3,4.226,1.1854723938039953,1.3922583114999834,24.68,35.13,7.88,2.131,1,1,1.19,0.741,7.1,13.89,210.27,0.189,1,39.04,52.3,1,9.4653,0.20781,2.28591,0.09268,189.59,224.7983547707345,1792117885,66.78255407386315,55.12843826183892,6.915805317194592,28,75.6286678819726,98.06785440124844,1.0,1.0
1408,3,strong,5499.6,4.52,0.9066755264864548,0.8635802998749542,17.28,63.78,68.28,3.013,1,3,2.127,0.453,17.4,-19.94,83.6,0.102,1,2.455,260.1,1,7.4362,0.34343,3.77773,0.07216,359.14,1595.7721771500562,740390737,69.98218096891195,280.70096375860714,109.97679820092743,36,144.1569799197013,595.9178286151764,1.0,1.0
324,0,mild,6049.4,4.433,1.1655583318527425,1.0850887676887295,23.26,61.51,9.4,1.56,1,3,1.287,0.692,11.8,10.49,287.0,0.173,1,58.08,35.3,0,,,,,,,752700670,63.28472440143348,51.029329807849166,4.648640488692784,0,,,,
768,2,mild,5911.0,4.215,1.1690725780794338,1.3876101017774092,20.49,86.23,12.26,1.23,1,2,1.655,0.716,13.4,7.68,230.19,0.18,1,46.38,24.3,1,42.8471,0.21135,2.32485,0.25245,314.45,234.0827876908306,635383147,66.95915274087169,59.52598524466622,5.821324699941286,6,45.34918679925413,60.678201133280005,1.0,1.0
102,0,mild,5606.8,4.429,0.9441608195711662,0.982109130127738,21.41,37.75,36.04,1.997,1,3,0.943,0.675,9.8,-7.5,153.01,0.185,1,76.34,27.0,0,,,,,,,250179782,63.48596110455711,46.01716946543517,3.536717835777795,0,,,,
926,2,mild,5975.1,4.247,0.9722747893846996,1.2279650579266292,30.62,75.25,22.51,1.529,1,3,1.173,0.702,13.1,2.96,153.73,0.167,1,23.58,19.4,1,9.9377,0.1113,1.2243,0.08962,61.14,82.89306398528304,303043269,67.12196770254322,47.37509651394321,11.450086496322175,27,28.247646227765497,34.57496087916619,1.0,1.0
744,1,strong,6103.9,4.491,1.0472453755541222,0.966966908201129,14.61,87.95,89.38,4.333,1,4,2.208,0.443,16.9,6.32,198.43,0.081,1,4.775,446.2,0,,,,,,,492682820,62.89184833835433,328.96591776517533,56.54304493890615,0,,,,
282,0,mild,6027.2,4.397,1.0905877456833195,1.0945513344652966,25.12,58.28,16.38,2.283,1,2,1.245,0.7,10.8,13.75,141.11,0.23,1,33.47,23.7,0,,,,,,,649590490,64.1422111381069,44.60706791939173,8.066717645153178,0,,,,
3,0,mild,5270.0,4.298,1.0636451912786833,1.2075798817453265,24.4,45.81,19.8,1.614,1,3,1.417,0.695,11.1,-12.84,104.88,0.176,1,23.55,82.2,0,,,,,,,15810353,65.4418715892761,52.37842799211949,11.464672593769718,0,,,,
566,1,strong,5205.2,4.357,1.021474236558383,1.1114710995229011,18.34,57.57,38.11,3.833,1,2,2.585,0.596,11.1,3.72,263.26,0.077,1,4.443,472.5,0,,,,,,,214239238,64.23471571556819,218.4780030487495,60.768183565896216,0,,,,
1187,3,strong,5924.6,4.425,1.0894163302746342,1.0605255910857914,20.82,68.22,67.08,3.462,1,4,2.145,0.516,23.6,-18.64,231.67,0.073,1,5.419,109.1,1,9.2005,0.0978,1.0758,0.08842,103.8,85.80948317264041,360450721,63.60914049553941,196.2222568061058,49.82340645567022,29,10.865976146974402,35.23671498563916,1.0,1.0
1070,2,mild,6341.0,4.423,1.1690725780794338,1.104511097191802,20.04,27.45,28.28,1.159,1,3,1.09,0.701,14.3,0.53,218.62,0.175,1,27.71,17.6,1,24.1232,0.18061,1.98671,0.17212,138.39,269.8008416403663,1125372027,63.93009313022212,57.235595996781406,9.743523622637202,11,59.907457734910096,80.40852137580619,1.0,1.0
801,2,mild,6250.7,4.22,1.0847306686388336,1.339332404626744,28.49,18.26,16.12,1.562,1,2,1.25,0.695,16.6,6.12,189.63,0.216,1,49.71,45.4,1,48.3411,0.20085,2.20935,0.26684,79.94,226.9168787550745,716097187,67.55438222997262,56.2765014546336,5.431362695298267,5,41.50539451429056,54.020515103897296,1.0,1.0
306,0,mild,5722.8,4.512,0.9301038346643994,0.8869498098403743,20.54,83.0,12.94,1.821,1,3,1.303,0.715,8.3,14.09,271.29,0.143,1,27.67,31.9,0,,,,,,,93357856,62.60061024339617,52.04062475061595,9.7576089477151,0,,,,
1468,3,strong,5990.8,4.306,0.9722747893846996,1.14768737017173,13.43,65.11,28.75,1.403,1,5,2.712,0.555,11.8,-1.98,164.91,0.082,1,4.647,345.3,1,39.5649,0.30808,3.3888800000000003,0.22512,6.66,727.0757978349269,17149387,66.30338823901674,361.979575295726,58.10050346100212,6,31.736165863595623,176.14435182617592,1.0,1.0
864,2,mild,5322.9,4.538,0.9043326956686604,0.8436009136878277,29.57,67.81,5.74,1.387,1,1,1.24,0.664,20.7,16.26,71.26,0.214,1,34.12,47.6,1,48.0741,0.25912,2.85032,0.25022,309.89,951.9796598661686,345317988,60.69765508219498,88.58634178077652,7.913043364105419,5,116.52380236095524,206.1532828327154,1.0,1.0
695,1,strong,5458.2,4.522,0.9254181730288104,0.8713066659492057,12.92,84.14,111.9,2.912,1,3,2.46,0.549,15.5,-29.88,141.13,0.08,1,1.612,278.4,0,,,,,,,516354337,60.87900656501639,240.52582241616057,167.48947864967548,0,,,,
1237,3,strong,5447.4,4.532,0.9254181730288104,0.8644699073962916,17.3,42.41,73.46,4.16,1,2,2.69,0.463,21.7,10.18,284.29,0.111,1,1.358,102.1,1,34.8162,0.23506,2.58566,0.20335,295.41,746.0322228297763,1656853679,61.1374281121996,267.0502353734502,198.81667126898148,7,40.47188713986765,181.35606868846105,1.0,1.0
811,2,mild,6218.2,4.254,1.108158976816778,1.3015670353386304,24.15,71.38,6.47,1.418,1,2,1.265,0.714,17.1,1.77,95.66,0.172,1,36.74,18.5,1,34.5785,0.27176,2.98936,0.21495,36.6,439.88369902702846,1827584991,66.82500572838248,78.23567298606639,7.348749036017334,7,75.57250264658092,116.35873440203306,1.0,1.0
961,2,mild,5208.7,4.438,0.9371323271177828,0.9684038406808596,32.24,87.36,6.8,1.628,1,3,1.197,0.72,14.9,-3.86,111.3,0.202,1,23.15,27.0,1,4.5136,0.09377,1.03147,0.05231,8.85,94.60513457341987,1602595006,63.11771768279645,48.54513558574699,11.662766288694463,59,38.51934234580699,48.5946574273458,1.0,1.0
36,0,mild,5372.5,4.443,0.9090183573042492,0.944158967843738,22.59,87.12,14.36,2.484,1,1,0.52,0.799,12.4,15.89,316.94,0.136,1,42.06,31.8,0,,,,,,,507408443,63.003504443778965,36.673476571081,6.419235368123558,0,,,,
1093,2,mild,5563.4,4.434,0.9886746051092608,1.001025360670931,33.3,56.52,16.49,1.581,1,2,1.065,0.696,11.7,-13.42,32.29,0.175,1,21.09,21.2,1,3.6016,0.14966,1.6462599999999998,0.04581,154.74,225.53876773454348,2073111585,63.96298520514959,62.18262625874231,12.80194592618667,74,89.08748725471081,124.2477072006916,1.0,1.0
285,0,mild,5386.5,4.387,0.983988943473672,1.0539658941847136,30.43,65.22,7.51,1.373,1,2,0.895,0.712,11.4,-7.93,234.73,0.212,1,27.35,21.4,0,,,,,,,987732391,64.4830975462613,36.42018138604546,9.871774756244127,0,,,,
1252,3,strong,5626.4,4.325,1.030845559829561,1.1580414888909232,12.81,75.58,37.58,3.267,1,2,2.81,0.472,9.0,2.43,259.07,0.09,1,2.213,211.7,1,40.7106,0.09431,1.03741,0.23396,108.58,66.92172605080535,1741440565,65.33737437895213,239.22004607369792,122.00318101368136,6,4.332650625900014,16.4441947462852,0.0,1.0
1362,3,strong,6349.3,4.445,1.096444822727806,1.0539447350193618,17.13,68.6,45.4,4.983,1,2,2.12,0.459,20.5,-11.94,109.56,0.081,1,5.726,283.2,1,3.758,0.18855,2.07405,0.04878,252.05,322.9366072618004,660114248,64.4687312028905,252.97372233451415,47.15212008090759,71,43.367242308927565,175.61100811271004,1.0,1.0
1032,2,mild,6322.0,4.418,1.1690725780794338,1.106149247364664,22.26,63.97,6.86,1.445,1,3,1.347,0.757,16.1,-9.94,253.88,0.171,1,58.73,92.1,1,15.6285,0.30205,3.32255,0.12887,257.72,752.3676366409111,1253494771,64.47374296894063,108.5437238865082,4.597191206934733,17,131.40122743565962,257.30111745429565,1.0,1.0
182,0,mild,5485.3,4.205,1.1936723016662756,1.4014060627445528,21.43,52.42,12.83,1.179,1,1,1.57,0.684,15.2,1.54,66.29,0.151,1,39.74,17.2,0,,,,,,,1804306978,66.99455339622253,51.95729677335256,6.793986904460917,0,,,,
137,0,mild,5858.7,4.397,0.974617620202494,1.031569712376135,27.09,66.94,19.53,0.92,1,3,1.38,0.751,13.0,9.41,159.07,0.146,1,22.71,20.8,0,,,,,,,1007456384,64.05632058128873,51.90029097451092,11.88872917583782,0,,,,
1455,3,strong,5626.5,4.291,1.0636451912786833,1.2248784970221072,15.65,52.97,49.77,3.488,1,4,2.555,0.473,15.3,4.38,81.75,0.125,1,1.361,257.3,1,5.025,0.20358,2.23938,0.05861,54.42,278.7302350638748,1855868488,66.40700070269678,321.04444117949345,198.3784273205561,53,29.287315130644,144.5867040041616,1.0,1.0
1141,3,strong,6293.2,4.397,1.1690725780794338,1.1339266261413372,9.41,64.1,63.9,4.813,1,2,2.52,0.621,11.8,-17.63,93.1,0.074,1,1.977,201.6,1,4.4205,0.22389,2.46279,0.05553,11.29,393.3683085631195,51436529,65.05919169178871,152.57387671329832,136.56704076038284,61,81.2559571899221,207.15888941015865,1.0,1.0
1176,3,strong,5440.6,4.357,1.0800450070032448,1.1410625924259497,17.58,43.53,78.62,3.517,1,4,2.728,0.495,21.1,0.69,99.41,0.108,1,3.751,622.9,1,6.7792,0.34405,3.78455,0.07192,146.78,917.3267759705072,828619000,67.10523304346087,430.921934623532,71.97894950233987,39,62.89981895686015,408.78470610481855,1.0,1.0
198,0,mild,5882.3,4.282,1.1561870085815644,1.2868261754507344,30.95,64.51,36.02,2.032,1,3,1.327,0.744,17.3,5.16,109.41,0.179,1,38.66,30.0,0,,,,,,,38391933,65.77582028899084,52.65273711945167,6.98378271037964,0,,,,
506,1,strong,5737.9,4.531,0.9324466654821938,0.8660193478529917,9.42,77.73,120.98,4.201,1,3,2.267,0.548,8.4,11.3,163.59,0.09,1,5.889,613.8,0,,,,,,,218185036,62.07274018476014,272.59791965141346,45.847009608299686,0,,,,
109,0,mild,5866.3,4.409,0.9863317742915458,1.025554091374301,31.88,86.08,23.94,2.285,1,3,1.373,0.682,17.7,-3.5,202.07,0.161,1,22.88,63.9,0,,,,,,,992626921,63.81585291722158,89.75230382301838,11.800395086681682,0,,,,
1490,3,strong,6008.9,4.452,1.0449025447363278,1.0051181017230697,13.12,88.91,74.05,1.624,1,2,1.85,0.439,14.5,-27.51,265.59,0.069,1,2.2,116.1,1,10.0762,0.10618,1.16798,0.09265,10.0,112.60330436809691,623788999,63.0209781899968,142.07855734143993,122.72410890148949,26,17.833512046505938,43.9826983444876,1.0,1.0
184,0,mild,5855.4,4.243,0.9781318664291856,1.2367251845294047,25.89,34.41,9.59,2.194,1,2,1.31,0.681,13.1,12.84,257.43,0.153,1,50.56,28.0,0,,,,,,,1657959702,66.95892076461747,55.11849744670767,5.340052206947723,0,,,,
1203,3,strong,6322.6,4.326,1.1690725780794338,1.2371215927810373,10.42,17.02,110.41,1.049,1,5,1.934,0.536,8.4,-18.52,184.71,0.101,1,1.466,143.7,1,7.9338,0.12082,1.32902,0.08201,345.86,96.23936983565213,1000043459,65.75221265902813,133.23233870029694,184.16987693265816,34,19.07859077175242,43.11004746748192,1.0,1.0
1172,3,strong,5213.0,4.467,0.9043326956686604,0.9271938854670052,18.05,62.28,71.41,2.268,1,5,2.576,0.523,17.4,-8.36,113.38,0.101,1,1.445,434.4,1,4.3613,0.21563,2.37193,0.05052,284.81,545.7291222813597,736165809,65.90209629322693,300.1121540954739,186.8463941752781,61,57.30368324790893,267.1733937392148,1.0,1.0
983,2,mild,5848.1,4.219,1.1690725780794338,1.378739664768204,32.12,62.9,17.22,1.458,1,1,1.17,0.752,8.0,-18.61,278.01,0.186,1,26.8,64.6,1,8.2683,0.18208,2.00288,0.0843,121.69,175.97858922289052,423340099,66.57226490202896,53.78602801963991,10.074367148629731,32,62.4536157476873,80.29014394311476,1.0,1.0
564,1,strong,5297.1,4.371,1.0097600824694108,1.0840548951161253,19.73,42.94,69.58,2.275,1,5,2.162,0.583,20.0,17.68,107.71,0.111,1,1.778,553.0,0,,,,,,,1915739498,64.71068243602522,371.4597334208469,151.85210325268665,0,,,,
1220,3,strong,5265.3,4.2,1.1936723016662756,1.3863982481318544,9.87,11.78,27.12,2.042,1,3,2.38,0.448,6.8,21.76,160.36,0.11,1,1.869,281.4,1,3.2894,0.29918,3.29098,0.04592,48.51,469.8822027445924,832960333,68.1456303591758,205.48795066298683,144.45855515424122,82,90.43827092882724,287.31457615228805,1.0,1.0
818,2,mild,5998.7,4.292,1.0941019919100112,1.238278002325182,26.58,18.34,13.83,1.64,1,3,1.617,0.767,10.1,-6.38,213.58,0.187,1,71.38,17.4,1,19.054,0.29651,3.26161,0.14386,128.77,578.551809282739,80040843,66.64858508966206,83.38088832857004,3.782474636918981,14,119.91533165119692,192.0567750755198,1.0,1.0
1268,3,strong,6182.3,4.351,1.1655583318527425,1.192461553215802,12.85,29.41,123.7,2.166,1,5,2.52,0.5,13.1,0.04,85.57,0.08,1,2.313,103.1,1,4.3908,0.17759,1.95349,0.05523,91.39,223.79383852870265,968302850,65.61870762733545,212.4308614565332,116.72850825044397,61,35.34382602941716,119.7548169968386,1.0,1.0
1347,3,strong,5778.6,4.303,1.0812164224121417,1.2137506374915694,16.35,70.06,30.61,3.389,1,2,2.425,0.558,14.4,10.02,175.05,0.108,1,4.795,964.5,1,5.5118,0.29515,3.2466500000000003,0.06268,58.81,596.6594387311694,553417706,67.60107958942353,382.9944436205114,56.30720324990133,48,50.70352185041254,291.70163399310616,1.0,1.0
1164,3,strong,5869.3,4.449,1.0027315900160276,0.9893953843090022,18.79,89.76,109.6,4.007,1,5,2.246,0.531,17.4,-2.54,224.64,0.087,1,1.116,173.4,1,28.776,0.32098,3.53078,0.18395,54.71,1061.979339228402,218756841,64.03409941405464,289.4009529694944,241.9292469384201,9,61.74494208104728,285.80450208674165,1.0,1.0
504,1,strong,6116.9,4.55,1.0472453755541222,0.962121661267732,8.56,32.8,35.92,1.58,1,2,2.465,0.592,7.7,-4.38,91.43,0.129,1,2.377,270.1,0,,,,,,,351456040,63.0986201027992,100.49190564808322,113.5856287687324,0,,,,
922,2,mild,5485.7,4.268,1.1468156853103866,1.3011375422937022,26.29,48.77,8.27,1.853,1,2,1.745,0.752,13.8,13.27,163.85,0.225,1,62.73,20.6,1,26.4518,0.29274,3.22014,0.18186,44.56,510.760852635916,33421635,66.18217255400026,89.59575579143863,4.304049730324834,10,92.10464107052564,155.01805253628115,1.0,1.0
1213,3,strong,5479.6,4.283,1.1093303922256754,1.2600115296006489,13.15,30.94,130.96,4.34,1,4,2.417,0.533,11.4,1.55,264.97,0.112,1,3.037,167.3,1,5.234,0.15334,1.68674,0.06107,136.91,149.43824611402715,1667868167,65.97099324072552,239.0904032378984,88.90123134121728,51,20.64514643064597,77.61762964527402,1.0,1.0
1491,3,strong,5860.8,4.254,1.000388759198233,1.2356913892998649,8.96,87.07,58.95,4.375,1,3,2.32,0.549,7.5,-4.72,232.14,0.109,1,2.665,105.5,1,4.8195,0.17208,1.89288,0.05585,146.22,195.677385123058,232893259,67.29810241704332,171.26777087792345,101.31070903687689,56,37.9423945287064,103.7471541660344,1.0,1.0
247,0,mild,5471.8,4.486,0.9277610038466048,0.9123649365748904,24.01,89.65,25.04,1.162,1,1,1.59,0.704,5.3,-14.09,127.23,0.245,1,34.1,25.7,0,,,,,,,832531839,62.88985226360885,41.553229839631776,7.917684445257386,0,,,,
186,0,mild,5848.2,4.523,0.974617620202494,0.8960711178787525,28.09,25.61,18.04,0.646,1,1,0.65,0.758,19.7,-11.23,116.35,0.144,1,45.38,31.8,0,,,,,,,229280217,62.91892482253688,36.8155250765905,5.94960422175577,0,,,,
438,1,strong,6032.2,4.2,1.194843717075173,1.4530971238891328,8.83,22.01,87.39,4.212,1,4,2.175,0.482,9.6,-4.45,138.22,0.1,1,1.089,157.0,0,,,,,,,597257586,67.96361531637145,128.6388234511088,247.92749273028176,0,,,,
949,2,mild,6287.1,4.467,1.096444822727806,1.0326276845101443,32.98,76.55,5.99,2.296,1,2,1.445,0.764,10.4,-7.13,78.4,0.175,1,31.59,23.4,1,3.3021,0.13375,1.4712500000000002,0.04475,301.09,169.2777723330952,842807761,63.383341283453206,59.69193989514526,8.546788210929941,81,70.52573622676161,96.87764919494845,1.0,1.0
573,1,strong,5974.0,4.244,0.9722747893846996,1.2327287413606465,10.38,66.34,75.18,2.347,1,4,2.36,0.535,9.8,6.42,157.19,0.1,1,1.036,115.2,0,,,,,,,201730781,67.49966280796352,214.0031313519075,260.61104206880003,0,,,,
950,2,mild,5416.9,4.426,0.9769604510202644,1.0049685961845718,33.85,32.0,7.15,0.757,1,1,0.76,0.767,23.3,-6.66,290.44,0.19,1,26.21,17.0,1,22.4156,0.21156,2.32716,0.15438,261.89,447.1590420324866,982351075,63.412705161398144,59.84832965098106,10.301146111532884,12,99.08303203388796,136.24335321243686,1.0,1.0
1039,2,mild,5299.8,4.424,0.9183896805754272,0.9750937663713868,24.51,71.81,7.77,1.756,1,2,1.3,0.734,8.4,4.25,10.65,0.189,1,30.32,27.6,1,9.3463,0.12094,1.33034,0.08441,105.49,155.21977536017394,1669962846,62.88661538564322,68.66183436493361,8.904783627416784,28,42.32331472965886,62.66287403886636,1.0,1.0
1291,3,strong,5749.4,4.394,1.0285027290118087,1.0679170793854795,14.05,15.02,102.12,2.407,1,5,1.902,0.55,17.4,-0.56,130.86,0.092,1,3.076,226.6,1,22.3618,0.30258,3.32838,0.1568,57.48,810.0377424458384,991516934,64.60114109087147,167.37860169209569,87.77407008559065,12,89.12076870138094,247.50947419267172,1.0,1.0
747,1,strong,5965.1,4.405,0.9968745129715414,1.037681193932027,19.03,52.84,28.39,2.762,1,5,2.254,0.515,17.7,6.99,90.78,0.087,1,5.568,111.2,0,,,,,,,1389442864,63.66011592870158,238.6988641538198,48.49012923550232,0,,,,
1321,3,strong,6014.6,4.538,1.030845559829561,0.9412082390886132,14.77,60.67,38.29,2.441,1,4,2.08,0.476,14.6,-1.43,217.97,0.121,1,1.072,259.7,1,28.7018,0.19049,2.09539,0.18533,253.44,413.3070423820295,1130047813,62.56833857007877,231.9267631063464,251.85917871574333,9,28.774024960784374,110.47195508643212,1.0,1.0
145,0,mild,5312.9,4.254,1.194843717075173,1.3594757581869763,33.98,82.04,24.36,2.345,1,3,1.243,0.718,14.5,-6.89,63.62,0.166,1,61.63,42.4,0,,,,,,,164580272,66.16458012225702,56.3190363551828,4.380870348584729,0,,,,
842,2,mild,5256.6,4.345,1.0495882063719166,1.1368819241147927,20.64,37.83,31.2,1.8,1,3,0.887,0.67,5.4,-8.11,264.18,0.221,1,41.06,57.2,1,29.0606,0.09357,1.02927,0.188,47.76,68.35061368044735,1855810113,64.87108052881574,45.02491543130265,6.575573297205963,9,15.894631686505376,19.34795114908004,1.0,1.0
1196,3,strong,6105.8,4.262,1.1093303922256754,1.2897169100404304,12.82,14.69,108.7,4.934,1,5,2.48,0.549,11.1,-6.75,147.44,0.105,1,2.993,108.6,1,4.9516,0.30811,3.38921,0.05886,99.3,575.8676495913296,1975928335,67.46922536549332,172.14230888572183,90.2081655807808,54,110.08118895787597,301.66548969461644,1.0,1.0
1425,3,strong,5242.8,4.306,1.140958608265676,1.2478919590211066,14.89,23.15,29.19,2.934,1,2,2.515,0.534,14.7,-3.44,139.78,0.106,1,3.673,100.5,1,16.9692,0.17468,1.92148,0.13504,277.93,197.7116570936322,1843261977,65.07477725919325,68.50111256364484,73.50749784461662,15,46.8589867248289,68.03558284132784,1.0,1.0
119,0,mild,5885.5,4.348,1.0437311293274305,1.1312591594854218,28.41,78.6,10.19,1.077,1,1,0.62,0.709,20.8,0.84,154.29,0.202,1,38.07,18.2,0,,,,,,,1961336107,65.38476227236906,35.23224077343171,7.092015749495058,0,,,,
290,0,mild,6238.3,4.238,1.0941019919100112,1.3158205414866837,28.96,63.25,7.33,2.193,1,2,1.36,0.676,13.3,-6.8,213.0,0.204,1,67.09,65.1,0,,,,,,,513110255,67.069584227466,53.72118108181648,4.024341028219956,0,,,,
401,1,strong,5670.3,4.449,0.9183896805754272,0.9455797177916142,19.43,50.65,43.05,4.971,1,5,1.92,0.566,21.4,-1.32,128.24,0.088,1,4.094,455.5,0,,,,,,,68498733,63.39203230079095,215.63749391174397,65.94847083128404,0,,,,
32,0,mild,5422.2,4.397,0.9781318664291856,1.0408599357896138,21.53,78.1,19.44,2.411,1,2,0.875,0.664,13.8,-18.16,64.38,0.147,1,34.08,15.8,0,,,,,,,573395897,63.56318222322398,44.17890191578749,7.922330973687702,0,,,,
229,0,mild,5549.5,4.377,0.9043326956686604,1.0195228582456808,27.3,71.64,17.44,1.375,1,3,1.343,0.745,10.1,2.01,163.9,0.187,1,57.6,18.9,0,,,,,,,758465088,64.13949216061576,53.07513309907316,4.68737915943189,0,,,,
206,0,mild,5717.5,4.304,1.0812164224121417,1.2123146201893693,31.45,30.41,8.33,0.67,1,2,1.255,0.746,20.5,7.57,209.31,0.177,1,40.18,16.2,0,,,,,,,491545729,65.43731838093778,44.291293508647634,6.71958784428265,0,,,,
46,0,mild,5767.3,4.533,0.983988943473672,0.8874770747686305,25.14,82.8,7.23,1.856,1,3,1.13,0.708,16.8,8.66,189.8,0.208,1,32.15,23.0,0,,,,,,,1413544401,61.97231604587627,55.99291335521605,8.397917249868643,0,,,,
454,1,strong,6063.8,4.414,1.1058161459989837,1.0766467773571469,18.88,33.66,124.62,3.077,1,2,2.57,0.571,20.8,-21.39,217.62,0.113,1,3.994,193.1,0,,,,,,,1423057482,63.688692166341546,146.28368122211185,67.59965938489655,0,,,,
1209,3,strong,6342.0,4.467,1.096444822727806,1.0363506701165113,10.26,71.9,36.29,3.384,1,3,2.25,0.493,10.2,8.54,216.79,0.101,1,1.824,826.9,1,16.4507,0.22359,2.45949,0.13053,33.41,469.66821374417583,1136755489,64.6535299607453,316.9512332534115,148.02249977153338,16,30.646171500656504,153.33067228474272,1.0,1.0
277,0,mild,6264.2,4.422,1.1843009783950975,1.105023344921046,26.05,36.12,6.89,1.303,1,1,1.81,0.708,8.7,-14.54,330.69,0.158,1,21.45,15.2,0,,,,,,,791609139,63.13620025598024,34.254606690845605,12.58708809246046,0,,,,
906,2,mild,6194.9,4.3,1.0683308529142723,1.2110484156276409,23.09,28.99,6.93,0.942,1,1,1.83,0.624,16.8,13.07,153.27,0.125,1,22.26,46.8,1,24.9038,0.34712,3.81832,0.17062,299.47,828.9649051195375,2074707330,65.83076629245753,121.53901549607956,12.129067366724028,10,116.42574942968972,244.4547328551898,1.0,1.0
1296,3,strong,6279.8,4.506,1.096444822727806,1.0290457566398423,17.55,44.1,128.77,2.102,1,4,2.183,0.52,16.3,20.45,148.85,0.101,1,4.271,192.0,1,6.9631,0.16829,1.85119,0.07359,324.24,269.8653530203787,2016945347,63.66154554980307,333.271247828359,63.21541549596743,38,22.33894182129441,119.05991199369606,1.0,1.0
739,1,strong,5932.0,4.285,1.0027315900160276,1.193872423575968,9.74,42.61,39.72,4.312,1,5,2.272,0.513,8.8,-7.13,208.03,0.11,1,1.64,338.2,0,,,,,,,455359239,66.73912056636092,167.13404089928898,164.62990218492493,0,,,,
584,1,strong,6135.5,4.511,1.0941019919100112,0.9978397758404838,19.81,58.73,52.53,3.599,1,3,1.597,0.596,20.5,-18.79,114.87,0.098,1,2.245,342.5,0,,,,,,,91237032,62.880411369542415,146.10991061060835,120.26416017072464,0,,,,
310,0,mild,5726.0,4.229,1.1690725780794338,1.360936012239626,31.98,67.02,31.5,1.327,1,1,0.57,0.726,23.9,-7.31,231.44,0.208,1,63.38,25.2,0,,,,,,,1287915951,66.61726290054793,48.49219188286554,4.259909113021092,0,,,,
1274,3,strong,5264.8,4.488,0.903161280259804,0.8900660772710814,17.31,46.97,51.89,3.986,1,5,2.486,0.477,17.3,-18.83,92.22,0.123,1,2.238,277.9,1,23.9735,0.25303,2.78333,0.15728,204.9,815.4539009384192,1043913294,60.9721531232742,146.01397570803869,120.64032152961433,11,91.92239053835436,238.5540863527489,1.0,1.0
719,1,strong,5993.8,4.386,1.065988022096431,1.095598835602523,19.67,58.06,36.11,1.481,1,3,2.217,0.535,13.5,9.9,121.2,0.069,1,2.089,464.1,0,,,,,,,2024473701,64.41308387586459,219.34234951359107,129.24511229453176,0,,,,
338,0,mild,5843.5,4.488,0.983988943473672,0.9360744408318008,28.23,39.97,6.77,0.658,1,3,0.903,0.689,12.0,4.47,142.22,0.174,1,34.34,20.6,0,,,,,,,94074289,62.857213744122014,40.61442457061843,7.862348269751801,0,,,,
175,0,mild,5983.2,4.413,1.0542738680075054,1.0582395855626654,34.39,62.27,14.39,1.965,1,3,1.153,0.652,20.0,6.96,95.58,0.166,1,43.7,19.2,0,,,,,,,132274386,63.83399022342236,57.61178060090745,6.17833042524661,0,,,,
591,1,strong,5718.3,4.355,0.9675891277491108,1.0812866974744273,10.14,70.29,43.14,4.259,1,5,2.134,0.564,11.2,2.82,150.89,0.109,1,2.84,593.4,0,,,,,,,1772309139,65.09644276237658,279.62594091614847,95.06797168425244,0,,,,
365,0,mild,5474.6,4.275,1.129244454176928,1.282411408714483,29.34,80.78,7.09,1.225,1,3,1.55,0.717,12.5,-1.15,151.99,0.203,1,28.66,36.4,0,,,,,,,1399341549,66.09863412850379,73.417037992076,9.420552672131084,0,,,,
1461,3,strong,6350.9,4.451,1.096444822727806,1.050218315818066,19.0,23.14,72.83,2.077,1,4,2.348,0.551,19.2,1.05,206.2,0.092,1,1.237,108.0,1,24.137,0.30574,3.36314,0.16855,6.01,855.1557661163325,502874513,64.12542792585506,145.04104600727672,218.26438123142836,11,101.27162732679994,250.4480540229451,1.0,1.0
14,0,mild,6135.4,4.425,1.1761010705328172,1.100914579295636,31.68,19.05,6.61,1.572,1,2,1.505,0.699,12.2,-7.34,84.11,0.185,1,33.84,36.0,0,,,,,,,688690082,63.29114420939866,35.626464733773766,7.97851771818194,0,,,,
1348,3,strong,6198.8,4.311,1.0683308529142723,1.1960861886276208,18.88,62.17,56.29,2.394,1,5,2.066,0.463,21.8,8.54,208.09,0.097,1,3.037,261.6,1,30.7921,0.13248,1.45728,0.19655,346.8,123.78715166003356,1771479597,65.71463250584709,312.62186163119736,88.90123134121728,8,6.927335965339435,33.67537665062689,0.0,1.0
840,2,mild,5507.2,4.365,1.0238170673761682,1.0979043916083564,30.81,48.45,36.26,0.584,1,2,1.09,0.694,15.3,13.66,203.06,0.185,1,29.12,23.9,1,17.8518,0.15505,1.70555,0.13473,272.94,201.24003250249416,1288159050,64.59980318131234,71.41986077152357,9.271738996678463,15,45.07171669875937,67.19003033610056,1.0,1.0
1197,3,strong,5675.3,4.394,0.9019898648510196,0.998195088037472,16.76,74.9,60.99,2.394,1,3,2.133,0.529,20.6,-11.23,259.65,0.075,1,2.751,264.8,1,36.8527,0.31756,3.49316,0.2094,290.51,1021.2230573852734,1778587259,64.56544372170711,219.39220211018448,98.14359853990436,7,72.30163928921353,256.0976753631336,1.0,1.0
759,2,mild,5502.0,4.238,1.194843717075173,1.3720068628213131,29.43,86.31,14.36,0.81,1,2,1.215,0.709,21.5,-13.71,306.53,0.194,1,39.5,21.3,1,3.8722,0.1148,1.2628,0.05121,349.34,70.64331827451483,820263077,66.40119590154507,71.5021899614913,6.835266824893085,69,28.28189740689889,41.56133388840431,1.0,1.0
205,0,mild,6124.7,4.207,1.140958608265676,1.3879571013707095,26.83,83.46,18.08,1.421,1,1,1.1,0.694,8.4,-7.14,212.04,0.218,1,40.88,59.0,0,,,,,,,1697399568,67.52743522090869,43.21850604292049,6.604526408592878,0,,,,
245,0,mild,6018.1,4.289,1.108158976816778,1.2527473992345148,30.82,55.96,7.84,2.158,1,1,1.55,0.761,9.7,11.16,30.96,0.151,1,26.05,24.5,0,,,,,,,1412520949,66.06827221318612,47.64404609466972,10.364416106843642,0,,,,
386,1,strong,5577.0,4.541,0.9582178044779328,0.869757306697665,12.79,58.49,61.71,3.984,1,4,2.53,0.494,15.5,2.5,260.68,0.111,1,4.212,159.6,0,,,,,,,1227847621,60.55589601168993,282.2617989900205,64.10091158197457,0,,,,
632,1,strong,5791.5,4.297,0.9582178044779328,1.1508414628111137,20.5,32.74,89.45,2.617,1,5,2.168,0.511,18.4,-4.7,225.97,0.09,1,1.949,255.0,0,,,,,,,187566930,65.62899010967296,171.7802467971901,138.52900953477518,0,,,,
455,1,strong,5709.7,4.256,1.190158055439584,1.3449645176255065,12.38,37.52,40.21,3.724,1,2,2.125,0.544,12.7,19.8,215.03,0.115,1,1.563,166.9,0,,,,,,,2144311301,66.27210381347886,165.5188471971644,172.74026844739404,0,,,,
931,2,mild,5738.4,4.383,1.0074172516516164,1.0684566935074489,21.31,53.94,28.09,2.368,1,2,1.35,0.745,9.1,-0.94,167.94,0.189,1,27.88,17.9,1,8.6744,0.28748,3.16228,0.08283,297.06,730.4681866923737,511430866,65.93887801650979,126.0161092875096,9.684111893230876,31,139.6710366759399,301.259830178578,1.0,1.0
355,0,mild,6122.9,4.353,1.0812164224121417,1.1460377726436846,22.94,63.97,30.11,0.614,1,2,1.63,0.695,7.7,8.46,98.77,0.153,1,55.67,24.0,0,,,,,,,1254430197,65.02034915620108,63.40771916178343,4.849883951558772,0,,,,
1367,3,strong,6146.3,4.507,1.0941019919100112,0.9978397758404838,8.23,31.34,30.55,4.965,1,2,2.335,0.559,10.2,-15.97,190.82,0.096,1,1.324,285.2,1,18.7846,0.11274,1.24014,0.1425,147.95,128.80547383464364,1189221185,62.95153097324406,112.00638045977912,203.9222353348013,14,19.86331621008349,40.541233518544125,1.0,1.0
736,1,strong,6321.4,4.316,1.1690725780794338,1.2371215927810373,18.94,59.72,92.33,4.912,1,3,2.267,0.559,19.4,-11.17,98.4,0.096,1,1.655,215.5,0,,,,,,,166215399,65.32777703578402,252.8378462045864,163.13778826784102,0,,,,
1370,3,strong,5622.4,4.378,0.9371323271177828,1.03590963028313,12.21,85.56,74.75,1.032,1,5,2.59,0.539,13.3,-4.37,128.0,0.11,1,3.728,125.1,1,4.4696,0.32496,3.5745600000000004,0.05197,100.9,992.923874597247,1475674937,69.94775677174741,408.76575890858055,72.423025639291,60,80.83000847756695,479.22614125335485,1.0,1.0
681,1,strong,6194.2,4.319,1.0683308529142723,1.1849950501730206,15.5,49.83,38.43,4.522,1,5,2.56,0.535,18.3,2.67,235.91,0.121,1,2.673,707.7,0,,,,,,,1660141730,66.2683921934116,404.7318551722274,101.00749703826295,0,,,,
1456,3,strong,5765.0,4.448,0.9558749736601384,0.9644911865557798,11.34,78.39,60.99,4.196,1,4,2.292,0.523,11.9,24.23,72.95,0.105,1,4.35,106.3,1,25.8547,0.26617,2.9278700000000004,0.16856,62.92,768.4605273111292,1366039569,63.99647610250072,278.0965401065629,62.067365421442965,10,47.82372605569905,213.24958372175567,1.0,1.0
1083,2,mild,5931.8,4.301,1.0027315900160276,1.1726006104842637,30.22,22.1,24.83,2.261,1,3,1.213,0.69,12.2,-11.71,238.66,0.181,1,20.44,59.6,1,26.3156,0.3075,3.3825,0.1733,267.77,693.8888205288031,1312186911,66.28506750973123,91.47949260304202,13.209052817185755,10,119.6714706374012,203.95663120474995,1.0,1.0
1256,3,strong,5768.2,4.331,0.9219039268021187,1.0850835746670564,10.96,83.17,123.47,1.952,1,5,2.168,0.595,8.1,-0.02,212.37,0.101,1,1.766,149.0,1,6.24,0.09808,1.07888,0.06456,183.68,82.43932318467334,393635333,65.44121342408977,234.77004337627477,152.88394087388272,43,10.488395617069449,39.06152597270234,1.0,1.0
1110,2,mild,5788.6,4.255,1.1655583318527425,1.331844758811601,32.08,76.01,5.31,1.242,1,1,1.97,0.634,20.3,12.66,77.13,0.182,1,65.46,78.0,1,45.1416,0.16247,1.78717,0.26112,300.69,150.15473476016095,803182418,65.89549306217704,97.28140708090312,4.124549947804414,5,20.020563845318268,35.69873016444404,1.0,1.0
280,0,mild,6115.2,4.335,1.1058161459989837,1.182881267708626,21.98,73.36,30.09,0.501,1,1,1.05,0.744,8.9,-7.29,88.19,0.129,1,20.15,27.5,0,,,,,,,1199189565,65.11559968513654,48.14490128811345,13.39915829197404,0,,,,
715,1,strong,5923.4,4.484,1.0905877456833195,0.990031825024515,13.78,77.18,122.85,2.899,1,3,2.153,0.572,13.9,-8.14,174.67,0.124,1,3.026,138.9,0,,,,,,,359332944,63.02338966408119,197.03370840998247,89.2244017129137,0,,,,
193,0,mild,5506.9,4.542,0.9769604510202644,0.8775469033346743,20.49,44.33,22.93,2.046,1,1,0.76,0.689,14.8,6.21,281.88,0.19,1,63.04,25.2,0,,,,,,,408152646,60.83826506102224,38.64298461109197,4.282884511156042,0,,,,
1443,3,strong,5435.3,4.366,0.974617620202494,1.0709567801521185,12.12,69.01,133.31,1.218,1,5,2.304,0.468,14.1,9.49,164.04,0.094,1,2.617,456.3,1,23.5559,0.15799,1.73789,0.15945,22.86,219.59133096090787,523177221,64.91374797519944,410.6695062779753,103.16891080751888,11,10.17359033702743,65.16117135308136,1.0,1.0
123,0,mild,5404.5,4.425,0.9675891277491108,0.996345368783078,34.58,65.87,8.36,0.999,1,1,1.79,0.661,17.4,-19.51,200.33,0.249,1,40.69,47.8,0,,,,,,,818851703,63.2316180236106,47.38526920012667,6.635365927335386,0,,,,
1402,3,strong,5735.4,4.322,1.0730165145498611,1.184999164464875,14.17,42.18,56.55,4.771,1,5,2.214,0.579,14.4,6.57,128.61,0.1,1,5.257,461.4,1,8.0662,0.20899,2.29889,0.08059,148.77,313.84470497666865,1685421577,65.71155747177974,245.2886293831316,51.3587672785385,33,35.70239180826684,137.96956287156,1.0,1.0
1482,3,strong,5582.7,4.482,0.9019898648510196,0.9002857370338654,8.58,71.44,48.06,3.915,1,3,2.097,0.523,9.7,6.54,270.35,0.124,1,5.499,322.2,1,43.0956,0.16738,1.84118,0.23243,72.59,348.77574063076094,19802039,62.79377093599554,212.1918735761029,49.09857057342733,6,23.030830878134463,81.16171503537181,1.0,1.0
131,0,mild,6097.3,4.36,1.112844638452367,1.1535132192104316,26.22,75.61,14.91,1.135,1,1,1.12,0.642,11.7,17.23,13.04,0.192,1,47.34,24.6,0,,,,,,,1381191782,64.49478267571726,36.90184598610733,5.703275022882908,0,,,,
1212,3,strong,5958.0,4.487,1.0449025447363278,0.9641990810964728,17.92,48.11,96.89,2.195,1,3,2.177,0.584,17.3,19.45,101.77,0.103,1,5.594,137.4,1,15.0305,0.12606,1.38666,0.12095,133.61,172.47297763225572,1704053506,63.17449252231372,172.7056273257913,48.26475502024971,17,19.544297891463152,56.8923506462348,1.0,1.0
1447,3,strong,5740.9,4.303,0.9183896805754272,1.118650075095233,15.54,54.5,58.02,1.089,1,2,1.995,0.51,14.2,15.67,124.67,0.086,1,3.892,1132.9,1,7.8226,0.10007,1.10077,0.07496,285.66,80.74565642293736,889162394,67.08696086734484,386.2318029220545,69.37128457946477,34,5.991575647354002,35.01107780482348,0.0,1.0
994,2,mild,5304.9,4.366,1.0425597139185332,1.1100654190755448,30.7,29.8,13.37,2.437,1,3,1.34,0.761,18.8,-2.75,143.89,0.184,1,23.0,20.2,1,8.3072,0.14833,1.63163,0.0814,272.7,180.16097699122892,113178909,64.31181814870965,48.455525969058336,11.73882780796856,32,62.20133227434972,77.88048710665743,1.0,1.0
1392,3,strong,5539.0,4.355,1.0343598060562529,1.1175363926065134,17.9,52.48,76.87,2.812,1,3,2.057,0.582,20.6,-13.74,140.85,0.106,1,3.004,205.2,1,5.0047,0.1034,1.1374,0.05791,354.68,86.38087719692919,362578822,64.92758023370592,152.81376443500912,89.87784273744236,53,17.186528640096956,43.94998401616361,1.0,1.0
677,1,strong,6195.8,4.274,1.0683308529142723,1.245088893539364,18.96,51.19,116.98,4.507,1,3,2.343,0.544,17.2,-0.34,201.25,0.101,1,1.305,194.1,0,,,,,,,144745444,66.57798878123153,180.98293684468717,206.89121807147652,0,,,,
979,2,mild,5354.5,4.354,1.0542738680075054,1.1314352315176643,26.78,39.71,33.43,1.052,1,2,1.12,0.756,10.3,3.93,83.52,0.181,1,27.95,24.2,1,7.3312,0.13529,1.48819,0.07517,355.44,144.2686207043594,1248632174,64.94758413953356,53.52062422194731,9.659858303516168,36,49.88779471471272,64.6441262950164,1.0,1.0
100,0,mild,5404.0,4.486,0.903161280259804,0.9013977029480308,28.76,83.21,8.65,2.359,1,1,1.35,0.75,6.8,12.64,24.31,0.198,1,40.68,19.2,0,,,,,,,1989815333,60.88700704838812,41.501882666985296,6.636997039903561,0,,,,
1108,2,mild,6264.6,4.499,1.096444822727806,1.0290457566398423,33.99,54.65,5.72,2.317,1,1,1.04,0.687,11.5,0.22,53.52,0.177,1,32.92,21.3,1,22.4956,0.26386,2.90246,0.16082,240.12,663.4032977968851,416162255,64.21200901663924,82.67608372452983,8.201489659273294,12,121.61262294984832,198.2614548689605,1.0,1.0
364,0,mild,5673.1,4.485,0.9582178044779328,0.9267407157840634,28.64,77.65,29.01,0.888,1,1,1.16,0.621,17.6,2.29,25.2,0.158,1,25.34,31.9,0,,,,,,,1228603828,62.89246873996441,55.4081129707279,10.654816084580776,0,,,,
848,2,mild,5480.6,4.424,0.903161280259804,0.967719834490438,21.35,70.34,12.33,2.232,1,3,1.093,0.683,7.1,-1.1,154.27,0.154,1,30.85,27.9,1,10.7135,0.15204,1.67244,0.09194,294.56,249.06707416675755,1559293003,63.61279277284397,58.56701554045488,8.751800310641064,25,70.61844782616691,95.9904837773278,1.0,1.0
1255,3,strong,5461.4,4.544,0.9066755264864548,0.8435221276284373,20.49,65.87,63.63,3.506,1,3,2.08,0.489,26.4,6.41,145.29,0.086,1,1.994,156.4,1,8.9067,0.14032,1.54352,0.08139,5.45,279.2197120419274,1301584441,61.14641044855424,176.0849798804588,135.40272797556514,30,36.39748041518987,110.95459299658263,1.0,1.0
1234,3,strong,5344.2,4.359,1.0343598060562529,1.114872853198094,18.79,36.27,26.89,2.654,1,2,2.29,0.491,10.2,-33.11,298.86,0.083,1,2.796,203.1,1,9.4779,0.20742,2.28162,0.08864,159.05,349.26129560396714,577737094,64.51664778637513,97.98357519621509,96.56403418572134,28,79.41575558678315,144.40899819278783,1.0,1.0
846,2,mild,5672.4,4.541,1.000388759198233,0.8896447117072934,31.33,69.44,13.7,1.358,1,1,1.42,0.629,14.3,18.25,130.78,0.151,1,39.41,22.0,1,26.8497,0.21057,2.3162700000000003,0.1755,157.47,565.274862951267,1055294718,61.71716914023496,74.28505110557904,6.85087641672867,10,99.70174946462572,156.01783137150875,1.0,1.0
927,2,mild,6107.6,4.223,1.1878152246217897,1.3961881572032784,24.28,58.52,38.44,1.452,1,2,1.435,0.647,8.4,-6.4,152.27,0.183,1,20.76,37.4,1,31.9522,0.15489,1.70379,0.2087,28.41,124.1820262654262,1703386480,67.08389662287071,61.19199523388537,13.005445066631832,8,26.113424773517192,35.345426814143174,1.0,1.0
1202,3,strong,5478.4,4.245,1.194843717075173,1.3700442620584616,16.31,67.36,32.58,1.732,1,5,2.214,0.469,18.0,-6.3,241.87,0.102,1,1.412,184.4,1,48.0154,0.25707,2.82777,0.27435,199.47,355.2495046037442,91851288,66.93242691846875,366.954906607469,191.2132008380148,5,15.226321075662629,84.85509789774626,1.0,1.0
568,1,strong,5765.8,4.293,0.9219039268021187,1.1342320275843971,21.83,71.76,53.36,2.486,1,2,2.175,0.579,22.0,-7.93,266.25,0.127,1,1.827,175.1,0,,,,,,,796445914,66.3559065840092,217.18032705111148,147.7794414796261,0,,,,
1133,3,strong,6285.9,4.384,1.1198731309057504,1.1257492082055678,13.2,67.74,88.0,1.09,1,5,1.998,0.49,10.1,-2.72,242.36,0.075,1,1.83,1010.9,1,42.746,0.24695,2.71645,0.24846,197.22,485.5507651247928,1179063442,66.15347223603828,400.7322316079071,147.5371801001513,6,18.816691856756144,115.52696911012832,1.0,1.0
448,1,strong,6303.6,4.338,1.1198731309057504,1.1865599676090524,9.02,59.52,105.7,4.371,1,3,2.377,0.562,9.9,-3.12,103.1,0.116,1,1.168,363.5,0,,,,,,,344552605,65.95366515401614,255.41201824307652,231.1584243007508,0,,,,
1450,3,strong,6305.1,4.34,1.1198731309057504,1.1838947041502157,14.63,66.36,109.76,1.481,1,2,2.315,0.458,12.0,-5.22,294.04,0.084,1,2.786,191.1,1,38.3018,0.27758,3.05338,0.23093,23.31,554.6896587958566,1889114194,65.90630962937888,193.7450851881271,96.91063875925228,7,46.39882969638326,144.0746307092301,1.0,1.0
278,0,mild,5951.0,4.325,1.021474236558383,1.1503301520602482,21.03,83.34,29.66,0.884,1,1,1.36,0.635,5.4,-0.34,86.94,0.224,1,32.43,39.5,0,,,,,,,263505326,65.23398849672971,47.14670559039503,8.325409792885504,0,,,,
1432,3,strong,5569.9,4.475,0.9675891277491108,0.939703022542381,18.94,76.18,115.72,1.97,1,5,2.382,0.482,24.4,5.56,150.11,0.081,1,1.201,110.7,1,28.2196,0.24228,2.66508,0.17942,27.6,670.739317505681,320696420,63.28830115158551,433.18499395565766,224.80686060222885,9,25.801074135415615,178.47361760073147,1.0,1.0
658,1,strong,5954.6,4.329,1.0074172516516164,1.1375593697107511,21.94,59.18,62.21,3.195,1,5,2.648,0.541,22.7,1.2,133.25,0.084,1,1.211,114.6,0,,,,,,,1429537131,64.96963267327615,357.1116699983561,222.9504868565457,0,,,,
624,1,strong,5505.3,4.253,1.1690725780794338,1.331344276117417,17.75,44.24,118.72,4.606,1,5,2.366,0.562,21.7,4.31,114.07,0.084,1,1.926,122.9,0,,,,,,,1017126261,65.87877458748453,294.7544073600276,140.18330196431822,0,,,,
914,2,mild,5308.2,4.299,1.0636451912786833,1.2080660404421373,23.65,44.49,32.5,2.288,1,2,1.65,0.716,12.7,-1.88,264.2,0.17,1,52.51,17.3,1,4.6009,0.28905,3.17955,0.05526,164.18,577.6496003637103,1218236251,66.71666202807602,127.808500760531,5.141745183456044,58,141.2955635476268,305.33809568646404,1.0,1.0
1430,3,strong,6269.9,4.252,1.0847306686388336,1.2906570805795,14.26,74.34,86.38,3.295,1,4,2.1,0.542,11.1,-15.41,143.99,0.102,1,5.979,125.3,1,13.8444,0.09597,1.05567,0.11594,304.73,55.78907171768336,1402211458,66.89742547806699,211.73807747759392,45.15688904219383,19,6.277412078783349,20.83680639839916,0.0,1.0
862,2,mild,5316.3,4.208,1.1936723016662756,1.3880284091234625,33.74,43.78,20.36,2.059,1,2,1.575,0.725,15.4,3.75,132.2,0.133,1,20.14,53.6,1,35.5183,0.09334,1.02674,0.22432,94.38,45.62877035993273,1875823659,66.44875642845349,56.04802755284295,13.4058113000634,7,9.505955870902612,12.435934772853107,1.0,1.0
275,0,mild,5883.0,4.255,1.1093303922256754,1.298036321196064,20.91,80.03,14.1,1.811,1,3,1.44,0.729,8.5,1.24,293.52,0.224,1,24.68,16.7,0,,,,,,,1430040930,66.08109024993004,51.69586889595997,10.939750388301333,0,,,,
827,2,mild,5342.5,4.533,0.9043326956686604,0.8508528634089901,32.2,32.86,21.96,2.048,1,2,1.38,0.668,10.3,-8.12,283.54,0.195,1,55.6,38.8,1,16.4958,0.35286,3.88146,0.12264,293.56,1735.384892083881,1050330897,64.25088392100653,201.8681721719753,4.855989920562534,16,161.8526362487634,533.6566701919722,1.0,1.0
77,0,mild,5965.9,4.366,1.0894163302746342,1.134398495833561,34.8,19.69,6.08,1.325,1,3,1.14,0.73,17.8,3.58,80.89,0.212,1,66.35,15.4,0,,,,,,,1599383388,64.35230070246655,49.851467703681976,4.069224409695206,0,,,,
880,2,mild,5578.8,4.359,1.0800450070032448,1.141958008261179,30.74,75.58,7.03,2.305,1,1,1.97,0.671,19.5,13.46,166.47,0.169,1,66.86,41.8,1,6.2322,0.35179,3.86969,0.068,333.14,957.561316817577,761932460,67.83635206435584,183.4304118670022,4.038184857661934,43,151.65934270483058,437.2338854308292,1.0,1.0
340,0,mild,6253.2,4.362,1.173758239715023,1.180623315026127,21.45,44.54,6.23,0.896,1,1,1.24,0.755,6.7,-13.54,215.78,0.249,1,72.49,51.3,0,,,,,,,957030773,64.89558369501562,35.20658138680189,3.7245556571013503,0,,,,
146,0,mild,6012.6,4.268,1.1878152246217897,1.3214947945592548,29.72,55.89,13.67,1.379,1,1,1.28,0.638,8.9,18.16,102.55,0.137,1,32.73,20.7,0,,,,,,,1692857350,66.48422721616025,44.15765940333225,8.249099895608827,0,,,,
1294,3,strong,6150.5,4.542,1.0472453755541222,0.96334272354702,10.74,47.05,107.11,2.48,1,2,1.74,0.568,14.7,-6.48,13.21,0.099,1,5.741,100.5,1,41.9847,0.10468,1.1514799999999998,0.24008,278.6,119.1422143101747,671629002,62.73589016317335,141.55634536758802,47.02892171804161,6,11.295855400390348,27.87874548818577,1.0,1.0
494,1,strong,6228.4,4.327,1.108158976816778,1.194346671004295,10.02,77.47,105.71,1.239,1,3,2.473,0.477,10.5,-6.3,180.28,0.094,1,5.989,682.3,0,,,,,,,1464063938,65.66440155461702,345.95510100229865,45.08148932764683,0,,,,
475,1,strong,5398.3,4.26,1.1690725780794338,1.3215774098787534,16.6,27.98,52.7,3.703,1,3,2.59,0.487,17.0,4.95,262.84,0.074,1,4.463,117.4,0,,,,,,,2061760627,66.07161159228733,250.17651479186583,60.49586367539253,0,,,,
52,0,mild,5582.0,4.361,0.9277610038466048,1.0510879303735254,26.37,86.98,5.56,1.845,1,2,1.69,0.739,18.9,4.01,152.08,0.157,1,24.74,27.5,0,,,,,,,253911335,64.57690226970546,69.19961081913927,10.913219061571418,0,,,,
1109,2,mild,5489.5,4.376,0.9968745129715414,1.076057819860632,27.0,81.43,5.83,2.289,1,1,1.96,0.626,17.2,16.19,296.65,0.157,1,20.71,15.3,1,3.1219,0.34044,3.74484,0.04176,227.83,1009.9731540398516,1821051868,73.01108413045985,223.123640519222,13.036844016575415,86,165.21763506548672,531.2532902403304,1.0,1.0
363,0,mild,6350.1,4.307,1.1093303922256754,1.2241605128199564,25.38,64.75,18.29,2.39,1,2,1.955,0.649,12.9,8.19,241.66,0.231,1,68.2,15.7,0,,,,,,,63156640,65.94779022050851,109.2625980968253,3.958842222628693,0,,,,
1067,2,mild,5511.3,4.47,0.9090183573042492,0.9230014174674646,34.82,74.7,36.35,1.711,1,1,0.68,0.668,19.5,7.96,283.6,0.17,1,25.68,65.1,1,29.695,0.11482,1.26302,0.1818,79.25,156.14577273833993,1715489408,63.33270572247744,54.68223960726034,10.513747647323866,9,31.73969006730674,41.93341460157973,1.0,1.0
1208,3,strong,5424.3,4.323,1.0472453755541222,1.1705424001897828,11.1,81.43,40.14,4.561,1,3,2.043,0.541,9.4,3.94,143.79,0.108,1,3.407,116.9,1,17.8885,0.24364,2.68004,0.13594,182.53,437.1422311640647,225877399,65.48330902203287,156.54311522634526,79.24656283630081,15,57.17644248348767,148.16174533779366,1.0,1.0
1248,3,strong,5747.9,4.445,0.9441608195711662,0.9628055003171648,8.66,58.8,61.72,1.295,1,4,2.518,0.496,11.6,-1.78,96.41,0.113,1,1.564,162.7,1,33.0214,0.09334,1.02674,0.19761,116.24,94.83275117344164,1525450996,62.867458462883256,266.0252827132048,172.62982070541997,8,5.746778522197488,24.987460877936403,0.0,1.0
266,0,mild,6248.8,4.379,1.1761010705328172,1.1594944502461504,27.1,30.65,7.55,1.254,1,1,0.91,0.722,12.9,17.65,79.01,0.236,1,22.98,45.1,0,,,,,,,496555150,64.12643675282102,37.8232523761217,11.74904436828881,0,,,,
630,1,strong,5378.6,4.528,0.9277610038466048,0.8651155962549014,17.57,6.51,27.37,4.937,1,5,1.946,0.528,18.0,0.51,222.27,0.116,1,5.008,1000.2,0,,,,,,,837234061,60.49217806893637,359.64775023767845,53.912348159600015,0,,,,
518,1,strong,5815.0,4.482,0.9324466654821938,0.9162963278773808,17.68,48.63,96.1,4.09,1,4,2.183,0.501,15.4,-7.14,248.93,0.082,1,1.189,113.2,0,,,,,,,426525269,62.65567493238826,165.5233488432503,227.07572715162053,0,,,,
353,0,mild,6367.5,4.549,1.096444822727806,1.033060147194224,30.05,75.74,12.79,2.201,1,1,1.75,0.71,18.1,-5.26,11.42,0.169,1,35.99,23.0,0,,,,,,,1703809919,63.46009305481506,64.70761929895156,7.501890513567014,0,,,,
1198,3,strong,6182.2,4.207,1.0472453755541222,1.3342719907229643,16.35,39.06,83.83,2.706,1,3,2.24,0.498,14.0,20.37,186.33,0.086,1,3.311,123.0,1,8.5923,0.3385,3.723500000000001,0.08337,57.74,649.4242321502162,1009425664,69.06062562770536,233.86717391838727,81.5442584063053,31,80.28503651640187,283.4838555821871,1.0,1.0
603,1,strong,6353.3,4.294,1.1093303922256754,1.242519650628925,12.1,48.63,49.92,1.659,1,4,2.428,0.553,11.7,2.48,108.78,0.083,1,1.067,380.1,0,,,,,,,661296943,66.81423771435013,227.21031033576665,253.0393997968856,0,,,,
